2026-05-24 21:35:54,317 [Worker-7: Loading available Gradle versions] INFO  o.e.b.c.i.u.g.PublishedGradleVersions - Gradle version information cache is not available. Remote download required.
2026-05-24 21:36:53,774 [Worker-16: Launching mavenrun-2b1f99dc-465e-4940-9c6a-e1db06af7675] INFO  o.eclipse.m2e.core.internal.Bundles - getClasspathEntries(Bundle=org.eclipse.m2e.maven.runtime_3.9.900.20250220-2013 [640])
2026-05-24 21:36:53,788 [Worker-16: Launching mavenrun-2b1f99dc-465e-4940-9c6a-e1db06af7675] INFO  o.eclipse.m2e.core.internal.Bundles - 	Entry: D:\Software\eclipse\plugins\org.eclipse.m2e.maven.runtime_3.9.900.20250220-2013
2026-05-24 21:36:53,790 [Worker-16: Launching mavenrun-2b1f99dc-465e-4940-9c6a-e1db06af7675] INFO  o.eclipse.m2e.core.internal.Bundles - 	Entry: D:\Software\eclipse\plugins\org.eclipse.m2e.maven.runtime_3.9.900.20250220-2013\jars\aopalliance-1.0.jar
2026-05-24 21:36:53,791 [Worker-16: Launching mavenrun-2b1f99dc-465e-4940-9c6a-e1db06af7675] INFO  o.eclipse.m2e.core.internal.Bundles - 	Entry: D:\Software\eclipse\plugins\org.eclipse.m2e.maven.runtime_3.9.900.20250220-2013\jars\guice-5.1.0.jar
2026-05-24 21:36:53,792 [Worker-16: Launching mavenrun-2b1f99dc-465e-4940-9c6a-e1db06af7675] INFO  o.eclipse.m2e.core.internal.Bundles - 	Entry: D:\Software\eclipse\plugins\org.eclipse.m2e.maven.runtime_3.9.900.20250220-2013\jars\httpclient-4.5.14.jar
2026-05-24 21:36:53,793 [Worker-16: Launching mavenrun-2b1f99dc-465e-4940-9c6a-e1db06af7675] INFO  o.eclipse.m2e.core.internal.Bundles - 	Entry: D:\Software\eclipse\plugins\org.eclipse.m2e.maven.runtime_3.9.900.20250220-2013\jars\httpcore-4.4.16.jar
2026-05-24 21:36:53,794 [Worker-16: Launching mavenrun-2b1f99dc-465e-4940-9c6a-e1db06af7675] INFO  o.eclipse.m2e.core.internal.Bundles - 	Entry: D:\Software\eclipse\plugins\org.eclipse.m2e.maven.runtime_3.9.900.20250220-2013\jars\jansi-2.4.1.jar
2026-05-24 21:36:53,795 [Worker-16: Launching mavenrun-2b1f99dc-465e-4940-9c6a-e1db06af7675] INFO  o.eclipse.m2e.core.internal.Bundles - 	Entry: D:\Software\eclipse\plugins\org.eclipse.m2e.maven.runtime_3.9.900.20250220-2013\jars\jcl-over-slf4j-1.7.36.jar
2026-05-24 21:36:53,795 [Worker-16: Launching mavenrun-2b1f99dc-465e-4940-9c6a-e1db06af7675] INFO  o.eclipse.m2e.core.internal.Bundles - 	Entry: D:\Software\eclipse\plugins\org.eclipse.m2e.maven.runtime_3.9.900.20250220-2013\jars\maven-artifact-3.9.9.jar
2026-05-24 21:36:53,795 [Worker-16: Launching mavenrun-2b1f99dc-465e-4940-9c6a-e1db06af7675] INFO  o.eclipse.m2e.core.internal.Bundles - 	Entry: D:\Software\eclipse\plugins\org.eclipse.m2e.maven.runtime_3.9.900.20250220-2013\jars\maven-builder-support-3.9.9.jar
2026-05-24 21:36:53,796 [Worker-16: Launching mavenrun-2b1f99dc-465e-4940-9c6a-e1db06af7675] INFO  o.eclipse.m2e.core.internal.Bundles - 	Entry: D:\Software\eclipse\plugins\org.eclipse.m2e.maven.runtime_3.9.900.20250220-2013\jars\maven-compat-3.9.9.jar
2026-05-24 21:36:53,797 [Worker-16: Launching mavenrun-2b1f99dc-465e-4940-9c6a-e1db06af7675] INFO  o.eclipse.m2e.core.internal.Bundles - 	Entry: D:\Software\eclipse\plugins\org.eclipse.m2e.maven.runtime_3.9.900.20250220-2013\jars\maven-core-3.9.9.jar
2026-05-24 21:36:53,797 [Worker-16: Launching mavenrun-2b1f99dc-465e-4940-9c6a-e1db06af7675] INFO  o.eclipse.m2e.core.internal.Bundles - 	Entry: D:\Software\eclipse\plugins\org.eclipse.m2e.maven.runtime_3.9.900.20250220-2013\jars\maven-embedder-3.9.9.jar
2026-05-24 21:36:53,798 [Worker-16: Launching mavenrun-2b1f99dc-465e-4940-9c6a-e1db06af7675] INFO  o.eclipse.m2e.core.internal.Bundles - 	Entry: D:\Software\eclipse\plugins\org.eclipse.m2e.maven.runtime_3.9.900.20250220-2013\jars\maven-model-3.9.9.jar
2026-05-24 21:36:53,798 [Worker-16: Launching mavenrun-2b1f99dc-465e-4940-9c6a-e1db06af7675] INFO  o.eclipse.m2e.core.internal.Bundles - 	Entry: D:\Software\eclipse\plugins\org.eclipse.m2e.maven.runtime_3.9.900.20250220-2013\jars\maven-model-builder-3.9.9.jar
2026-05-24 21:36:53,798 [Worker-16: Launching mavenrun-2b1f99dc-465e-4940-9c6a-e1db06af7675] INFO  o.eclipse.m2e.core.internal.Bundles - 	Entry: D:\Software\eclipse\plugins\org.eclipse.m2e.maven.runtime_3.9.900.20250220-2013\jars\maven-plugin-api-3.9.9.jar
2026-05-24 21:36:53,799 [Worker-16: Launching mavenrun-2b1f99dc-465e-4940-9c6a-e1db06af7675] INFO  o.eclipse.m2e.core.internal.Bundles - 	Entry: D:\Software\eclipse\plugins\org.eclipse.m2e.maven.runtime_3.9.900.20250220-2013\jars\maven-repository-metadata-3.9.9.jar
2026-05-24 21:36:53,800 [Worker-16: Launching mavenrun-2b1f99dc-465e-4940-9c6a-e1db06af7675] INFO  o.eclipse.m2e.core.internal.Bundles - 	Entry: D:\Software\eclipse\plugins\org.eclipse.m2e.maven.runtime_3.9.900.20250220-2013\jars\maven-resolver-api-1.9.22.jar
2026-05-24 21:36:53,800 [Worker-16: Launching mavenrun-2b1f99dc-465e-4940-9c6a-e1db06af7675] INFO  o.eclipse.m2e.core.internal.Bundles - 	Entry: D:\Software\eclipse\plugins\org.eclipse.m2e.maven.runtime_3.9.900.20250220-2013\jars\maven-resolver-connector-basic-1.9.22.jar
2026-05-24 21:36:53,801 [Worker-16: Launching mavenrun-2b1f99dc-465e-4940-9c6a-e1db06af7675] INFO  o.eclipse.m2e.core.internal.Bundles - 	Entry: D:\Software\eclipse\plugins\org.eclipse.m2e.maven.runtime_3.9.900.20250220-2013\jars\maven-resolver-impl-1.9.22.jar
2026-05-24 21:36:53,801 [Worker-16: Launching mavenrun-2b1f99dc-465e-4940-9c6a-e1db06af7675] INFO  o.eclipse.m2e.core.internal.Bundles - 	Entry: D:\Software\eclipse\plugins\org.eclipse.m2e.maven.runtime_3.9.900.20250220-2013\jars\maven-resolver-named-locks-1.9.22.jar
2026-05-24 21:36:53,801 [Worker-16: Launching mavenrun-2b1f99dc-465e-4940-9c6a-e1db06af7675] INFO  o.eclipse.m2e.core.internal.Bundles - 	Entry: D:\Software\eclipse\plugins\org.eclipse.m2e.maven.runtime_3.9.900.20250220-2013\jars\maven-resolver-provider-3.9.9.jar
2026-05-24 21:36:53,802 [Worker-16: Launching mavenrun-2b1f99dc-465e-4940-9c6a-e1db06af7675] INFO  o.eclipse.m2e.core.internal.Bundles - 	Entry: D:\Software\eclipse\plugins\org.eclipse.m2e.maven.runtime_3.9.900.20250220-2013\jars\maven-resolver-spi-1.9.22.jar
2026-05-24 21:36:53,802 [Worker-16: Launching mavenrun-2b1f99dc-465e-4940-9c6a-e1db06af7675] INFO  o.eclipse.m2e.core.internal.Bundles - 	Entry: D:\Software\eclipse\plugins\org.eclipse.m2e.maven.runtime_3.9.900.20250220-2013\jars\maven-resolver-transport-file-1.9.22.jar
2026-05-24 21:36:53,802 [Worker-16: Launching mavenrun-2b1f99dc-465e-4940-9c6a-e1db06af7675] INFO  o.eclipse.m2e.core.internal.Bundles - 	Entry: D:\Software\eclipse\plugins\org.eclipse.m2e.maven.runtime_3.9.900.20250220-2013\jars\maven-resolver-transport-http-1.9.22.jar
2026-05-24 21:36:53,803 [Worker-16: Launching mavenrun-2b1f99dc-465e-4940-9c6a-e1db06af7675] INFO  o.eclipse.m2e.core.internal.Bundles - 	Entry: D:\Software\eclipse\plugins\org.eclipse.m2e.maven.runtime_3.9.900.20250220-2013\jars\maven-resolver-transport-wagon-1.9.22.jar
2026-05-24 21:36:53,803 [Worker-16: Launching mavenrun-2b1f99dc-465e-4940-9c6a-e1db06af7675] INFO  o.eclipse.m2e.core.internal.Bundles - 	Entry: D:\Software\eclipse\plugins\org.eclipse.m2e.maven.runtime_3.9.900.20250220-2013\jars\maven-resolver-util-1.9.22.jar
2026-05-24 21:36:53,803 [Worker-16: Launching mavenrun-2b1f99dc-465e-4940-9c6a-e1db06af7675] INFO  o.eclipse.m2e.core.internal.Bundles - 	Entry: D:\Software\eclipse\plugins\org.eclipse.m2e.maven.runtime_3.9.900.20250220-2013\jars\maven-settings-3.9.9.jar
2026-05-24 21:36:53,804 [Worker-16: Launching mavenrun-2b1f99dc-465e-4940-9c6a-e1db06af7675] INFO  o.eclipse.m2e.core.internal.Bundles - 	Entry: D:\Software\eclipse\plugins\org.eclipse.m2e.maven.runtime_3.9.900.20250220-2013\jars\maven-settings-builder-3.9.9.jar
2026-05-24 21:36:53,804 [Worker-16: Launching mavenrun-2b1f99dc-465e-4940-9c6a-e1db06af7675] INFO  o.eclipse.m2e.core.internal.Bundles - 	Entry: D:\Software\eclipse\plugins\org.eclipse.m2e.maven.runtime_3.9.900.20250220-2013\jars\maven-shared-utils-3.4.2.jar
2026-05-24 21:36:53,804 [Worker-16: Launching mavenrun-2b1f99dc-465e-4940-9c6a-e1db06af7675] INFO  o.eclipse.m2e.core.internal.Bundles - 	Entry: D:\Software\eclipse\plugins\org.eclipse.m2e.maven.runtime_3.9.900.20250220-2013\jars\org.eclipse.sisu.inject-0.9.0.M3.jar
2026-05-24 21:36:53,804 [Worker-16: Launching mavenrun-2b1f99dc-465e-4940-9c6a-e1db06af7675] INFO  o.eclipse.m2e.core.internal.Bundles - 	Entry: D:\Software\eclipse\plugins\org.eclipse.m2e.maven.runtime_3.9.900.20250220-2013\jars\org.eclipse.sisu.plexus-0.9.0.M3.jar
2026-05-24 21:36:53,805 [Worker-16: Launching mavenrun-2b1f99dc-465e-4940-9c6a-e1db06af7675] INFO  o.eclipse.m2e.core.internal.Bundles - 	Entry: D:\Software\eclipse\plugins\org.eclipse.m2e.maven.runtime_3.9.900.20250220-2013\jars\plexus-build-api-0.0.7.jar
2026-05-24 21:36:53,805 [Worker-16: Launching mavenrun-2b1f99dc-465e-4940-9c6a-e1db06af7675] INFO  o.eclipse.m2e.core.internal.Bundles - 	Entry: D:\Software\eclipse\plugins\org.eclipse.m2e.maven.runtime_3.9.900.20250220-2013\jars\plexus-build-api-1.2.0.jar
2026-05-24 21:36:53,806 [Worker-16: Launching mavenrun-2b1f99dc-465e-4940-9c6a-e1db06af7675] INFO  o.eclipse.m2e.core.internal.Bundles - 	Entry: D:\Software\eclipse\plugins\org.eclipse.m2e.maven.runtime_3.9.900.20250220-2013\jars\plexus-cipher-2.0.jar
2026-05-24 21:36:53,806 [Worker-16: Launching mavenrun-2b1f99dc-465e-4940-9c6a-e1db06af7675] INFO  o.eclipse.m2e.core.internal.Bundles - 	Entry: D:\Software\eclipse\plugins\org.eclipse.m2e.maven.runtime_3.9.900.20250220-2013\jars\plexus-classworlds-2.8.0.jar
2026-05-24 21:36:53,807 [Worker-16: Launching mavenrun-2b1f99dc-465e-4940-9c6a-e1db06af7675] INFO  o.eclipse.m2e.core.internal.Bundles - 	Entry: D:\Software\eclipse\plugins\org.eclipse.m2e.maven.runtime_3.9.900.20250220-2013\jars\plexus-component-annotations-2.1.0.jar
2026-05-24 21:36:53,807 [Worker-16: Launching mavenrun-2b1f99dc-465e-4940-9c6a-e1db06af7675] INFO  o.eclipse.m2e.core.internal.Bundles - 	Entry: D:\Software\eclipse\plugins\org.eclipse.m2e.maven.runtime_3.9.900.20250220-2013\jars\plexus-interpolation-1.27.jar
2026-05-24 21:36:53,808 [Worker-16: Launching mavenrun-2b1f99dc-465e-4940-9c6a-e1db06af7675] INFO  o.eclipse.m2e.core.internal.Bundles - 	Entry: D:\Software\eclipse\plugins\org.eclipse.m2e.maven.runtime_3.9.900.20250220-2013\jars\plexus-sec-dispatcher-2.0.jar
2026-05-24 21:36:53,808 [Worker-16: Launching mavenrun-2b1f99dc-465e-4940-9c6a-e1db06af7675] INFO  o.eclipse.m2e.core.internal.Bundles - 	Entry: D:\Software\eclipse\plugins\org.eclipse.m2e.maven.runtime_3.9.900.20250220-2013\jars\plexus-utils-3.5.1.jar
2026-05-24 21:36:53,809 [Worker-16: Launching mavenrun-2b1f99dc-465e-4940-9c6a-e1db06af7675] INFO  o.eclipse.m2e.core.internal.Bundles - 	Entry: D:\Software\eclipse\plugins\org.eclipse.m2e.maven.runtime_3.9.900.20250220-2013\jars\plexus-xml-3.0.1.jar
2026-05-24 21:36:53,809 [Worker-16: Launching mavenrun-2b1f99dc-465e-4940-9c6a-e1db06af7675] INFO  o.eclipse.m2e.core.internal.Bundles - 	Entry: D:\Software\eclipse\plugins\org.eclipse.m2e.maven.runtime_3.9.900.20250220-2013\jars\wagon-file-3.5.3.jar
2026-05-24 21:36:53,809 [Worker-16: Launching mavenrun-2b1f99dc-465e-4940-9c6a-e1db06af7675] INFO  o.eclipse.m2e.core.internal.Bundles - 	Entry: D:\Software\eclipse\plugins\org.eclipse.m2e.maven.runtime_3.9.900.20250220-2013\jars\wagon-http-3.5.3.jar
2026-05-24 21:36:53,810 [Worker-16: Launching mavenrun-2b1f99dc-465e-4940-9c6a-e1db06af7675] INFO  o.eclipse.m2e.core.internal.Bundles - 	Entry: D:\Software\eclipse\plugins\org.eclipse.m2e.maven.runtime_3.9.900.20250220-2013\jars\wagon-http-shared-3.5.3.jar
2026-05-24 21:36:53,810 [Worker-16: Launching mavenrun-2b1f99dc-465e-4940-9c6a-e1db06af7675] INFO  o.eclipse.m2e.core.internal.Bundles - 	Entry: D:\Software\eclipse\plugins\org.eclipse.m2e.maven.runtime_3.9.900.20250220-2013\jars\wagon-provider-api-3.5.3.jar
2026-05-24 21:36:53,815 [Worker-16: Launching mavenrun-2b1f99dc-465e-4940-9c6a-e1db06af7675] INFO  o.eclipse.m2e.core.internal.Bundles - getClasspathEntries(Bundle=com.google.guava_33.4.8.jre [18])
2026-05-24 21:36:53,817 [Worker-16: Launching mavenrun-2b1f99dc-465e-4940-9c6a-e1db06af7675] INFO  o.eclipse.m2e.core.internal.Bundles - 	Entry: D:\Software\eclipse\plugins\com.google.guava_33.4.8.jre.jar
2026-05-24 21:36:53,817 [Worker-16: Launching mavenrun-2b1f99dc-465e-4940-9c6a-e1db06af7675] INFO  o.eclipse.m2e.core.internal.Bundles - getClasspathEntries(Bundle=slf4j.api_2.0.17 [1006])
2026-05-24 21:36:53,819 [Worker-16: Launching mavenrun-2b1f99dc-465e-4940-9c6a-e1db06af7675] INFO  o.eclipse.m2e.core.internal.Bundles - 	Entry: D:\Software\eclipse\plugins\slf4j.api_2.0.17.jar
2026-05-24 21:36:53,819 [Worker-16: Launching mavenrun-2b1f99dc-465e-4940-9c6a-e1db06af7675] INFO  o.eclipse.m2e.core.internal.Bundles - getClasspathEntries(Bundle=jakarta.inject.jakarta.inject-api_1.0.5 [35])
2026-05-24 21:36:53,821 [Worker-16: Launching mavenrun-2b1f99dc-465e-4940-9c6a-e1db06af7675] INFO  o.eclipse.m2e.core.internal.Bundles - 	Entry: D:\Software\eclipse\plugins\jakarta.inject.jakarta.inject-api_1.0.5.jar
2026-05-24 21:36:53,821 [Worker-16: Launching mavenrun-2b1f99dc-465e-4940-9c6a-e1db06af7675] INFO  o.eclipse.m2e.core.internal.Bundles - getClasspathEntries(Bundle=javax.annotation_1.3.5.v20200909-1856 [45])
2026-05-24 21:36:53,822 [Worker-16: Launching mavenrun-2b1f99dc-465e-4940-9c6a-e1db06af7675] INFO  o.eclipse.m2e.core.internal.Bundles - 	Entry: D:\Software\eclipse\plugins\javax.annotation_1.3.5.v20200909-1856.jar
2026-05-24 21:36:53,822 [Worker-16: Launching mavenrun-2b1f99dc-465e-4940-9c6a-e1db06af7675] INFO  o.eclipse.m2e.core.internal.Bundles - getClasspathEntries(Bundle=org.apache.commons.cli_1.9.0 [76])
2026-05-24 21:36:53,823 [Worker-16: Launching mavenrun-2b1f99dc-465e-4940-9c6a-e1db06af7675] INFO  o.eclipse.m2e.core.internal.Bundles - 	Entry: D:\Software\eclipse\plugins\org.apache.commons.cli_1.9.0.jar
2026-05-24 21:36:53,823 [Worker-16: Launching mavenrun-2b1f99dc-465e-4940-9c6a-e1db06af7675] INFO  o.eclipse.m2e.core.internal.Bundles - getClasspathEntries(Bundle=org.apache.commons.commons-codec_1.16.0 [78])
2026-05-24 21:36:53,824 [Worker-16: Launching mavenrun-2b1f99dc-465e-4940-9c6a-e1db06af7675] INFO  o.eclipse.m2e.core.internal.Bundles - 	Entry: D:\Software\eclipse\plugins\org.apache.commons.commons-codec_1.16.0.jar
2026-05-24 21:36:53,825 [Worker-16: Launching mavenrun-2b1f99dc-465e-4940-9c6a-e1db06af7675] INFO  o.eclipse.m2e.core.internal.Bundles - getClasspathEntries(Bundle=com.google.guava.failureaccess_1.0.3 [19])
2026-05-24 21:36:53,825 [Worker-16: Launching mavenrun-2b1f99dc-465e-4940-9c6a-e1db06af7675] INFO  o.eclipse.m2e.core.internal.Bundles - 	Entry: D:\Software\eclipse\plugins\com.google.guava.failureaccess_1.0.3.jar
2026-05-24 21:36:53,837 [Worker-16: Launching mavenrun-2b1f99dc-465e-4940-9c6a-e1db06af7675] INFO  o.e.m.i.launch.MavenLaunchDelegate - Run build in "C:\Users\lenovo\AppData\Local\Temp\m2e-archetypeGenerator2709603840979529929":
2026-05-24 21:36:53,846 [Worker-16: Launching mavenrun-2b1f99dc-465e-4940-9c6a-e1db06af7675] INFO  o.e.m.i.launch.MavenLaunchDelegate -  mvn  -DarchetypeGroupId=org.apache.maven.archetypes -DarchetypeArtifactId=maven-archetype-webapp -DarchetypeVersion=1.0 -DgroupId=com.tracker -DartifactId=Online_Expanse_Tracker -Dversion=0.0.1-SNAPSHOT -Dpackage=com.tracker.Online_Expanse_Tracker -DoutputDirectory=D:\Java_Project -Dstyle.color=always -U archetype:generate
2026-05-24 21:37:37,033 [Worker-10: Creating maven-archetype-webapp] INFO  o.e.m.c.i.p.ProjectConfigurationManager - Collecting project info '/pom.xml' D:\Java_Project\Online_Expanse_Tracker\pom.xml
2026-05-24 21:37:38,921 [Worker-10: Creating maven-archetype-webapp] INFO  o.e.m.c.i.l.LifecycleMappingFactory - Using org.maven.ide.eclipse.wtp.WarLifecycleMapping lifecycle mapping for MavenProject: com.tracker:Online_Expanse_Tracker:0.0.1-SNAPSHOT @ D:\Java_Project\Online_Expanse_Tracker\pom.xml.
2026-05-24 21:37:41,324 [Worker-10: Creating maven-archetype-webapp] INFO  o.e.m.j.i.AbstractJavaProjectConfigurator - Adding source folder /Online_Expanse_Tracker/src/main/java
2026-05-24 21:37:41,331 [Worker-10: Creating maven-archetype-webapp] INFO  o.e.m.j.i.AbstractJavaProjectConfigurator - Adding resource folder /Online_Expanse_Tracker/src/main/resources
2026-05-24 21:37:41,334 [Worker-10: Creating maven-archetype-webapp] INFO  o.e.m.j.i.AbstractJavaProjectConfigurator - Adding source folder /Online_Expanse_Tracker/src/test/java
2026-05-24 21:37:41,338 [Worker-10: Creating maven-archetype-webapp] INFO  o.e.m.j.i.AbstractJavaProjectConfigurator - Adding resource folder /Online_Expanse_Tracker/src/test/resources
2026-05-24 21:37:46,369 [Worker-10: Creating maven-archetype-webapp] INFO  o.e.m.c.i.p.ProjectConfigurationManager - Imported and configured 1 project(s) in 9 sec
2026-05-24 21:37:47,808 [Worker-21: Building] WARN  o.a.m.s.f.DefaultMavenResourcesFiltering - Using platform encoding (UTF-8 actually) to copy filtered resources, i.e. build is platform dependent!
2026-05-24 21:37:47,825 [Worker-21: Building] INFO  o.a.m.s.f.DefaultMavenResourcesFiltering - Copying 0 resource from src\main\resources to target\classes
2026-05-24 21:37:47,840 [Worker-21: Building] WARN  o.a.m.s.f.DefaultMavenResourcesFiltering - Using platform encoding (UTF-8 actually) to copy filtered resources, i.e. build is platform dependent!
2026-05-24 21:37:47,842 [Worker-21: Building] INFO  o.a.m.s.f.DefaultMavenResourcesFiltering - skip non existing resourceDirectory D:\Java_Project\Online_Expanse_Tracker\src\test\resources
2026-05-24 21:41:48,086 [Worker-22: Building] WARN  o.a.m.s.f.DefaultMavenResourcesFiltering - Using platform encoding (UTF-8 actually) to copy filtered resources, i.e. build is platform dependent!
2026-05-24 21:41:48,095 [Worker-22: Building] INFO  o.a.m.s.f.DefaultMavenResourcesFiltering - Copying 0 resource from src\main\resources to target\classes
2026-05-24 21:41:48,103 [Worker-22: Building] WARN  o.a.m.s.f.DefaultMavenResourcesFiltering - Using platform encoding (UTF-8 actually) to copy filtered resources, i.e. build is platform dependent!
2026-05-24 21:41:48,106 [Worker-22: Building] INFO  o.a.m.s.f.DefaultMavenResourcesFiltering - Copying 0 resource from src\test\resources to target\test-classes
2026-05-24 21:58:07,146 [Worker-19: Updating Maven Project] INFO  o.e.m.c.i.p.ProjectConfigurationManager - Update started
2026-05-24 21:58:07,830 [Worker-19: Updating Maven Project] INFO  o.e.m.c.i.l.LifecycleMappingFactory - Using org.maven.ide.eclipse.wtp.WarLifecycleMapping lifecycle mapping for MavenProject: com.tracker:Online_Expanse_Tracker:0.0.1-SNAPSHOT @ D:\Java_Project\Online_Expanse_Tracker\pom.xml.
2026-05-24 21:58:09,660 [Worker-19: Updating Maven Project] INFO  o.e.m.j.i.AbstractJavaProjectConfigurator - Adding source folder /Online_Expanse_Tracker/src/main/java
2026-05-24 21:58:09,665 [Worker-19: Updating Maven Project] INFO  o.e.m.j.i.AbstractJavaProjectConfigurator - Adding resource folder /Online_Expanse_Tracker/src/main/resources
2026-05-24 21:58:09,666 [Worker-19: Updating Maven Project] INFO  o.e.m.j.i.AbstractJavaProjectConfigurator - Adding source folder /Online_Expanse_Tracker/src/test/java
2026-05-24 21:58:09,668 [Worker-19: Updating Maven Project] INFO  o.e.m.j.i.AbstractJavaProjectConfigurator - Adding resource folder /Online_Expanse_Tracker/src/test/resources
2026-05-24 21:58:10,966 [Worker-19: Updating Maven Project] INFO  o.e.m.w.i.f.ResourceFilteringBuildParticipant - Cleaning filtered folder for Online_Expanse_Tracker
2026-05-24 21:58:11,014 [Worker-19: Updating Maven Project] INFO  o.e.m.c.i.p.ProjectConfigurationManager - Update completed for 1 poms: local refresh takes 0.00 sec, refresh facades takes 2.00 sec, update config takes 1.00 sec 
2026-05-24 21:58:11,254 [Worker-22: Building] WARN  o.a.m.s.f.DefaultMavenResourcesFiltering - Using platform encoding (UTF-8 actually) to copy filtered resources, i.e. build is platform dependent!
2026-05-24 21:58:11,257 [Worker-22: Building] INFO  o.a.m.s.f.DefaultMavenResourcesFiltering - Copying 0 resource from src\main\resources to target\classes
2026-05-24 21:58:11,266 [Worker-22: Building] WARN  o.a.m.s.f.DefaultMavenResourcesFiltering - Using platform encoding (UTF-8 actually) to copy filtered resources, i.e. build is platform dependent!
2026-05-24 21:58:11,269 [Worker-22: Building] INFO  o.a.m.s.f.DefaultMavenResourcesFiltering - Copying 0 resource from src\test\resources to target\test-classes
2026-05-24 21:58:11,270 [Worker-22: Building] INFO  o.e.m.w.i.f.ResourceFilteringBuildParticipant - Changed resources require a complete clean of filtered resources of Online_Expanse_Tracker
2026-05-24 21:58:11,277 [Worker-22: Building] INFO  o.e.m.w.i.f.ResourceFilteringBuildParticipant - Executing resource filtering for Online_Expanse_Tracker
2026-05-24 22:10:13,526 [Worker-14: Launching mavenrun-1653e640-4d1b-4102-b348-aa9d3000d87b] INFO  o.eclipse.m2e.core.internal.Bundles - getClasspathEntries(Bundle=org.eclipse.m2e.maven.runtime_3.9.900.20250220-2013 [640])
2026-05-24 22:10:13,528 [Worker-14: Launching mavenrun-1653e640-4d1b-4102-b348-aa9d3000d87b] INFO  o.eclipse.m2e.core.internal.Bundles - 	Entry: D:\Software\eclipse\plugins\org.eclipse.m2e.maven.runtime_3.9.900.20250220-2013
2026-05-24 22:10:13,528 [Worker-14: Launching mavenrun-1653e640-4d1b-4102-b348-aa9d3000d87b] INFO  o.eclipse.m2e.core.internal.Bundles - 	Entry: D:\Software\eclipse\plugins\org.eclipse.m2e.maven.runtime_3.9.900.20250220-2013\jars\aopalliance-1.0.jar
2026-05-24 22:10:13,529 [Worker-14: Launching mavenrun-1653e640-4d1b-4102-b348-aa9d3000d87b] INFO  o.eclipse.m2e.core.internal.Bundles - 	Entry: D:\Software\eclipse\plugins\org.eclipse.m2e.maven.runtime_3.9.900.20250220-2013\jars\guice-5.1.0.jar
2026-05-24 22:10:13,529 [Worker-14: Launching mavenrun-1653e640-4d1b-4102-b348-aa9d3000d87b] INFO  o.eclipse.m2e.core.internal.Bundles - 	Entry: D:\Software\eclipse\plugins\org.eclipse.m2e.maven.runtime_3.9.900.20250220-2013\jars\httpclient-4.5.14.jar
2026-05-24 22:10:13,529 [Worker-14: Launching mavenrun-1653e640-4d1b-4102-b348-aa9d3000d87b] INFO  o.eclipse.m2e.core.internal.Bundles - 	Entry: D:\Software\eclipse\plugins\org.eclipse.m2e.maven.runtime_3.9.900.20250220-2013\jars\httpcore-4.4.16.jar
2026-05-24 22:10:13,529 [Worker-14: Launching mavenrun-1653e640-4d1b-4102-b348-aa9d3000d87b] INFO  o.eclipse.m2e.core.internal.Bundles - 	Entry: D:\Software\eclipse\plugins\org.eclipse.m2e.maven.runtime_3.9.900.20250220-2013\jars\jansi-2.4.1.jar
2026-05-24 22:10:13,529 [Worker-14: Launching mavenrun-1653e640-4d1b-4102-b348-aa9d3000d87b] INFO  o.eclipse.m2e.core.internal.Bundles - 	Entry: D:\Software\eclipse\plugins\org.eclipse.m2e.maven.runtime_3.9.900.20250220-2013\jars\jcl-over-slf4j-1.7.36.jar
2026-05-24 22:10:13,530 [Worker-14: Launching mavenrun-1653e640-4d1b-4102-b348-aa9d3000d87b] INFO  o.eclipse.m2e.core.internal.Bundles - 	Entry: D:\Software\eclipse\plugins\org.eclipse.m2e.maven.runtime_3.9.900.20250220-2013\jars\maven-artifact-3.9.9.jar
2026-05-24 22:10:13,530 [Worker-14: Launching mavenrun-1653e640-4d1b-4102-b348-aa9d3000d87b] INFO  o.eclipse.m2e.core.internal.Bundles - 	Entry: D:\Software\eclipse\plugins\org.eclipse.m2e.maven.runtime_3.9.900.20250220-2013\jars\maven-builder-support-3.9.9.jar
2026-05-24 22:10:13,530 [Worker-14: Launching mavenrun-1653e640-4d1b-4102-b348-aa9d3000d87b] INFO  o.eclipse.m2e.core.internal.Bundles - 	Entry: D:\Software\eclipse\plugins\org.eclipse.m2e.maven.runtime_3.9.900.20250220-2013\jars\maven-compat-3.9.9.jar
2026-05-24 22:10:13,530 [Worker-14: Launching mavenrun-1653e640-4d1b-4102-b348-aa9d3000d87b] INFO  o.eclipse.m2e.core.internal.Bundles - 	Entry: D:\Software\eclipse\plugins\org.eclipse.m2e.maven.runtime_3.9.900.20250220-2013\jars\maven-core-3.9.9.jar
2026-05-24 22:10:13,530 [Worker-14: Launching mavenrun-1653e640-4d1b-4102-b348-aa9d3000d87b] INFO  o.eclipse.m2e.core.internal.Bundles - 	Entry: D:\Software\eclipse\plugins\org.eclipse.m2e.maven.runtime_3.9.900.20250220-2013\jars\maven-embedder-3.9.9.jar
2026-05-24 22:10:13,530 [Worker-14: Launching mavenrun-1653e640-4d1b-4102-b348-aa9d3000d87b] INFO  o.eclipse.m2e.core.internal.Bundles - 	Entry: D:\Software\eclipse\plugins\org.eclipse.m2e.maven.runtime_3.9.900.20250220-2013\jars\maven-model-3.9.9.jar
2026-05-24 22:10:13,530 [Worker-14: Launching mavenrun-1653e640-4d1b-4102-b348-aa9d3000d87b] INFO  o.eclipse.m2e.core.internal.Bundles - 	Entry: D:\Software\eclipse\plugins\org.eclipse.m2e.maven.runtime_3.9.900.20250220-2013\jars\maven-model-builder-3.9.9.jar
2026-05-24 22:10:13,531 [Worker-14: Launching mavenrun-1653e640-4d1b-4102-b348-aa9d3000d87b] INFO  o.eclipse.m2e.core.internal.Bundles - 	Entry: D:\Software\eclipse\plugins\org.eclipse.m2e.maven.runtime_3.9.900.20250220-2013\jars\maven-plugin-api-3.9.9.jar
2026-05-24 22:10:13,531 [Worker-14: Launching mavenrun-1653e640-4d1b-4102-b348-aa9d3000d87b] INFO  o.eclipse.m2e.core.internal.Bundles - 	Entry: D:\Software\eclipse\plugins\org.eclipse.m2e.maven.runtime_3.9.900.20250220-2013\jars\maven-repository-metadata-3.9.9.jar
2026-05-24 22:10:13,531 [Worker-14: Launching mavenrun-1653e640-4d1b-4102-b348-aa9d3000d87b] INFO  o.eclipse.m2e.core.internal.Bundles - 	Entry: D:\Software\eclipse\plugins\org.eclipse.m2e.maven.runtime_3.9.900.20250220-2013\jars\maven-resolver-api-1.9.22.jar
2026-05-24 22:10:13,531 [Worker-14: Launching mavenrun-1653e640-4d1b-4102-b348-aa9d3000d87b] INFO  o.eclipse.m2e.core.internal.Bundles - 	Entry: D:\Software\eclipse\plugins\org.eclipse.m2e.maven.runtime_3.9.900.20250220-2013\jars\maven-resolver-connector-basic-1.9.22.jar
2026-05-24 22:10:13,531 [Worker-14: Launching mavenrun-1653e640-4d1b-4102-b348-aa9d3000d87b] INFO  o.eclipse.m2e.core.internal.Bundles - 	Entry: D:\Software\eclipse\plugins\org.eclipse.m2e.maven.runtime_3.9.900.20250220-2013\jars\maven-resolver-impl-1.9.22.jar
2026-05-24 22:10:13,531 [Worker-14: Launching mavenrun-1653e640-4d1b-4102-b348-aa9d3000d87b] INFO  o.eclipse.m2e.core.internal.Bundles - 	Entry: D:\Software\eclipse\plugins\org.eclipse.m2e.maven.runtime_3.9.900.20250220-2013\jars\maven-resolver-named-locks-1.9.22.jar
2026-05-24 22:10:13,532 [Worker-14: Launching mavenrun-1653e640-4d1b-4102-b348-aa9d3000d87b] INFO  o.eclipse.m2e.core.internal.Bundles - 	Entry: D:\Software\eclipse\plugins\org.eclipse.m2e.maven.runtime_3.9.900.20250220-2013\jars\maven-resolver-provider-3.9.9.jar
2026-05-24 22:10:13,532 [Worker-14: Launching mavenrun-1653e640-4d1b-4102-b348-aa9d3000d87b] INFO  o.eclipse.m2e.core.internal.Bundles - 	Entry: D:\Software\eclipse\plugins\org.eclipse.m2e.maven.runtime_3.9.900.20250220-2013\jars\maven-resolver-spi-1.9.22.jar
2026-05-24 22:10:13,532 [Worker-14: Launching mavenrun-1653e640-4d1b-4102-b348-aa9d3000d87b] INFO  o.eclipse.m2e.core.internal.Bundles - 	Entry: D:\Software\eclipse\plugins\org.eclipse.m2e.maven.runtime_3.9.900.20250220-2013\jars\maven-resolver-transport-file-1.9.22.jar
2026-05-24 22:10:13,532 [Worker-14: Launching mavenrun-1653e640-4d1b-4102-b348-aa9d3000d87b] INFO  o.eclipse.m2e.core.internal.Bundles - 	Entry: D:\Software\eclipse\plugins\org.eclipse.m2e.maven.runtime_3.9.900.20250220-2013\jars\maven-resolver-transport-http-1.9.22.jar
2026-05-24 22:10:13,532 [Worker-14: Launching mavenrun-1653e640-4d1b-4102-b348-aa9d3000d87b] INFO  o.eclipse.m2e.core.internal.Bundles - 	Entry: D:\Software\eclipse\plugins\org.eclipse.m2e.maven.runtime_3.9.900.20250220-2013\jars\maven-resolver-transport-wagon-1.9.22.jar
2026-05-24 22:10:13,532 [Worker-14: Launching mavenrun-1653e640-4d1b-4102-b348-aa9d3000d87b] INFO  o.eclipse.m2e.core.internal.Bundles - 	Entry: D:\Software\eclipse\plugins\org.eclipse.m2e.maven.runtime_3.9.900.20250220-2013\jars\maven-resolver-util-1.9.22.jar
2026-05-24 22:10:13,533 [Worker-14: Launching mavenrun-1653e640-4d1b-4102-b348-aa9d3000d87b] INFO  o.eclipse.m2e.core.internal.Bundles - 	Entry: D:\Software\eclipse\plugins\org.eclipse.m2e.maven.runtime_3.9.900.20250220-2013\jars\maven-settings-3.9.9.jar
2026-05-24 22:10:13,533 [Worker-14: Launching mavenrun-1653e640-4d1b-4102-b348-aa9d3000d87b] INFO  o.eclipse.m2e.core.internal.Bundles - 	Entry: D:\Software\eclipse\plugins\org.eclipse.m2e.maven.runtime_3.9.900.20250220-2013\jars\maven-settings-builder-3.9.9.jar
2026-05-24 22:10:13,533 [Worker-14: Launching mavenrun-1653e640-4d1b-4102-b348-aa9d3000d87b] INFO  o.eclipse.m2e.core.internal.Bundles - 	Entry: D:\Software\eclipse\plugins\org.eclipse.m2e.maven.runtime_3.9.900.20250220-2013\jars\maven-shared-utils-3.4.2.jar
2026-05-24 22:10:13,533 [Worker-14: Launching mavenrun-1653e640-4d1b-4102-b348-aa9d3000d87b] INFO  o.eclipse.m2e.core.internal.Bundles - 	Entry: D:\Software\eclipse\plugins\org.eclipse.m2e.maven.runtime_3.9.900.20250220-2013\jars\org.eclipse.sisu.inject-0.9.0.M3.jar
2026-05-24 22:10:13,533 [Worker-14: Launching mavenrun-1653e640-4d1b-4102-b348-aa9d3000d87b] INFO  o.eclipse.m2e.core.internal.Bundles - 	Entry: D:\Software\eclipse\plugins\org.eclipse.m2e.maven.runtime_3.9.900.20250220-2013\jars\org.eclipse.sisu.plexus-0.9.0.M3.jar
2026-05-24 22:10:13,534 [Worker-14: Launching mavenrun-1653e640-4d1b-4102-b348-aa9d3000d87b] INFO  o.eclipse.m2e.core.internal.Bundles - 	Entry: D:\Software\eclipse\plugins\org.eclipse.m2e.maven.runtime_3.9.900.20250220-2013\jars\plexus-build-api-0.0.7.jar
2026-05-24 22:10:13,534 [Worker-14: Launching mavenrun-1653e640-4d1b-4102-b348-aa9d3000d87b] INFO  o.eclipse.m2e.core.internal.Bundles - 	Entry: D:\Software\eclipse\plugins\org.eclipse.m2e.maven.runtime_3.9.900.20250220-2013\jars\plexus-build-api-1.2.0.jar
2026-05-24 22:10:13,534 [Worker-14: Launching mavenrun-1653e640-4d1b-4102-b348-aa9d3000d87b] INFO  o.eclipse.m2e.core.internal.Bundles - 	Entry: D:\Software\eclipse\plugins\org.eclipse.m2e.maven.runtime_3.9.900.20250220-2013\jars\plexus-cipher-2.0.jar
2026-05-24 22:10:13,535 [Worker-14: Launching mavenrun-1653e640-4d1b-4102-b348-aa9d3000d87b] INFO  o.eclipse.m2e.core.internal.Bundles - 	Entry: D:\Software\eclipse\plugins\org.eclipse.m2e.maven.runtime_3.9.900.20250220-2013\jars\plexus-classworlds-2.8.0.jar
2026-05-24 22:10:13,535 [Worker-14: Launching mavenrun-1653e640-4d1b-4102-b348-aa9d3000d87b] INFO  o.eclipse.m2e.core.internal.Bundles - 	Entry: D:\Software\eclipse\plugins\org.eclipse.m2e.maven.runtime_3.9.900.20250220-2013\jars\plexus-component-annotations-2.1.0.jar
2026-05-24 22:10:13,535 [Worker-14: Launching mavenrun-1653e640-4d1b-4102-b348-aa9d3000d87b] INFO  o.eclipse.m2e.core.internal.Bundles - 	Entry: D:\Software\eclipse\plugins\org.eclipse.m2e.maven.runtime_3.9.900.20250220-2013\jars\plexus-interpolation-1.27.jar
2026-05-24 22:10:13,536 [Worker-14: Launching mavenrun-1653e640-4d1b-4102-b348-aa9d3000d87b] INFO  o.eclipse.m2e.core.internal.Bundles - 	Entry: D:\Software\eclipse\plugins\org.eclipse.m2e.maven.runtime_3.9.900.20250220-2013\jars\plexus-sec-dispatcher-2.0.jar
2026-05-24 22:10:13,536 [Worker-14: Launching mavenrun-1653e640-4d1b-4102-b348-aa9d3000d87b] INFO  o.eclipse.m2e.core.internal.Bundles - 	Entry: D:\Software\eclipse\plugins\org.eclipse.m2e.maven.runtime_3.9.900.20250220-2013\jars\plexus-utils-3.5.1.jar
2026-05-24 22:10:13,536 [Worker-14: Launching mavenrun-1653e640-4d1b-4102-b348-aa9d3000d87b] INFO  o.eclipse.m2e.core.internal.Bundles - 	Entry: D:\Software\eclipse\plugins\org.eclipse.m2e.maven.runtime_3.9.900.20250220-2013\jars\plexus-xml-3.0.1.jar
2026-05-24 22:10:13,537 [Worker-14: Launching mavenrun-1653e640-4d1b-4102-b348-aa9d3000d87b] INFO  o.eclipse.m2e.core.internal.Bundles - 	Entry: D:\Software\eclipse\plugins\org.eclipse.m2e.maven.runtime_3.9.900.20250220-2013\jars\wagon-file-3.5.3.jar
2026-05-24 22:10:13,537 [Worker-14: Launching mavenrun-1653e640-4d1b-4102-b348-aa9d3000d87b] INFO  o.eclipse.m2e.core.internal.Bundles - 	Entry: D:\Software\eclipse\plugins\org.eclipse.m2e.maven.runtime_3.9.900.20250220-2013\jars\wagon-http-3.5.3.jar
2026-05-24 22:10:13,537 [Worker-14: Launching mavenrun-1653e640-4d1b-4102-b348-aa9d3000d87b] INFO  o.eclipse.m2e.core.internal.Bundles - 	Entry: D:\Software\eclipse\plugins\org.eclipse.m2e.maven.runtime_3.9.900.20250220-2013\jars\wagon-http-shared-3.5.3.jar
2026-05-24 22:10:13,537 [Worker-14: Launching mavenrun-1653e640-4d1b-4102-b348-aa9d3000d87b] INFO  o.eclipse.m2e.core.internal.Bundles - 	Entry: D:\Software\eclipse\plugins\org.eclipse.m2e.maven.runtime_3.9.900.20250220-2013\jars\wagon-provider-api-3.5.3.jar
2026-05-24 22:10:13,538 [Worker-14: Launching mavenrun-1653e640-4d1b-4102-b348-aa9d3000d87b] INFO  o.eclipse.m2e.core.internal.Bundles - getClasspathEntries(Bundle=com.google.guava_33.4.8.jre [18])
2026-05-24 22:10:13,540 [Worker-14: Launching mavenrun-1653e640-4d1b-4102-b348-aa9d3000d87b] INFO  o.eclipse.m2e.core.internal.Bundles - 	Entry: D:\Software\eclipse\plugins\com.google.guava_33.4.8.jre.jar
2026-05-24 22:10:13,540 [Worker-14: Launching mavenrun-1653e640-4d1b-4102-b348-aa9d3000d87b] INFO  o.eclipse.m2e.core.internal.Bundles - getClasspathEntries(Bundle=slf4j.api_2.0.17 [1006])
2026-05-24 22:10:13,542 [Worker-14: Launching mavenrun-1653e640-4d1b-4102-b348-aa9d3000d87b] INFO  o.eclipse.m2e.core.internal.Bundles - 	Entry: D:\Software\eclipse\plugins\slf4j.api_2.0.17.jar
2026-05-24 22:10:13,542 [Worker-14: Launching mavenrun-1653e640-4d1b-4102-b348-aa9d3000d87b] INFO  o.eclipse.m2e.core.internal.Bundles - getClasspathEntries(Bundle=jakarta.inject.jakarta.inject-api_1.0.5 [35])
2026-05-24 22:10:13,543 [Worker-14: Launching mavenrun-1653e640-4d1b-4102-b348-aa9d3000d87b] INFO  o.eclipse.m2e.core.internal.Bundles - 	Entry: D:\Software\eclipse\plugins\jakarta.inject.jakarta.inject-api_1.0.5.jar
2026-05-24 22:10:13,543 [Worker-14: Launching mavenrun-1653e640-4d1b-4102-b348-aa9d3000d87b] INFO  o.eclipse.m2e.core.internal.Bundles - getClasspathEntries(Bundle=javax.annotation_1.3.5.v20200909-1856 [45])
2026-05-24 22:10:13,545 [Worker-14: Launching mavenrun-1653e640-4d1b-4102-b348-aa9d3000d87b] INFO  o.eclipse.m2e.core.internal.Bundles - 	Entry: D:\Software\eclipse\plugins\javax.annotation_1.3.5.v20200909-1856.jar
2026-05-24 22:10:13,545 [Worker-14: Launching mavenrun-1653e640-4d1b-4102-b348-aa9d3000d87b] INFO  o.eclipse.m2e.core.internal.Bundles - getClasspathEntries(Bundle=org.apache.commons.cli_1.9.0 [76])
2026-05-24 22:10:13,547 [Worker-14: Launching mavenrun-1653e640-4d1b-4102-b348-aa9d3000d87b] INFO  o.eclipse.m2e.core.internal.Bundles - 	Entry: D:\Software\eclipse\plugins\org.apache.commons.cli_1.9.0.jar
2026-05-24 22:10:13,547 [Worker-14: Launching mavenrun-1653e640-4d1b-4102-b348-aa9d3000d87b] INFO  o.eclipse.m2e.core.internal.Bundles - getClasspathEntries(Bundle=org.apache.commons.commons-codec_1.16.0 [78])
2026-05-24 22:10:13,548 [Worker-14: Launching mavenrun-1653e640-4d1b-4102-b348-aa9d3000d87b] INFO  o.eclipse.m2e.core.internal.Bundles - 	Entry: D:\Software\eclipse\plugins\org.apache.commons.commons-codec_1.16.0.jar
2026-05-24 22:10:13,549 [Worker-14: Launching mavenrun-1653e640-4d1b-4102-b348-aa9d3000d87b] INFO  o.eclipse.m2e.core.internal.Bundles - getClasspathEntries(Bundle=com.google.guava.failureaccess_1.0.3 [19])
2026-05-24 22:10:13,550 [Worker-14: Launching mavenrun-1653e640-4d1b-4102-b348-aa9d3000d87b] INFO  o.eclipse.m2e.core.internal.Bundles - 	Entry: D:\Software\eclipse\plugins\com.google.guava.failureaccess_1.0.3.jar
2026-05-24 22:10:13,553 [Worker-14: Launching mavenrun-1653e640-4d1b-4102-b348-aa9d3000d87b] INFO  o.e.m.i.launch.MavenLaunchDelegate - Run build in "C:\Users\lenovo\AppData\Local\Temp\m2e-archetypeGenerator1447660150141446525":
2026-05-24 22:10:13,553 [Worker-14: Launching mavenrun-1653e640-4d1b-4102-b348-aa9d3000d87b] INFO  o.e.m.i.launch.MavenLaunchDelegate -  mvn  -DarchetypeGroupId=org.apache.maven.archetypes -DarchetypeArtifactId=maven-archetype-webapp -DarchetypeVersion=1.0 -DgroupId=com.form -DartifactId=Registraion_Form -Dversion=0.0.1-SNAPSHOT -Dpackage=com.form -DoutputDirectory=D:\Java_Project -Dstyle.color=always -U archetype:generate
2026-05-24 22:10:47,304 [Worker-4: Creating maven-archetype-webapp] INFO  o.e.m.c.i.p.ProjectConfigurationManager - Collecting project info '/pom.xml' D:\Java_Project\Registraion_Form\pom.xml
2026-05-24 22:10:47,441 [Worker-4: Creating maven-archetype-webapp] INFO  o.e.m.c.i.l.LifecycleMappingFactory - Using org.maven.ide.eclipse.wtp.WarLifecycleMapping lifecycle mapping for MavenProject: com.form:Registraion_Form:0.0.1-SNAPSHOT @ D:\Java_Project\Registraion_Form\pom.xml.
2026-05-24 22:10:47,556 [Worker-4: Creating maven-archetype-webapp] INFO  o.e.m.j.i.AbstractJavaProjectConfigurator - Adding source folder /Registraion_Form/src/main/java
2026-05-24 22:10:47,558 [Worker-4: Creating maven-archetype-webapp] INFO  o.e.m.j.i.AbstractJavaProjectConfigurator - Adding resource folder /Registraion_Form/src/main/resources
2026-05-24 22:10:47,559 [Worker-4: Creating maven-archetype-webapp] INFO  o.e.m.j.i.AbstractJavaProjectConfigurator - Adding source folder /Registraion_Form/src/test/java
2026-05-24 22:10:47,560 [Worker-4: Creating maven-archetype-webapp] INFO  o.e.m.j.i.AbstractJavaProjectConfigurator - Adding resource folder /Registraion_Form/src/test/resources
2026-05-24 22:10:48,368 [Worker-4: Creating maven-archetype-webapp] INFO  o.e.m.c.i.p.ProjectConfigurationManager - Imported and configured 1 project(s) in 1 sec
2026-05-24 22:10:48,616 [Worker-15: Building] WARN  o.a.m.s.f.DefaultMavenResourcesFiltering - Using platform encoding (UTF-8 actually) to copy filtered resources, i.e. build is platform dependent!
2026-05-24 22:10:48,619 [Worker-15: Building] INFO  o.a.m.s.f.DefaultMavenResourcesFiltering - Copying 0 resource from src\main\resources to target\classes
2026-05-24 22:10:48,624 [Worker-15: Building] WARN  o.a.m.s.f.DefaultMavenResourcesFiltering - Using platform encoding (UTF-8 actually) to copy filtered resources, i.e. build is platform dependent!
2026-05-24 22:10:48,631 [Worker-15: Building] INFO  o.a.m.s.f.DefaultMavenResourcesFiltering - skip non existing resourceDirectory D:\Java_Project\Registraion_Form\src\test\resources
2026-05-24 22:10:49,767 [Worker-22: Building] WARN  o.a.m.s.f.DefaultMavenResourcesFiltering - Using platform encoding (UTF-8 actually) to copy filtered resources, i.e. build is platform dependent!
2026-05-24 22:10:49,772 [Worker-22: Building] INFO  o.a.m.s.f.DefaultMavenResourcesFiltering - Copying 0 resource from src\main\resources to target\classes
2026-05-24 22:10:49,776 [Worker-22: Building] WARN  o.a.m.s.f.DefaultMavenResourcesFiltering - Using platform encoding (UTF-8 actually) to copy filtered resources, i.e. build is platform dependent!
2026-05-24 22:10:49,778 [Worker-22: Building] INFO  o.a.m.s.f.DefaultMavenResourcesFiltering - skip non existing resourceDirectory D:\Java_Project\Registraion_Form\src\test\resources
2026-05-24 22:11:21,348 [Worker-24: Building] WARN  o.a.m.s.f.DefaultMavenResourcesFiltering - Using platform encoding (UTF-8 actually) to copy filtered resources, i.e. build is platform dependent!
2026-05-24 22:11:21,353 [Worker-24: Building] INFO  o.a.m.s.f.DefaultMavenResourcesFiltering - Copying 0 resource from src\main\resources to target\classes
2026-05-24 22:11:21,358 [Worker-24: Building] WARN  o.a.m.s.f.DefaultMavenResourcesFiltering - Using platform encoding (UTF-8 actually) to copy filtered resources, i.e. build is platform dependent!
2026-05-24 22:11:21,361 [Worker-24: Building] INFO  o.a.m.s.f.DefaultMavenResourcesFiltering - Copying 0 resource from src\test\resources to target\test-classes
2026-05-24 22:12:42,502 [Worker-24: Building] INFO  o.e.m.c.i.l.LifecycleMappingFactory - Using org.maven.ide.eclipse.wtp.WarLifecycleMapping lifecycle mapping for MavenProject: com.form:Registration_Form:0.0.1-SNAPSHOT @ D:\Java_Project\Registraion_Form\pom.xml.
2026-05-24 22:12:43,155 [Worker-24: Building] INFO  o.a.m.s.f.DefaultMavenResourcesFiltering - Copying 1 resource from src\main\resources to target\classes
2026-05-24 22:12:43,187 [Worker-24: Building] INFO  o.a.m.s.f.DefaultMavenResourcesFiltering - Copying 0 resource from src\test\resources to target\test-classes
2026-05-24 22:12:43,188 [Worker-24: Building] INFO  o.e.m.w.i.f.ResourceFilteringBuildParticipant - Changed resources require a complete clean of filtered resources of Registraion_Form
2026-05-24 22:12:43,188 [Worker-24: Building] INFO  o.e.m.w.i.f.ResourceFilteringBuildParticipant - Executing resource filtering for Registraion_Form
2026-05-24 22:12:48,543 [Worker-24: Building] INFO  o.a.m.s.f.DefaultMavenResourcesFiltering - Copying 1 resource from src\main\resources to target\classes
2026-05-24 22:12:48,571 [Worker-24: Building] INFO  o.a.m.s.f.DefaultMavenResourcesFiltering - Copying 0 resource from src\test\resources to target\test-classes
2026-05-24 22:13:33,744 [Worker-24: Updating Maven Project] INFO  o.e.m.c.i.p.ProjectConfigurationManager - Update started
2026-05-24 22:13:33,886 [Worker-24: Updating Maven Project] INFO  o.e.m.c.i.l.LifecycleMappingFactory - Using org.maven.ide.eclipse.wtp.WarLifecycleMapping lifecycle mapping for MavenProject: com.form:Registration_Form:0.0.1-SNAPSHOT @ D:\Java_Project\Registraion_Form\pom.xml.
2026-05-24 22:13:34,510 [Worker-24: Updating Maven Project] INFO  o.e.m.j.i.AbstractJavaProjectConfigurator - Adding source folder /Registraion_Form/src/main/java
2026-05-24 22:13:34,512 [Worker-24: Updating Maven Project] INFO  o.e.m.j.i.AbstractJavaProjectConfigurator - Adding resource folder /Registraion_Form/src/main/resources
2026-05-24 22:13:34,514 [Worker-24: Updating Maven Project] INFO  o.e.m.j.i.AbstractJavaProjectConfigurator - Adding source folder /Registraion_Form/src/test/java
2026-05-24 22:13:34,515 [Worker-24: Updating Maven Project] INFO  o.e.m.j.i.AbstractJavaProjectConfigurator - Adding resource folder /Registraion_Form/src/test/resources
2026-05-24 22:13:35,008 [Worker-24: Updating Maven Project] INFO  o.e.m.w.i.f.ResourceFilteringBuildParticipant - Cleaning filtered folder for Registraion_Form
2026-05-24 22:13:35,064 [Worker-24: Updating Maven Project] INFO  o.e.m.c.i.p.ProjectConfigurationManager - Update completed for 1 poms: local refresh takes 0.00 sec, refresh facades takes 0.00 sec, update config takes 0.00 sec 
2026-05-24 22:13:35,521 [Worker-4: Building] INFO  o.a.m.s.f.DefaultMavenResourcesFiltering - Copying 1 resource from src\main\resources to target\classes
2026-05-24 22:13:35,533 [Worker-4: Building] INFO  o.a.m.s.f.DefaultMavenResourcesFiltering - Copying 0 resource from src\test\resources to target\test-classes
2026-05-24 22:13:35,534 [Worker-4: Building] INFO  o.e.m.w.i.f.ResourceFilteringBuildParticipant - Changed resources require a complete clean of filtered resources of Registraion_Form
2026-05-24 22:13:35,534 [Worker-4: Building] INFO  o.e.m.w.i.f.ResourceFilteringBuildParticipant - Executing resource filtering for Registraion_Form
2026-05-24 22:16:41,125 [Worker-15: Building] INFO  o.a.m.s.f.DefaultMavenResourcesFiltering - Copying 0 resource from src\main\resources to target\classes
2026-05-24 22:16:41,131 [Worker-15: Building] INFO  o.a.m.s.f.DefaultMavenResourcesFiltering - Copying 0 resource from src\test\resources to target\test-classes
2026-05-24 22:17:04,885 [Worker-4: Building] INFO  o.a.m.s.f.DefaultMavenResourcesFiltering - Copying 1 resource from src\main\resources to target\classes
2026-05-24 22:17:04,892 [Worker-4: Building] INFO  o.a.m.s.f.DefaultMavenResourcesFiltering - Copying 0 resource from src\test\resources to target\test-classes
2026-05-24 22:20:41,103 [Worker-19: Updating Maven Project] INFO  o.e.m.c.i.p.ProjectConfigurationManager - Update started
2026-05-24 22:20:41,994 [Worker-19: Updating Maven Project] INFO  o.e.m.c.i.l.LifecycleMappingFactory - Using org.maven.ide.eclipse.wtp.WarLifecycleMapping lifecycle mapping for MavenProject: com.tracker:Online_Expanse_Tracker:0.0.1-SNAPSHOT @ D:\Java_Project\Online_Expanse_Tracker\pom.xml.
2026-05-24 22:20:42,097 [Worker-19: Updating Maven Project] INFO  o.e.m.c.i.l.LifecycleMappingFactory - Using org.maven.ide.eclipse.wtp.WarLifecycleMapping lifecycle mapping for MavenProject: com.form:Registration_Form:0.0.1-SNAPSHOT @ D:\Java_Project\Registraion_Form\pom.xml.
2026-05-24 22:20:45,033 [Worker-19: Updating Maven Project] INFO  o.e.m.j.i.AbstractJavaProjectConfigurator - Adding source folder /Online_Expanse_Tracker/src/main/java
2026-05-24 22:20:45,037 [Worker-19: Updating Maven Project] INFO  o.e.m.j.i.AbstractJavaProjectConfigurator - Adding resource folder /Online_Expanse_Tracker/src/main/resources
2026-05-24 22:20:45,063 [Worker-19: Updating Maven Project] INFO  o.e.m.j.i.AbstractJavaProjectConfigurator - Adding source folder /Online_Expanse_Tracker/src/test/java
2026-05-24 22:20:45,065 [Worker-19: Updating Maven Project] INFO  o.e.m.j.i.AbstractJavaProjectConfigurator - Adding resource folder /Online_Expanse_Tracker/src/test/resources
2026-05-24 22:20:46,425 [Worker-19: Updating Maven Project] INFO  o.e.m.w.i.f.ResourceFilteringBuildParticipant - Cleaning filtered folder for Online_Expanse_Tracker
2026-05-24 22:20:46,479 [Worker-19: Updating Maven Project] INFO  o.e.m.c.i.p.ProjectConfigurationManager - Update completed for 1 poms: local refresh takes 0.00 sec, refresh facades takes 3.00 sec, update config takes 1.00 sec 
2026-05-24 22:20:46,597 [Worker-22: Building Project Online_Expanse_Tracker] INFO  o.a.m.s.f.DefaultMavenResourcesFiltering - Copying 0 resource from src\main\resources to target\classes
2026-05-24 22:20:46,607 [Worker-22: Building Project Online_Expanse_Tracker] INFO  o.a.m.s.f.DefaultMavenResourcesFiltering - Copying 0 resource from src\test\resources to target\test-classes
2026-05-24 22:20:46,607 [Worker-22: Building Project Online_Expanse_Tracker] INFO  o.e.m.w.i.f.ResourceFilteringBuildParticipant - Changed resources require a complete clean of filtered resources of Online_Expanse_Tracker
2026-05-24 22:20:46,607 [Worker-22: Building Project Online_Expanse_Tracker] INFO  o.e.m.w.i.f.ResourceFilteringBuildParticipant - Executing resource filtering for Online_Expanse_Tracker
2026-05-24 22:20:48,331 [Worker-22: Building Project Online_Expanse_Tracker] INFO  o.a.m.s.f.DefaultMavenResourcesFiltering - Copying 0 resource from src\main\resources to target\classes
2026-05-24 22:20:48,337 [Worker-22: Building Project Online_Expanse_Tracker] INFO  o.a.m.s.f.DefaultMavenResourcesFiltering - Copying 0 resource from src\test\resources to target\test-classes
2026-05-24 22:20:48,338 [Worker-22: Building Project Online_Expanse_Tracker] INFO  o.e.m.w.i.f.ResourceFilteringBuildParticipant - Changed resources require a complete clean of filtered resources of Registraion_Form
2026-05-24 22:20:48,338 [Worker-22: Building Project Online_Expanse_Tracker] INFO  o.e.m.w.i.f.ResourceFilteringBuildParticipant - Executing resource filtering for Registraion_Form
2026-05-24 22:21:35,634 [Worker-19: Launching mavenrun-6af47db2-abf1-44b8-985e-5d4d1ea8062d] INFO  o.eclipse.m2e.core.internal.Bundles - getClasspathEntries(Bundle=org.eclipse.m2e.maven.runtime_3.9.900.20250220-2013 [640])
2026-05-24 22:21:35,636 [Worker-19: Launching mavenrun-6af47db2-abf1-44b8-985e-5d4d1ea8062d] INFO  o.eclipse.m2e.core.internal.Bundles - 	Entry: D:\Software\eclipse\plugins\org.eclipse.m2e.maven.runtime_3.9.900.20250220-2013
2026-05-24 22:21:35,637 [Worker-19: Launching mavenrun-6af47db2-abf1-44b8-985e-5d4d1ea8062d] INFO  o.eclipse.m2e.core.internal.Bundles - 	Entry: D:\Software\eclipse\plugins\org.eclipse.m2e.maven.runtime_3.9.900.20250220-2013\jars\aopalliance-1.0.jar
2026-05-24 22:21:35,638 [Worker-19: Launching mavenrun-6af47db2-abf1-44b8-985e-5d4d1ea8062d] INFO  o.eclipse.m2e.core.internal.Bundles - 	Entry: D:\Software\eclipse\plugins\org.eclipse.m2e.maven.runtime_3.9.900.20250220-2013\jars\guice-5.1.0.jar
2026-05-24 22:21:35,638 [Worker-19: Launching mavenrun-6af47db2-abf1-44b8-985e-5d4d1ea8062d] INFO  o.eclipse.m2e.core.internal.Bundles - 	Entry: D:\Software\eclipse\plugins\org.eclipse.m2e.maven.runtime_3.9.900.20250220-2013\jars\httpclient-4.5.14.jar
2026-05-24 22:21:35,638 [Worker-19: Launching mavenrun-6af47db2-abf1-44b8-985e-5d4d1ea8062d] INFO  o.eclipse.m2e.core.internal.Bundles - 	Entry: D:\Software\eclipse\plugins\org.eclipse.m2e.maven.runtime_3.9.900.20250220-2013\jars\httpcore-4.4.16.jar
2026-05-24 22:21:35,639 [Worker-19: Launching mavenrun-6af47db2-abf1-44b8-985e-5d4d1ea8062d] INFO  o.eclipse.m2e.core.internal.Bundles - 	Entry: D:\Software\eclipse\plugins\org.eclipse.m2e.maven.runtime_3.9.900.20250220-2013\jars\jansi-2.4.1.jar
2026-05-24 22:21:35,639 [Worker-19: Launching mavenrun-6af47db2-abf1-44b8-985e-5d4d1ea8062d] INFO  o.eclipse.m2e.core.internal.Bundles - 	Entry: D:\Software\eclipse\plugins\org.eclipse.m2e.maven.runtime_3.9.900.20250220-2013\jars\jcl-over-slf4j-1.7.36.jar
2026-05-24 22:21:35,639 [Worker-19: Launching mavenrun-6af47db2-abf1-44b8-985e-5d4d1ea8062d] INFO  o.eclipse.m2e.core.internal.Bundles - 	Entry: D:\Software\eclipse\plugins\org.eclipse.m2e.maven.runtime_3.9.900.20250220-2013\jars\maven-artifact-3.9.9.jar
2026-05-24 22:21:35,639 [Worker-19: Launching mavenrun-6af47db2-abf1-44b8-985e-5d4d1ea8062d] INFO  o.eclipse.m2e.core.internal.Bundles - 	Entry: D:\Software\eclipse\plugins\org.eclipse.m2e.maven.runtime_3.9.900.20250220-2013\jars\maven-builder-support-3.9.9.jar
2026-05-24 22:21:35,640 [Worker-19: Launching mavenrun-6af47db2-abf1-44b8-985e-5d4d1ea8062d] INFO  o.eclipse.m2e.core.internal.Bundles - 	Entry: D:\Software\eclipse\plugins\org.eclipse.m2e.maven.runtime_3.9.900.20250220-2013\jars\maven-compat-3.9.9.jar
2026-05-24 22:21:35,640 [Worker-19: Launching mavenrun-6af47db2-abf1-44b8-985e-5d4d1ea8062d] INFO  o.eclipse.m2e.core.internal.Bundles - 	Entry: D:\Software\eclipse\plugins\org.eclipse.m2e.maven.runtime_3.9.900.20250220-2013\jars\maven-core-3.9.9.jar
2026-05-24 22:21:35,640 [Worker-19: Launching mavenrun-6af47db2-abf1-44b8-985e-5d4d1ea8062d] INFO  o.eclipse.m2e.core.internal.Bundles - 	Entry: D:\Software\eclipse\plugins\org.eclipse.m2e.maven.runtime_3.9.900.20250220-2013\jars\maven-embedder-3.9.9.jar
2026-05-24 22:21:35,641 [Worker-19: Launching mavenrun-6af47db2-abf1-44b8-985e-5d4d1ea8062d] INFO  o.eclipse.m2e.core.internal.Bundles - 	Entry: D:\Software\eclipse\plugins\org.eclipse.m2e.maven.runtime_3.9.900.20250220-2013\jars\maven-model-3.9.9.jar
2026-05-24 22:21:35,641 [Worker-19: Launching mavenrun-6af47db2-abf1-44b8-985e-5d4d1ea8062d] INFO  o.eclipse.m2e.core.internal.Bundles - 	Entry: D:\Software\eclipse\plugins\org.eclipse.m2e.maven.runtime_3.9.900.20250220-2013\jars\maven-model-builder-3.9.9.jar
2026-05-24 22:21:35,641 [Worker-19: Launching mavenrun-6af47db2-abf1-44b8-985e-5d4d1ea8062d] INFO  o.eclipse.m2e.core.internal.Bundles - 	Entry: D:\Software\eclipse\plugins\org.eclipse.m2e.maven.runtime_3.9.900.20250220-2013\jars\maven-plugin-api-3.9.9.jar
2026-05-24 22:21:35,641 [Worker-19: Launching mavenrun-6af47db2-abf1-44b8-985e-5d4d1ea8062d] INFO  o.eclipse.m2e.core.internal.Bundles - 	Entry: D:\Software\eclipse\plugins\org.eclipse.m2e.maven.runtime_3.9.900.20250220-2013\jars\maven-repository-metadata-3.9.9.jar
2026-05-24 22:21:35,642 [Worker-19: Launching mavenrun-6af47db2-abf1-44b8-985e-5d4d1ea8062d] INFO  o.eclipse.m2e.core.internal.Bundles - 	Entry: D:\Software\eclipse\plugins\org.eclipse.m2e.maven.runtime_3.9.900.20250220-2013\jars\maven-resolver-api-1.9.22.jar
2026-05-24 22:21:35,642 [Worker-19: Launching mavenrun-6af47db2-abf1-44b8-985e-5d4d1ea8062d] INFO  o.eclipse.m2e.core.internal.Bundles - 	Entry: D:\Software\eclipse\plugins\org.eclipse.m2e.maven.runtime_3.9.900.20250220-2013\jars\maven-resolver-connector-basic-1.9.22.jar
2026-05-24 22:21:35,642 [Worker-19: Launching mavenrun-6af47db2-abf1-44b8-985e-5d4d1ea8062d] INFO  o.eclipse.m2e.core.internal.Bundles - 	Entry: D:\Software\eclipse\plugins\org.eclipse.m2e.maven.runtime_3.9.900.20250220-2013\jars\maven-resolver-impl-1.9.22.jar
2026-05-24 22:21:35,643 [Worker-19: Launching mavenrun-6af47db2-abf1-44b8-985e-5d4d1ea8062d] INFO  o.eclipse.m2e.core.internal.Bundles - 	Entry: D:\Software\eclipse\plugins\org.eclipse.m2e.maven.runtime_3.9.900.20250220-2013\jars\maven-resolver-named-locks-1.9.22.jar
2026-05-24 22:21:35,643 [Worker-19: Launching mavenrun-6af47db2-abf1-44b8-985e-5d4d1ea8062d] INFO  o.eclipse.m2e.core.internal.Bundles - 	Entry: D:\Software\eclipse\plugins\org.eclipse.m2e.maven.runtime_3.9.900.20250220-2013\jars\maven-resolver-provider-3.9.9.jar
2026-05-24 22:21:35,643 [Worker-19: Launching mavenrun-6af47db2-abf1-44b8-985e-5d4d1ea8062d] INFO  o.eclipse.m2e.core.internal.Bundles - 	Entry: D:\Software\eclipse\plugins\org.eclipse.m2e.maven.runtime_3.9.900.20250220-2013\jars\maven-resolver-spi-1.9.22.jar
2026-05-24 22:21:35,644 [Worker-19: Launching mavenrun-6af47db2-abf1-44b8-985e-5d4d1ea8062d] INFO  o.eclipse.m2e.core.internal.Bundles - 	Entry: D:\Software\eclipse\plugins\org.eclipse.m2e.maven.runtime_3.9.900.20250220-2013\jars\maven-resolver-transport-file-1.9.22.jar
2026-05-24 22:21:35,644 [Worker-19: Launching mavenrun-6af47db2-abf1-44b8-985e-5d4d1ea8062d] INFO  o.eclipse.m2e.core.internal.Bundles - 	Entry: D:\Software\eclipse\plugins\org.eclipse.m2e.maven.runtime_3.9.900.20250220-2013\jars\maven-resolver-transport-http-1.9.22.jar
2026-05-24 22:21:35,644 [Worker-19: Launching mavenrun-6af47db2-abf1-44b8-985e-5d4d1ea8062d] INFO  o.eclipse.m2e.core.internal.Bundles - 	Entry: D:\Software\eclipse\plugins\org.eclipse.m2e.maven.runtime_3.9.900.20250220-2013\jars\maven-resolver-transport-wagon-1.9.22.jar
2026-05-24 22:21:35,645 [Worker-19: Launching mavenrun-6af47db2-abf1-44b8-985e-5d4d1ea8062d] INFO  o.eclipse.m2e.core.internal.Bundles - 	Entry: D:\Software\eclipse\plugins\org.eclipse.m2e.maven.runtime_3.9.900.20250220-2013\jars\maven-resolver-util-1.9.22.jar
2026-05-24 22:21:35,645 [Worker-19: Launching mavenrun-6af47db2-abf1-44b8-985e-5d4d1ea8062d] INFO  o.eclipse.m2e.core.internal.Bundles - 	Entry: D:\Software\eclipse\plugins\org.eclipse.m2e.maven.runtime_3.9.900.20250220-2013\jars\maven-settings-3.9.9.jar
2026-05-24 22:21:35,646 [Worker-19: Launching mavenrun-6af47db2-abf1-44b8-985e-5d4d1ea8062d] INFO  o.eclipse.m2e.core.internal.Bundles - 	Entry: D:\Software\eclipse\plugins\org.eclipse.m2e.maven.runtime_3.9.900.20250220-2013\jars\maven-settings-builder-3.9.9.jar
2026-05-24 22:21:35,652 [Worker-19: Launching mavenrun-6af47db2-abf1-44b8-985e-5d4d1ea8062d] INFO  o.eclipse.m2e.core.internal.Bundles - 	Entry: D:\Software\eclipse\plugins\org.eclipse.m2e.maven.runtime_3.9.900.20250220-2013\jars\maven-shared-utils-3.4.2.jar
2026-05-24 22:21:35,653 [Worker-19: Launching mavenrun-6af47db2-abf1-44b8-985e-5d4d1ea8062d] INFO  o.eclipse.m2e.core.internal.Bundles - 	Entry: D:\Software\eclipse\plugins\org.eclipse.m2e.maven.runtime_3.9.900.20250220-2013\jars\org.eclipse.sisu.inject-0.9.0.M3.jar
2026-05-24 22:21:35,653 [Worker-19: Launching mavenrun-6af47db2-abf1-44b8-985e-5d4d1ea8062d] INFO  o.eclipse.m2e.core.internal.Bundles - 	Entry: D:\Software\eclipse\plugins\org.eclipse.m2e.maven.runtime_3.9.900.20250220-2013\jars\org.eclipse.sisu.plexus-0.9.0.M3.jar
2026-05-24 22:21:35,654 [Worker-19: Launching mavenrun-6af47db2-abf1-44b8-985e-5d4d1ea8062d] INFO  o.eclipse.m2e.core.internal.Bundles - 	Entry: D:\Software\eclipse\plugins\org.eclipse.m2e.maven.runtime_3.9.900.20250220-2013\jars\plexus-build-api-0.0.7.jar
2026-05-24 22:21:35,654 [Worker-19: Launching mavenrun-6af47db2-abf1-44b8-985e-5d4d1ea8062d] INFO  o.eclipse.m2e.core.internal.Bundles - 	Entry: D:\Software\eclipse\plugins\org.eclipse.m2e.maven.runtime_3.9.900.20250220-2013\jars\plexus-build-api-1.2.0.jar
2026-05-24 22:21:35,654 [Worker-19: Launching mavenrun-6af47db2-abf1-44b8-985e-5d4d1ea8062d] INFO  o.eclipse.m2e.core.internal.Bundles - 	Entry: D:\Software\eclipse\plugins\org.eclipse.m2e.maven.runtime_3.9.900.20250220-2013\jars\plexus-cipher-2.0.jar
2026-05-24 22:21:35,655 [Worker-19: Launching mavenrun-6af47db2-abf1-44b8-985e-5d4d1ea8062d] INFO  o.eclipse.m2e.core.internal.Bundles - 	Entry: D:\Software\eclipse\plugins\org.eclipse.m2e.maven.runtime_3.9.900.20250220-2013\jars\plexus-classworlds-2.8.0.jar
2026-05-24 22:21:35,656 [Worker-19: Launching mavenrun-6af47db2-abf1-44b8-985e-5d4d1ea8062d] INFO  o.eclipse.m2e.core.internal.Bundles - 	Entry: D:\Software\eclipse\plugins\org.eclipse.m2e.maven.runtime_3.9.900.20250220-2013\jars\plexus-component-annotations-2.1.0.jar
2026-05-24 22:21:35,657 [Worker-19: Launching mavenrun-6af47db2-abf1-44b8-985e-5d4d1ea8062d] INFO  o.eclipse.m2e.core.internal.Bundles - 	Entry: D:\Software\eclipse\plugins\org.eclipse.m2e.maven.runtime_3.9.900.20250220-2013\jars\plexus-interpolation-1.27.jar
2026-05-24 22:21:35,658 [Worker-19: Launching mavenrun-6af47db2-abf1-44b8-985e-5d4d1ea8062d] INFO  o.eclipse.m2e.core.internal.Bundles - 	Entry: D:\Software\eclipse\plugins\org.eclipse.m2e.maven.runtime_3.9.900.20250220-2013\jars\plexus-sec-dispatcher-2.0.jar
2026-05-24 22:21:35,658 [Worker-19: Launching mavenrun-6af47db2-abf1-44b8-985e-5d4d1ea8062d] INFO  o.eclipse.m2e.core.internal.Bundles - 	Entry: D:\Software\eclipse\plugins\org.eclipse.m2e.maven.runtime_3.9.900.20250220-2013\jars\plexus-utils-3.5.1.jar
2026-05-24 22:21:35,659 [Worker-19: Launching mavenrun-6af47db2-abf1-44b8-985e-5d4d1ea8062d] INFO  o.eclipse.m2e.core.internal.Bundles - 	Entry: D:\Software\eclipse\plugins\org.eclipse.m2e.maven.runtime_3.9.900.20250220-2013\jars\plexus-xml-3.0.1.jar
2026-05-24 22:21:35,659 [Worker-19: Launching mavenrun-6af47db2-abf1-44b8-985e-5d4d1ea8062d] INFO  o.eclipse.m2e.core.internal.Bundles - 	Entry: D:\Software\eclipse\plugins\org.eclipse.m2e.maven.runtime_3.9.900.20250220-2013\jars\wagon-file-3.5.3.jar
2026-05-24 22:21:35,659 [Worker-19: Launching mavenrun-6af47db2-abf1-44b8-985e-5d4d1ea8062d] INFO  o.eclipse.m2e.core.internal.Bundles - 	Entry: D:\Software\eclipse\plugins\org.eclipse.m2e.maven.runtime_3.9.900.20250220-2013\jars\wagon-http-3.5.3.jar
2026-05-24 22:21:35,660 [Worker-19: Launching mavenrun-6af47db2-abf1-44b8-985e-5d4d1ea8062d] INFO  o.eclipse.m2e.core.internal.Bundles - 	Entry: D:\Software\eclipse\plugins\org.eclipse.m2e.maven.runtime_3.9.900.20250220-2013\jars\wagon-http-shared-3.5.3.jar
2026-05-24 22:21:35,660 [Worker-19: Launching mavenrun-6af47db2-abf1-44b8-985e-5d4d1ea8062d] INFO  o.eclipse.m2e.core.internal.Bundles - 	Entry: D:\Software\eclipse\plugins\org.eclipse.m2e.maven.runtime_3.9.900.20250220-2013\jars\wagon-provider-api-3.5.3.jar
2026-05-24 22:21:35,661 [Worker-19: Launching mavenrun-6af47db2-abf1-44b8-985e-5d4d1ea8062d] INFO  o.eclipse.m2e.core.internal.Bundles - getClasspathEntries(Bundle=com.google.guava_33.4.8.jre [18])
2026-05-24 22:21:35,662 [Worker-19: Launching mavenrun-6af47db2-abf1-44b8-985e-5d4d1ea8062d] INFO  o.eclipse.m2e.core.internal.Bundles - 	Entry: D:\Software\eclipse\plugins\com.google.guava_33.4.8.jre.jar
2026-05-24 22:21:35,663 [Worker-19: Launching mavenrun-6af47db2-abf1-44b8-985e-5d4d1ea8062d] INFO  o.eclipse.m2e.core.internal.Bundles - getClasspathEntries(Bundle=slf4j.api_2.0.17 [1006])
2026-05-24 22:21:35,664 [Worker-19: Launching mavenrun-6af47db2-abf1-44b8-985e-5d4d1ea8062d] INFO  o.eclipse.m2e.core.internal.Bundles - 	Entry: D:\Software\eclipse\plugins\slf4j.api_2.0.17.jar
2026-05-24 22:21:35,665 [Worker-19: Launching mavenrun-6af47db2-abf1-44b8-985e-5d4d1ea8062d] INFO  o.eclipse.m2e.core.internal.Bundles - getClasspathEntries(Bundle=jakarta.inject.jakarta.inject-api_1.0.5 [35])
2026-05-24 22:21:35,666 [Worker-19: Launching mavenrun-6af47db2-abf1-44b8-985e-5d4d1ea8062d] INFO  o.eclipse.m2e.core.internal.Bundles - 	Entry: D:\Software\eclipse\plugins\jakarta.inject.jakarta.inject-api_1.0.5.jar
2026-05-24 22:21:35,666 [Worker-19: Launching mavenrun-6af47db2-abf1-44b8-985e-5d4d1ea8062d] INFO  o.eclipse.m2e.core.internal.Bundles - getClasspathEntries(Bundle=javax.annotation_1.3.5.v20200909-1856 [45])
2026-05-24 22:21:35,668 [Worker-19: Launching mavenrun-6af47db2-abf1-44b8-985e-5d4d1ea8062d] INFO  o.eclipse.m2e.core.internal.Bundles - 	Entry: D:\Software\eclipse\plugins\javax.annotation_1.3.5.v20200909-1856.jar
2026-05-24 22:21:35,668 [Worker-19: Launching mavenrun-6af47db2-abf1-44b8-985e-5d4d1ea8062d] INFO  o.eclipse.m2e.core.internal.Bundles - getClasspathEntries(Bundle=org.apache.commons.cli_1.9.0 [76])
2026-05-24 22:21:35,669 [Worker-19: Launching mavenrun-6af47db2-abf1-44b8-985e-5d4d1ea8062d] INFO  o.eclipse.m2e.core.internal.Bundles - 	Entry: D:\Software\eclipse\plugins\org.apache.commons.cli_1.9.0.jar
2026-05-24 22:21:35,669 [Worker-19: Launching mavenrun-6af47db2-abf1-44b8-985e-5d4d1ea8062d] INFO  o.eclipse.m2e.core.internal.Bundles - getClasspathEntries(Bundle=org.apache.commons.commons-codec_1.16.0 [78])
2026-05-24 22:21:35,671 [Worker-19: Launching mavenrun-6af47db2-abf1-44b8-985e-5d4d1ea8062d] INFO  o.eclipse.m2e.core.internal.Bundles - 	Entry: D:\Software\eclipse\plugins\org.apache.commons.commons-codec_1.16.0.jar
2026-05-24 22:21:35,671 [Worker-19: Launching mavenrun-6af47db2-abf1-44b8-985e-5d4d1ea8062d] INFO  o.eclipse.m2e.core.internal.Bundles - getClasspathEntries(Bundle=com.google.guava.failureaccess_1.0.3 [19])
2026-05-24 22:21:35,672 [Worker-19: Launching mavenrun-6af47db2-abf1-44b8-985e-5d4d1ea8062d] INFO  o.eclipse.m2e.core.internal.Bundles - 	Entry: D:\Software\eclipse\plugins\com.google.guava.failureaccess_1.0.3.jar
2026-05-24 22:21:35,676 [Worker-19: Launching mavenrun-6af47db2-abf1-44b8-985e-5d4d1ea8062d] INFO  o.e.m.i.launch.MavenLaunchDelegate - Run build in "C:\Users\lenovo\AppData\Local\Temp\m2e-archetypeGenerator9255279408506970351":
2026-05-24 22:21:35,676 [Worker-19: Launching mavenrun-6af47db2-abf1-44b8-985e-5d4d1ea8062d] INFO  o.e.m.i.launch.MavenLaunchDelegate -  mvn  -DarchetypeGroupId=org.apache.maven.archetypes -DarchetypeArtifactId=maven-archetype-webapp -DarchetypeVersion=1.0 -DgroupId=com.note -DartifactId=NoteTaker -Dversion=0.0.1-SNAPSHOT -Dpackage=com.note -DoutputDirectory=D:\Java_Project -Dstyle.color=always -U archetype:generate
2026-05-24 22:21:55,201 [Worker-22: Creating maven-archetype-webapp] INFO  o.e.m.c.i.p.ProjectConfigurationManager - Collecting project info '/pom.xml' D:\Java_Project\NoteTaker\pom.xml
2026-05-24 22:21:55,333 [Worker-22: Creating maven-archetype-webapp] INFO  o.e.m.c.i.l.LifecycleMappingFactory - Using org.maven.ide.eclipse.wtp.WarLifecycleMapping lifecycle mapping for MavenProject: com.note:NoteTaker:0.0.1-SNAPSHOT @ D:\Java_Project\NoteTaker\pom.xml.
2026-05-24 22:21:55,423 [Worker-22: Creating maven-archetype-webapp] INFO  o.e.m.j.i.AbstractJavaProjectConfigurator - Adding source folder /NoteTaker/src/main/java
2026-05-24 22:21:55,425 [Worker-22: Creating maven-archetype-webapp] INFO  o.e.m.j.i.AbstractJavaProjectConfigurator - Adding resource folder /NoteTaker/src/main/resources
2026-05-24 22:21:55,426 [Worker-22: Creating maven-archetype-webapp] INFO  o.e.m.j.i.AbstractJavaProjectConfigurator - Adding source folder /NoteTaker/src/test/java
2026-05-24 22:21:55,427 [Worker-22: Creating maven-archetype-webapp] INFO  o.e.m.j.i.AbstractJavaProjectConfigurator - Adding resource folder /NoteTaker/src/test/resources
2026-05-24 22:21:56,368 [Worker-22: Creating maven-archetype-webapp] INFO  o.e.m.c.i.p.ProjectConfigurationManager - Imported and configured 1 project(s) in 1 sec
2026-05-24 22:30:05,791 [Worker-19: Launching mavenrun-13927c10-6f84-48cc-b654-18095a8da007] INFO  o.eclipse.m2e.core.internal.Bundles - getClasspathEntries(Bundle=org.eclipse.m2e.maven.runtime_3.9.900.20250220-2013 [640])
2026-05-24 22:30:05,795 [Worker-19: Launching mavenrun-13927c10-6f84-48cc-b654-18095a8da007] INFO  o.eclipse.m2e.core.internal.Bundles - 	Entry: D:\Software\eclipse\plugins\org.eclipse.m2e.maven.runtime_3.9.900.20250220-2013
2026-05-24 22:30:05,795 [Worker-19: Launching mavenrun-13927c10-6f84-48cc-b654-18095a8da007] INFO  o.eclipse.m2e.core.internal.Bundles - 	Entry: D:\Software\eclipse\plugins\org.eclipse.m2e.maven.runtime_3.9.900.20250220-2013\jars\aopalliance-1.0.jar
2026-05-24 22:30:05,796 [Worker-19: Launching mavenrun-13927c10-6f84-48cc-b654-18095a8da007] INFO  o.eclipse.m2e.core.internal.Bundles - 	Entry: D:\Software\eclipse\plugins\org.eclipse.m2e.maven.runtime_3.9.900.20250220-2013\jars\guice-5.1.0.jar
2026-05-24 22:30:05,797 [Worker-19: Launching mavenrun-13927c10-6f84-48cc-b654-18095a8da007] INFO  o.eclipse.m2e.core.internal.Bundles - 	Entry: D:\Software\eclipse\plugins\org.eclipse.m2e.maven.runtime_3.9.900.20250220-2013\jars\httpclient-4.5.14.jar
2026-05-24 22:30:05,797 [Worker-19: Launching mavenrun-13927c10-6f84-48cc-b654-18095a8da007] INFO  o.eclipse.m2e.core.internal.Bundles - 	Entry: D:\Software\eclipse\plugins\org.eclipse.m2e.maven.runtime_3.9.900.20250220-2013\jars\httpcore-4.4.16.jar
2026-05-24 22:30:05,798 [Worker-19: Launching mavenrun-13927c10-6f84-48cc-b654-18095a8da007] INFO  o.eclipse.m2e.core.internal.Bundles - 	Entry: D:\Software\eclipse\plugins\org.eclipse.m2e.maven.runtime_3.9.900.20250220-2013\jars\jansi-2.4.1.jar
2026-05-24 22:30:05,798 [Worker-19: Launching mavenrun-13927c10-6f84-48cc-b654-18095a8da007] INFO  o.eclipse.m2e.core.internal.Bundles - 	Entry: D:\Software\eclipse\plugins\org.eclipse.m2e.maven.runtime_3.9.900.20250220-2013\jars\jcl-over-slf4j-1.7.36.jar
2026-05-24 22:30:05,798 [Worker-19: Launching mavenrun-13927c10-6f84-48cc-b654-18095a8da007] INFO  o.eclipse.m2e.core.internal.Bundles - 	Entry: D:\Software\eclipse\plugins\org.eclipse.m2e.maven.runtime_3.9.900.20250220-2013\jars\maven-artifact-3.9.9.jar
2026-05-24 22:30:05,799 [Worker-19: Launching mavenrun-13927c10-6f84-48cc-b654-18095a8da007] INFO  o.eclipse.m2e.core.internal.Bundles - 	Entry: D:\Software\eclipse\plugins\org.eclipse.m2e.maven.runtime_3.9.900.20250220-2013\jars\maven-builder-support-3.9.9.jar
2026-05-24 22:30:05,799 [Worker-19: Launching mavenrun-13927c10-6f84-48cc-b654-18095a8da007] INFO  o.eclipse.m2e.core.internal.Bundles - 	Entry: D:\Software\eclipse\plugins\org.eclipse.m2e.maven.runtime_3.9.900.20250220-2013\jars\maven-compat-3.9.9.jar
2026-05-24 22:30:05,799 [Worker-19: Launching mavenrun-13927c10-6f84-48cc-b654-18095a8da007] INFO  o.eclipse.m2e.core.internal.Bundles - 	Entry: D:\Software\eclipse\plugins\org.eclipse.m2e.maven.runtime_3.9.900.20250220-2013\jars\maven-core-3.9.9.jar
2026-05-24 22:30:05,800 [Worker-19: Launching mavenrun-13927c10-6f84-48cc-b654-18095a8da007] INFO  o.eclipse.m2e.core.internal.Bundles - 	Entry: D:\Software\eclipse\plugins\org.eclipse.m2e.maven.runtime_3.9.900.20250220-2013\jars\maven-embedder-3.9.9.jar
2026-05-24 22:30:05,800 [Worker-19: Launching mavenrun-13927c10-6f84-48cc-b654-18095a8da007] INFO  o.eclipse.m2e.core.internal.Bundles - 	Entry: D:\Software\eclipse\plugins\org.eclipse.m2e.maven.runtime_3.9.900.20250220-2013\jars\maven-model-3.9.9.jar
2026-05-24 22:30:05,800 [Worker-19: Launching mavenrun-13927c10-6f84-48cc-b654-18095a8da007] INFO  o.eclipse.m2e.core.internal.Bundles - 	Entry: D:\Software\eclipse\plugins\org.eclipse.m2e.maven.runtime_3.9.900.20250220-2013\jars\maven-model-builder-3.9.9.jar
2026-05-24 22:30:05,800 [Worker-19: Launching mavenrun-13927c10-6f84-48cc-b654-18095a8da007] INFO  o.eclipse.m2e.core.internal.Bundles - 	Entry: D:\Software\eclipse\plugins\org.eclipse.m2e.maven.runtime_3.9.900.20250220-2013\jars\maven-plugin-api-3.9.9.jar
2026-05-24 22:30:05,801 [Worker-19: Launching mavenrun-13927c10-6f84-48cc-b654-18095a8da007] INFO  o.eclipse.m2e.core.internal.Bundles - 	Entry: D:\Software\eclipse\plugins\org.eclipse.m2e.maven.runtime_3.9.900.20250220-2013\jars\maven-repository-metadata-3.9.9.jar
2026-05-24 22:30:05,801 [Worker-19: Launching mavenrun-13927c10-6f84-48cc-b654-18095a8da007] INFO  o.eclipse.m2e.core.internal.Bundles - 	Entry: D:\Software\eclipse\plugins\org.eclipse.m2e.maven.runtime_3.9.900.20250220-2013\jars\maven-resolver-api-1.9.22.jar
2026-05-24 22:30:05,801 [Worker-19: Launching mavenrun-13927c10-6f84-48cc-b654-18095a8da007] INFO  o.eclipse.m2e.core.internal.Bundles - 	Entry: D:\Software\eclipse\plugins\org.eclipse.m2e.maven.runtime_3.9.900.20250220-2013\jars\maven-resolver-connector-basic-1.9.22.jar
2026-05-24 22:30:05,801 [Worker-19: Launching mavenrun-13927c10-6f84-48cc-b654-18095a8da007] INFO  o.eclipse.m2e.core.internal.Bundles - 	Entry: D:\Software\eclipse\plugins\org.eclipse.m2e.maven.runtime_3.9.900.20250220-2013\jars\maven-resolver-impl-1.9.22.jar
2026-05-24 22:30:05,802 [Worker-19: Launching mavenrun-13927c10-6f84-48cc-b654-18095a8da007] INFO  o.eclipse.m2e.core.internal.Bundles - 	Entry: D:\Software\eclipse\plugins\org.eclipse.m2e.maven.runtime_3.9.900.20250220-2013\jars\maven-resolver-named-locks-1.9.22.jar
2026-05-24 22:30:05,802 [Worker-19: Launching mavenrun-13927c10-6f84-48cc-b654-18095a8da007] INFO  o.eclipse.m2e.core.internal.Bundles - 	Entry: D:\Software\eclipse\plugins\org.eclipse.m2e.maven.runtime_3.9.900.20250220-2013\jars\maven-resolver-provider-3.9.9.jar
2026-05-24 22:30:05,802 [Worker-19: Launching mavenrun-13927c10-6f84-48cc-b654-18095a8da007] INFO  o.eclipse.m2e.core.internal.Bundles - 	Entry: D:\Software\eclipse\plugins\org.eclipse.m2e.maven.runtime_3.9.900.20250220-2013\jars\maven-resolver-spi-1.9.22.jar
2026-05-24 22:30:05,802 [Worker-19: Launching mavenrun-13927c10-6f84-48cc-b654-18095a8da007] INFO  o.eclipse.m2e.core.internal.Bundles - 	Entry: D:\Software\eclipse\plugins\org.eclipse.m2e.maven.runtime_3.9.900.20250220-2013\jars\maven-resolver-transport-file-1.9.22.jar
2026-05-24 22:30:05,803 [Worker-19: Launching mavenrun-13927c10-6f84-48cc-b654-18095a8da007] INFO  o.eclipse.m2e.core.internal.Bundles - 	Entry: D:\Software\eclipse\plugins\org.eclipse.m2e.maven.runtime_3.9.900.20250220-2013\jars\maven-resolver-transport-http-1.9.22.jar
2026-05-24 22:30:05,803 [Worker-19: Launching mavenrun-13927c10-6f84-48cc-b654-18095a8da007] INFO  o.eclipse.m2e.core.internal.Bundles - 	Entry: D:\Software\eclipse\plugins\org.eclipse.m2e.maven.runtime_3.9.900.20250220-2013\jars\maven-resolver-transport-wagon-1.9.22.jar
2026-05-24 22:30:05,803 [Worker-19: Launching mavenrun-13927c10-6f84-48cc-b654-18095a8da007] INFO  o.eclipse.m2e.core.internal.Bundles - 	Entry: D:\Software\eclipse\plugins\org.eclipse.m2e.maven.runtime_3.9.900.20250220-2013\jars\maven-resolver-util-1.9.22.jar
2026-05-24 22:30:05,803 [Worker-19: Launching mavenrun-13927c10-6f84-48cc-b654-18095a8da007] INFO  o.eclipse.m2e.core.internal.Bundles - 	Entry: D:\Software\eclipse\plugins\org.eclipse.m2e.maven.runtime_3.9.900.20250220-2013\jars\maven-settings-3.9.9.jar
2026-05-24 22:30:05,804 [Worker-19: Launching mavenrun-13927c10-6f84-48cc-b654-18095a8da007] INFO  o.eclipse.m2e.core.internal.Bundles - 	Entry: D:\Software\eclipse\plugins\org.eclipse.m2e.maven.runtime_3.9.900.20250220-2013\jars\maven-settings-builder-3.9.9.jar
2026-05-24 22:30:05,804 [Worker-19: Launching mavenrun-13927c10-6f84-48cc-b654-18095a8da007] INFO  o.eclipse.m2e.core.internal.Bundles - 	Entry: D:\Software\eclipse\plugins\org.eclipse.m2e.maven.runtime_3.9.900.20250220-2013\jars\maven-shared-utils-3.4.2.jar
2026-05-24 22:30:05,804 [Worker-19: Launching mavenrun-13927c10-6f84-48cc-b654-18095a8da007] INFO  o.eclipse.m2e.core.internal.Bundles - 	Entry: D:\Software\eclipse\plugins\org.eclipse.m2e.maven.runtime_3.9.900.20250220-2013\jars\org.eclipse.sisu.inject-0.9.0.M3.jar
2026-05-24 22:30:05,805 [Worker-19: Launching mavenrun-13927c10-6f84-48cc-b654-18095a8da007] INFO  o.eclipse.m2e.core.internal.Bundles - 	Entry: D:\Software\eclipse\plugins\org.eclipse.m2e.maven.runtime_3.9.900.20250220-2013\jars\org.eclipse.sisu.plexus-0.9.0.M3.jar
2026-05-24 22:30:05,805 [Worker-19: Launching mavenrun-13927c10-6f84-48cc-b654-18095a8da007] INFO  o.eclipse.m2e.core.internal.Bundles - 	Entry: D:\Software\eclipse\plugins\org.eclipse.m2e.maven.runtime_3.9.900.20250220-2013\jars\plexus-build-api-0.0.7.jar
2026-05-24 22:30:05,805 [Worker-19: Launching mavenrun-13927c10-6f84-48cc-b654-18095a8da007] INFO  o.eclipse.m2e.core.internal.Bundles - 	Entry: D:\Software\eclipse\plugins\org.eclipse.m2e.maven.runtime_3.9.900.20250220-2013\jars\plexus-build-api-1.2.0.jar
2026-05-24 22:30:05,806 [Worker-19: Launching mavenrun-13927c10-6f84-48cc-b654-18095a8da007] INFO  o.eclipse.m2e.core.internal.Bundles - 	Entry: D:\Software\eclipse\plugins\org.eclipse.m2e.maven.runtime_3.9.900.20250220-2013\jars\plexus-cipher-2.0.jar
2026-05-24 22:30:05,806 [Worker-19: Launching mavenrun-13927c10-6f84-48cc-b654-18095a8da007] INFO  o.eclipse.m2e.core.internal.Bundles - 	Entry: D:\Software\eclipse\plugins\org.eclipse.m2e.maven.runtime_3.9.900.20250220-2013\jars\plexus-classworlds-2.8.0.jar
2026-05-24 22:30:05,807 [Worker-19: Launching mavenrun-13927c10-6f84-48cc-b654-18095a8da007] INFO  o.eclipse.m2e.core.internal.Bundles - 	Entry: D:\Software\eclipse\plugins\org.eclipse.m2e.maven.runtime_3.9.900.20250220-2013\jars\plexus-component-annotations-2.1.0.jar
2026-05-24 22:30:05,808 [Worker-19: Launching mavenrun-13927c10-6f84-48cc-b654-18095a8da007] INFO  o.eclipse.m2e.core.internal.Bundles - 	Entry: D:\Software\eclipse\plugins\org.eclipse.m2e.maven.runtime_3.9.900.20250220-2013\jars\plexus-interpolation-1.27.jar
2026-05-24 22:30:05,809 [Worker-19: Launching mavenrun-13927c10-6f84-48cc-b654-18095a8da007] INFO  o.eclipse.m2e.core.internal.Bundles - 	Entry: D:\Software\eclipse\plugins\org.eclipse.m2e.maven.runtime_3.9.900.20250220-2013\jars\plexus-sec-dispatcher-2.0.jar
2026-05-24 22:30:05,810 [Worker-19: Launching mavenrun-13927c10-6f84-48cc-b654-18095a8da007] INFO  o.eclipse.m2e.core.internal.Bundles - 	Entry: D:\Software\eclipse\plugins\org.eclipse.m2e.maven.runtime_3.9.900.20250220-2013\jars\plexus-utils-3.5.1.jar
2026-05-24 22:30:05,810 [Worker-19: Launching mavenrun-13927c10-6f84-48cc-b654-18095a8da007] INFO  o.eclipse.m2e.core.internal.Bundles - 	Entry: D:\Software\eclipse\plugins\org.eclipse.m2e.maven.runtime_3.9.900.20250220-2013\jars\plexus-xml-3.0.1.jar
2026-05-24 22:30:05,811 [Worker-19: Launching mavenrun-13927c10-6f84-48cc-b654-18095a8da007] INFO  o.eclipse.m2e.core.internal.Bundles - 	Entry: D:\Software\eclipse\plugins\org.eclipse.m2e.maven.runtime_3.9.900.20250220-2013\jars\wagon-file-3.5.3.jar
2026-05-24 22:30:05,812 [Worker-19: Launching mavenrun-13927c10-6f84-48cc-b654-18095a8da007] INFO  o.eclipse.m2e.core.internal.Bundles - 	Entry: D:\Software\eclipse\plugins\org.eclipse.m2e.maven.runtime_3.9.900.20250220-2013\jars\wagon-http-3.5.3.jar
2026-05-24 22:30:05,812 [Worker-19: Launching mavenrun-13927c10-6f84-48cc-b654-18095a8da007] INFO  o.eclipse.m2e.core.internal.Bundles - 	Entry: D:\Software\eclipse\plugins\org.eclipse.m2e.maven.runtime_3.9.900.20250220-2013\jars\wagon-http-shared-3.5.3.jar
2026-05-24 22:30:05,812 [Worker-19: Launching mavenrun-13927c10-6f84-48cc-b654-18095a8da007] INFO  o.eclipse.m2e.core.internal.Bundles - 	Entry: D:\Software\eclipse\plugins\org.eclipse.m2e.maven.runtime_3.9.900.20250220-2013\jars\wagon-provider-api-3.5.3.jar
2026-05-24 22:30:05,813 [Worker-19: Launching mavenrun-13927c10-6f84-48cc-b654-18095a8da007] INFO  o.eclipse.m2e.core.internal.Bundles - getClasspathEntries(Bundle=com.google.guava_33.4.8.jre [18])
2026-05-24 22:30:05,815 [Worker-19: Launching mavenrun-13927c10-6f84-48cc-b654-18095a8da007] INFO  o.eclipse.m2e.core.internal.Bundles - 	Entry: D:\Software\eclipse\plugins\com.google.guava_33.4.8.jre.jar
2026-05-24 22:30:05,816 [Worker-19: Launching mavenrun-13927c10-6f84-48cc-b654-18095a8da007] INFO  o.eclipse.m2e.core.internal.Bundles - getClasspathEntries(Bundle=slf4j.api_2.0.17 [1006])
2026-05-24 22:30:05,819 [Worker-19: Launching mavenrun-13927c10-6f84-48cc-b654-18095a8da007] INFO  o.eclipse.m2e.core.internal.Bundles - 	Entry: D:\Software\eclipse\plugins\slf4j.api_2.0.17.jar
2026-05-24 22:30:05,819 [Worker-19: Launching mavenrun-13927c10-6f84-48cc-b654-18095a8da007] INFO  o.eclipse.m2e.core.internal.Bundles - getClasspathEntries(Bundle=jakarta.inject.jakarta.inject-api_1.0.5 [35])
2026-05-24 22:30:05,821 [Worker-19: Launching mavenrun-13927c10-6f84-48cc-b654-18095a8da007] INFO  o.eclipse.m2e.core.internal.Bundles - 	Entry: D:\Software\eclipse\plugins\jakarta.inject.jakarta.inject-api_1.0.5.jar
2026-05-24 22:30:05,822 [Worker-19: Launching mavenrun-13927c10-6f84-48cc-b654-18095a8da007] INFO  o.eclipse.m2e.core.internal.Bundles - getClasspathEntries(Bundle=javax.annotation_1.3.5.v20200909-1856 [45])
2026-05-24 22:30:05,823 [Worker-19: Launching mavenrun-13927c10-6f84-48cc-b654-18095a8da007] INFO  o.eclipse.m2e.core.internal.Bundles - 	Entry: D:\Software\eclipse\plugins\javax.annotation_1.3.5.v20200909-1856.jar
2026-05-24 22:30:05,824 [Worker-19: Launching mavenrun-13927c10-6f84-48cc-b654-18095a8da007] INFO  o.eclipse.m2e.core.internal.Bundles - getClasspathEntries(Bundle=org.apache.commons.cli_1.9.0 [76])
2026-05-24 22:30:05,825 [Worker-19: Launching mavenrun-13927c10-6f84-48cc-b654-18095a8da007] INFO  o.eclipse.m2e.core.internal.Bundles - 	Entry: D:\Software\eclipse\plugins\org.apache.commons.cli_1.9.0.jar
2026-05-24 22:30:05,826 [Worker-19: Launching mavenrun-13927c10-6f84-48cc-b654-18095a8da007] INFO  o.eclipse.m2e.core.internal.Bundles - getClasspathEntries(Bundle=org.apache.commons.commons-codec_1.16.0 [78])
2026-05-24 22:30:05,828 [Worker-19: Launching mavenrun-13927c10-6f84-48cc-b654-18095a8da007] INFO  o.eclipse.m2e.core.internal.Bundles - 	Entry: D:\Software\eclipse\plugins\org.apache.commons.commons-codec_1.16.0.jar
2026-05-24 22:30:05,829 [Worker-19: Launching mavenrun-13927c10-6f84-48cc-b654-18095a8da007] INFO  o.eclipse.m2e.core.internal.Bundles - getClasspathEntries(Bundle=com.google.guava.failureaccess_1.0.3 [19])
2026-05-24 22:30:05,835 [Worker-19: Launching mavenrun-13927c10-6f84-48cc-b654-18095a8da007] INFO  o.eclipse.m2e.core.internal.Bundles - 	Entry: D:\Software\eclipse\plugins\com.google.guava.failureaccess_1.0.3.jar
2026-05-24 22:30:05,840 [Worker-19: Launching mavenrun-13927c10-6f84-48cc-b654-18095a8da007] INFO  o.e.m.i.launch.MavenLaunchDelegate - Run build in "C:\Users\lenovo\AppData\Local\Temp\m2e-archetypeGenerator10664833563167897645":
2026-05-24 22:30:05,841 [Worker-19: Launching mavenrun-13927c10-6f84-48cc-b654-18095a8da007] INFO  o.e.m.i.launch.MavenLaunchDelegate -  mvn  -DarchetypeGroupId=org.apache.maven.archetypes -DarchetypeArtifactId=maven-archetype-webapp -DarchetypeVersion=1.0 -DgroupId=com.note -DartifactId=Note_Taker -Dversion=0.0.1-SNAPSHOT -Dpackage=com.note -DoutputDirectory=D:\Java_Project -Dstyle.color=always -U archetype:generate
2026-05-24 22:30:24,249 [Worker-22: Creating maven-archetype-webapp] INFO  o.e.m.c.i.p.ProjectConfigurationManager - Collecting project info '/pom.xml' D:\Java_Project\Note_Taker\pom.xml
2026-05-24 22:30:24,437 [Worker-22: Creating maven-archetype-webapp] INFO  o.e.m.c.i.l.LifecycleMappingFactory - Using org.maven.ide.eclipse.wtp.WarLifecycleMapping lifecycle mapping for MavenProject: com.note:Note_Taker:0.0.1-SNAPSHOT @ D:\Java_Project\Note_Taker\pom.xml.
2026-05-24 22:30:24,577 [Worker-22: Creating maven-archetype-webapp] INFO  o.e.m.j.i.AbstractJavaProjectConfigurator - Adding source folder /Note_Taker/src/main/java
2026-05-24 22:30:24,580 [Worker-22: Creating maven-archetype-webapp] INFO  o.e.m.j.i.AbstractJavaProjectConfigurator - Adding resource folder /Note_Taker/src/main/resources
2026-05-24 22:30:24,581 [Worker-22: Creating maven-archetype-webapp] INFO  o.e.m.j.i.AbstractJavaProjectConfigurator - Adding source folder /Note_Taker/src/test/java
2026-05-24 22:30:24,583 [Worker-22: Creating maven-archetype-webapp] INFO  o.e.m.j.i.AbstractJavaProjectConfigurator - Adding resource folder /Note_Taker/src/test/resources
2026-05-24 22:30:26,234 [Worker-22: Creating maven-archetype-webapp] INFO  o.e.m.c.i.p.ProjectConfigurationManager - Imported and configured 1 project(s) in 1 sec
2026-05-24 22:34:37,675 [Worker-22: Updating Maven Project] INFO  o.e.m.c.i.p.ProjectConfigurationManager - Update started
2026-05-24 22:34:38,402 [Worker-22: Updating Maven Project] INFO  o.e.m.c.i.l.LifecycleMappingFactory - Using org.maven.ide.eclipse.wtp.WarLifecycleMapping lifecycle mapping for MavenProject: com.todo:NoteTaker:0.0.1-SNAPSHOT @ D:\Java_Project\Note_Taker\pom.xml.
2026-05-24 22:34:39,614 [Worker-22: Updating Maven Project] INFO  o.e.m.j.i.AbstractJavaProjectConfigurator - Adding source folder /Note_Taker/src/main/java
2026-05-24 22:34:39,617 [Worker-22: Updating Maven Project] INFO  o.e.m.j.i.AbstractJavaProjectConfigurator - Adding resource folder /Note_Taker/src/main/resources
2026-05-24 22:34:39,619 [Worker-22: Updating Maven Project] INFO  o.e.m.j.i.AbstractJavaProjectConfigurator - Adding source folder /Note_Taker/src/test/java
2026-05-24 22:34:39,623 [Worker-22: Updating Maven Project] INFO  o.e.m.j.i.AbstractJavaProjectConfigurator - Adding resource folder /Note_Taker/src/test/resources
2026-05-24 22:34:41,181 [Worker-22: Updating Maven Project] INFO  o.e.m.w.i.f.ResourceFilteringBuildParticipant - Cleaning filtered folder for Note_Taker
2026-05-24 22:34:41,273 [Worker-22: Updating Maven Project] INFO  o.e.m.c.i.p.ProjectConfigurationManager - Update completed for 1 poms: local refresh takes 0.00 sec, refresh facades takes 1.00 sec, update config takes 1.00 sec 
2026-05-24 22:35:48,260 [Worker-22: Updating Maven Project] INFO  o.e.m.c.i.p.ProjectConfigurationManager - Update started
2026-05-24 22:35:49,008 [Worker-22: Updating Maven Project] INFO  o.e.m.c.i.l.LifecycleMappingFactory - Using org.maven.ide.eclipse.wtp.WarLifecycleMapping lifecycle mapping for MavenProject: com.form:Registration_Form:0.0.1-SNAPSHOT @ D:\Java_Project\Registraion_Form\pom.xml.
2026-05-24 22:35:49,411 [Worker-22: Updating Maven Project] INFO  o.e.m.c.i.l.LifecycleMappingFactory - Using org.maven.ide.eclipse.wtp.WarLifecycleMapping lifecycle mapping for MavenProject: com.tracker:Online_Expanse_Tracker:0.0.1-SNAPSHOT @ D:\Java_Project\Online_Expanse_Tracker\pom.xml.
2026-05-24 22:35:49,502 [Worker-22: Updating Maven Project] INFO  o.e.m.c.i.l.LifecycleMappingFactory - Using org.maven.ide.eclipse.wtp.WarLifecycleMapping lifecycle mapping for MavenProject: com.todo:NoteTaker:0.0.1-SNAPSHOT @ D:\Java_Project\Note_Taker\pom.xml.
2026-05-24 22:35:52,121 [Worker-22: Updating Maven Project] INFO  o.e.m.j.i.AbstractJavaProjectConfigurator - Adding source folder /Registraion_Form/src/main/java
2026-05-24 22:35:52,123 [Worker-22: Updating Maven Project] INFO  o.e.m.j.i.AbstractJavaProjectConfigurator - Adding resource folder /Registraion_Form/src/main/resources
2026-05-24 22:35:52,125 [Worker-22: Updating Maven Project] INFO  o.e.m.j.i.AbstractJavaProjectConfigurator - Adding source folder /Registraion_Form/src/test/java
2026-05-24 22:35:52,128 [Worker-22: Updating Maven Project] INFO  o.e.m.j.i.AbstractJavaProjectConfigurator - Adding resource folder /Registraion_Form/src/test/resources
2026-05-24 22:35:52,999 [Worker-22: Updating Maven Project] INFO  o.e.m.w.i.f.ResourceFilteringBuildParticipant - Cleaning filtered folder for Registraion_Form
2026-05-24 22:35:53,051 [Worker-22: Updating Maven Project] INFO  o.e.m.c.i.p.ProjectConfigurationManager - Update completed for 1 poms: local refresh takes 0.00 sec, refresh facades takes 3.00 sec, update config takes 0.00 sec 
2026-05-24 22:36:33,479 [Worker-22: Launching mavenrun-0de03735-0dac-4deb-a4f2-257c83a966d5] INFO  o.eclipse.m2e.core.internal.Bundles - getClasspathEntries(Bundle=org.eclipse.m2e.maven.runtime_3.9.900.20250220-2013 [640])
2026-05-24 22:36:33,481 [Worker-22: Launching mavenrun-0de03735-0dac-4deb-a4f2-257c83a966d5] INFO  o.eclipse.m2e.core.internal.Bundles - 	Entry: D:\Software\eclipse\plugins\org.eclipse.m2e.maven.runtime_3.9.900.20250220-2013
2026-05-24 22:36:33,482 [Worker-22: Launching mavenrun-0de03735-0dac-4deb-a4f2-257c83a966d5] INFO  o.eclipse.m2e.core.internal.Bundles - 	Entry: D:\Software\eclipse\plugins\org.eclipse.m2e.maven.runtime_3.9.900.20250220-2013\jars\aopalliance-1.0.jar
2026-05-24 22:36:33,482 [Worker-22: Launching mavenrun-0de03735-0dac-4deb-a4f2-257c83a966d5] INFO  o.eclipse.m2e.core.internal.Bundles - 	Entry: D:\Software\eclipse\plugins\org.eclipse.m2e.maven.runtime_3.9.900.20250220-2013\jars\guice-5.1.0.jar
2026-05-24 22:36:33,483 [Worker-22: Launching mavenrun-0de03735-0dac-4deb-a4f2-257c83a966d5] INFO  o.eclipse.m2e.core.internal.Bundles - 	Entry: D:\Software\eclipse\plugins\org.eclipse.m2e.maven.runtime_3.9.900.20250220-2013\jars\httpclient-4.5.14.jar
2026-05-24 22:36:33,483 [Worker-22: Launching mavenrun-0de03735-0dac-4deb-a4f2-257c83a966d5] INFO  o.eclipse.m2e.core.internal.Bundles - 	Entry: D:\Software\eclipse\plugins\org.eclipse.m2e.maven.runtime_3.9.900.20250220-2013\jars\httpcore-4.4.16.jar
2026-05-24 22:36:33,484 [Worker-22: Launching mavenrun-0de03735-0dac-4deb-a4f2-257c83a966d5] INFO  o.eclipse.m2e.core.internal.Bundles - 	Entry: D:\Software\eclipse\plugins\org.eclipse.m2e.maven.runtime_3.9.900.20250220-2013\jars\jansi-2.4.1.jar
2026-05-24 22:36:33,484 [Worker-22: Launching mavenrun-0de03735-0dac-4deb-a4f2-257c83a966d5] INFO  o.eclipse.m2e.core.internal.Bundles - 	Entry: D:\Software\eclipse\plugins\org.eclipse.m2e.maven.runtime_3.9.900.20250220-2013\jars\jcl-over-slf4j-1.7.36.jar
2026-05-24 22:36:33,484 [Worker-22: Launching mavenrun-0de03735-0dac-4deb-a4f2-257c83a966d5] INFO  o.eclipse.m2e.core.internal.Bundles - 	Entry: D:\Software\eclipse\plugins\org.eclipse.m2e.maven.runtime_3.9.900.20250220-2013\jars\maven-artifact-3.9.9.jar
2026-05-24 22:36:33,484 [Worker-22: Launching mavenrun-0de03735-0dac-4deb-a4f2-257c83a966d5] INFO  o.eclipse.m2e.core.internal.Bundles - 	Entry: D:\Software\eclipse\plugins\org.eclipse.m2e.maven.runtime_3.9.900.20250220-2013\jars\maven-builder-support-3.9.9.jar
2026-05-24 22:36:33,485 [Worker-22: Launching mavenrun-0de03735-0dac-4deb-a4f2-257c83a966d5] INFO  o.eclipse.m2e.core.internal.Bundles - 	Entry: D:\Software\eclipse\plugins\org.eclipse.m2e.maven.runtime_3.9.900.20250220-2013\jars\maven-compat-3.9.9.jar
2026-05-24 22:36:33,485 [Worker-22: Launching mavenrun-0de03735-0dac-4deb-a4f2-257c83a966d5] INFO  o.eclipse.m2e.core.internal.Bundles - 	Entry: D:\Software\eclipse\plugins\org.eclipse.m2e.maven.runtime_3.9.900.20250220-2013\jars\maven-core-3.9.9.jar
2026-05-24 22:36:33,485 [Worker-22: Launching mavenrun-0de03735-0dac-4deb-a4f2-257c83a966d5] INFO  o.eclipse.m2e.core.internal.Bundles - 	Entry: D:\Software\eclipse\plugins\org.eclipse.m2e.maven.runtime_3.9.900.20250220-2013\jars\maven-embedder-3.9.9.jar
2026-05-24 22:36:33,485 [Worker-22: Launching mavenrun-0de03735-0dac-4deb-a4f2-257c83a966d5] INFO  o.eclipse.m2e.core.internal.Bundles - 	Entry: D:\Software\eclipse\plugins\org.eclipse.m2e.maven.runtime_3.9.900.20250220-2013\jars\maven-model-3.9.9.jar
2026-05-24 22:36:33,486 [Worker-22: Launching mavenrun-0de03735-0dac-4deb-a4f2-257c83a966d5] INFO  o.eclipse.m2e.core.internal.Bundles - 	Entry: D:\Software\eclipse\plugins\org.eclipse.m2e.maven.runtime_3.9.900.20250220-2013\jars\maven-model-builder-3.9.9.jar
2026-05-24 22:36:33,486 [Worker-22: Launching mavenrun-0de03735-0dac-4deb-a4f2-257c83a966d5] INFO  o.eclipse.m2e.core.internal.Bundles - 	Entry: D:\Software\eclipse\plugins\org.eclipse.m2e.maven.runtime_3.9.900.20250220-2013\jars\maven-plugin-api-3.9.9.jar
2026-05-24 22:36:33,487 [Worker-22: Launching mavenrun-0de03735-0dac-4deb-a4f2-257c83a966d5] INFO  o.eclipse.m2e.core.internal.Bundles - 	Entry: D:\Software\eclipse\plugins\org.eclipse.m2e.maven.runtime_3.9.900.20250220-2013\jars\maven-repository-metadata-3.9.9.jar
2026-05-24 22:36:33,487 [Worker-22: Launching mavenrun-0de03735-0dac-4deb-a4f2-257c83a966d5] INFO  o.eclipse.m2e.core.internal.Bundles - 	Entry: D:\Software\eclipse\plugins\org.eclipse.m2e.maven.runtime_3.9.900.20250220-2013\jars\maven-resolver-api-1.9.22.jar
2026-05-24 22:36:33,487 [Worker-22: Launching mavenrun-0de03735-0dac-4deb-a4f2-257c83a966d5] INFO  o.eclipse.m2e.core.internal.Bundles - 	Entry: D:\Software\eclipse\plugins\org.eclipse.m2e.maven.runtime_3.9.900.20250220-2013\jars\maven-resolver-connector-basic-1.9.22.jar
2026-05-24 22:36:33,488 [Worker-22: Launching mavenrun-0de03735-0dac-4deb-a4f2-257c83a966d5] INFO  o.eclipse.m2e.core.internal.Bundles - 	Entry: D:\Software\eclipse\plugins\org.eclipse.m2e.maven.runtime_3.9.900.20250220-2013\jars\maven-resolver-impl-1.9.22.jar
2026-05-24 22:36:33,489 [Worker-22: Launching mavenrun-0de03735-0dac-4deb-a4f2-257c83a966d5] INFO  o.eclipse.m2e.core.internal.Bundles - 	Entry: D:\Software\eclipse\plugins\org.eclipse.m2e.maven.runtime_3.9.900.20250220-2013\jars\maven-resolver-named-locks-1.9.22.jar
2026-05-24 22:36:33,489 [Worker-22: Launching mavenrun-0de03735-0dac-4deb-a4f2-257c83a966d5] INFO  o.eclipse.m2e.core.internal.Bundles - 	Entry: D:\Software\eclipse\plugins\org.eclipse.m2e.maven.runtime_3.9.900.20250220-2013\jars\maven-resolver-provider-3.9.9.jar
2026-05-24 22:36:33,490 [Worker-22: Launching mavenrun-0de03735-0dac-4deb-a4f2-257c83a966d5] INFO  o.eclipse.m2e.core.internal.Bundles - 	Entry: D:\Software\eclipse\plugins\org.eclipse.m2e.maven.runtime_3.9.900.20250220-2013\jars\maven-resolver-spi-1.9.22.jar
2026-05-24 22:36:33,490 [Worker-22: Launching mavenrun-0de03735-0dac-4deb-a4f2-257c83a966d5] INFO  o.eclipse.m2e.core.internal.Bundles - 	Entry: D:\Software\eclipse\plugins\org.eclipse.m2e.maven.runtime_3.9.900.20250220-2013\jars\maven-resolver-transport-file-1.9.22.jar
2026-05-24 22:36:33,490 [Worker-22: Launching mavenrun-0de03735-0dac-4deb-a4f2-257c83a966d5] INFO  o.eclipse.m2e.core.internal.Bundles - 	Entry: D:\Software\eclipse\plugins\org.eclipse.m2e.maven.runtime_3.9.900.20250220-2013\jars\maven-resolver-transport-http-1.9.22.jar
2026-05-24 22:36:33,491 [Worker-22: Launching mavenrun-0de03735-0dac-4deb-a4f2-257c83a966d5] INFO  o.eclipse.m2e.core.internal.Bundles - 	Entry: D:\Software\eclipse\plugins\org.eclipse.m2e.maven.runtime_3.9.900.20250220-2013\jars\maven-resolver-transport-wagon-1.9.22.jar
2026-05-24 22:36:33,491 [Worker-22: Launching mavenrun-0de03735-0dac-4deb-a4f2-257c83a966d5] INFO  o.eclipse.m2e.core.internal.Bundles - 	Entry: D:\Software\eclipse\plugins\org.eclipse.m2e.maven.runtime_3.9.900.20250220-2013\jars\maven-resolver-util-1.9.22.jar
2026-05-24 22:36:33,492 [Worker-22: Launching mavenrun-0de03735-0dac-4deb-a4f2-257c83a966d5] INFO  o.eclipse.m2e.core.internal.Bundles - 	Entry: D:\Software\eclipse\plugins\org.eclipse.m2e.maven.runtime_3.9.900.20250220-2013\jars\maven-settings-3.9.9.jar
2026-05-24 22:36:33,492 [Worker-22: Launching mavenrun-0de03735-0dac-4deb-a4f2-257c83a966d5] INFO  o.eclipse.m2e.core.internal.Bundles - 	Entry: D:\Software\eclipse\plugins\org.eclipse.m2e.maven.runtime_3.9.900.20250220-2013\jars\maven-settings-builder-3.9.9.jar
2026-05-24 22:36:33,493 [Worker-22: Launching mavenrun-0de03735-0dac-4deb-a4f2-257c83a966d5] INFO  o.eclipse.m2e.core.internal.Bundles - 	Entry: D:\Software\eclipse\plugins\org.eclipse.m2e.maven.runtime_3.9.900.20250220-2013\jars\maven-shared-utils-3.4.2.jar
2026-05-24 22:36:33,493 [Worker-22: Launching mavenrun-0de03735-0dac-4deb-a4f2-257c83a966d5] INFO  o.eclipse.m2e.core.internal.Bundles - 	Entry: D:\Software\eclipse\plugins\org.eclipse.m2e.maven.runtime_3.9.900.20250220-2013\jars\org.eclipse.sisu.inject-0.9.0.M3.jar
2026-05-24 22:36:33,494 [Worker-22: Launching mavenrun-0de03735-0dac-4deb-a4f2-257c83a966d5] INFO  o.eclipse.m2e.core.internal.Bundles - 	Entry: D:\Software\eclipse\plugins\org.eclipse.m2e.maven.runtime_3.9.900.20250220-2013\jars\org.eclipse.sisu.plexus-0.9.0.M3.jar
2026-05-24 22:36:33,494 [Worker-22: Launching mavenrun-0de03735-0dac-4deb-a4f2-257c83a966d5] INFO  o.eclipse.m2e.core.internal.Bundles - 	Entry: D:\Software\eclipse\plugins\org.eclipse.m2e.maven.runtime_3.9.900.20250220-2013\jars\plexus-build-api-0.0.7.jar
2026-05-24 22:36:33,494 [Worker-22: Launching mavenrun-0de03735-0dac-4deb-a4f2-257c83a966d5] INFO  o.eclipse.m2e.core.internal.Bundles - 	Entry: D:\Software\eclipse\plugins\org.eclipse.m2e.maven.runtime_3.9.900.20250220-2013\jars\plexus-build-api-1.2.0.jar
2026-05-24 22:36:33,495 [Worker-22: Launching mavenrun-0de03735-0dac-4deb-a4f2-257c83a966d5] INFO  o.eclipse.m2e.core.internal.Bundles - 	Entry: D:\Software\eclipse\plugins\org.eclipse.m2e.maven.runtime_3.9.900.20250220-2013\jars\plexus-cipher-2.0.jar
2026-05-24 22:36:33,495 [Worker-22: Launching mavenrun-0de03735-0dac-4deb-a4f2-257c83a966d5] INFO  o.eclipse.m2e.core.internal.Bundles - 	Entry: D:\Software\eclipse\plugins\org.eclipse.m2e.maven.runtime_3.9.900.20250220-2013\jars\plexus-classworlds-2.8.0.jar
2026-05-24 22:36:33,496 [Worker-22: Launching mavenrun-0de03735-0dac-4deb-a4f2-257c83a966d5] INFO  o.eclipse.m2e.core.internal.Bundles - 	Entry: D:\Software\eclipse\plugins\org.eclipse.m2e.maven.runtime_3.9.900.20250220-2013\jars\plexus-component-annotations-2.1.0.jar
2026-05-24 22:36:33,496 [Worker-22: Launching mavenrun-0de03735-0dac-4deb-a4f2-257c83a966d5] INFO  o.eclipse.m2e.core.internal.Bundles - 	Entry: D:\Software\eclipse\plugins\org.eclipse.m2e.maven.runtime_3.9.900.20250220-2013\jars\plexus-interpolation-1.27.jar
2026-05-24 22:36:33,497 [Worker-22: Launching mavenrun-0de03735-0dac-4deb-a4f2-257c83a966d5] INFO  o.eclipse.m2e.core.internal.Bundles - 	Entry: D:\Software\eclipse\plugins\org.eclipse.m2e.maven.runtime_3.9.900.20250220-2013\jars\plexus-sec-dispatcher-2.0.jar
2026-05-24 22:36:33,499 [Worker-22: Launching mavenrun-0de03735-0dac-4deb-a4f2-257c83a966d5] INFO  o.eclipse.m2e.core.internal.Bundles - 	Entry: D:\Software\eclipse\plugins\org.eclipse.m2e.maven.runtime_3.9.900.20250220-2013\jars\plexus-utils-3.5.1.jar
2026-05-24 22:36:33,500 [Worker-22: Launching mavenrun-0de03735-0dac-4deb-a4f2-257c83a966d5] INFO  o.eclipse.m2e.core.internal.Bundles - 	Entry: D:\Software\eclipse\plugins\org.eclipse.m2e.maven.runtime_3.9.900.20250220-2013\jars\plexus-xml-3.0.1.jar
2026-05-24 22:36:33,500 [Worker-22: Launching mavenrun-0de03735-0dac-4deb-a4f2-257c83a966d5] INFO  o.eclipse.m2e.core.internal.Bundles - 	Entry: D:\Software\eclipse\plugins\org.eclipse.m2e.maven.runtime_3.9.900.20250220-2013\jars\wagon-file-3.5.3.jar
2026-05-24 22:36:33,500 [Worker-22: Launching mavenrun-0de03735-0dac-4deb-a4f2-257c83a966d5] INFO  o.eclipse.m2e.core.internal.Bundles - 	Entry: D:\Software\eclipse\plugins\org.eclipse.m2e.maven.runtime_3.9.900.20250220-2013\jars\wagon-http-3.5.3.jar
2026-05-24 22:36:33,501 [Worker-22: Launching mavenrun-0de03735-0dac-4deb-a4f2-257c83a966d5] INFO  o.eclipse.m2e.core.internal.Bundles - 	Entry: D:\Software\eclipse\plugins\org.eclipse.m2e.maven.runtime_3.9.900.20250220-2013\jars\wagon-http-shared-3.5.3.jar
2026-05-24 22:36:33,501 [Worker-22: Launching mavenrun-0de03735-0dac-4deb-a4f2-257c83a966d5] INFO  o.eclipse.m2e.core.internal.Bundles - 	Entry: D:\Software\eclipse\plugins\org.eclipse.m2e.maven.runtime_3.9.900.20250220-2013\jars\wagon-provider-api-3.5.3.jar
2026-05-24 22:36:33,502 [Worker-22: Launching mavenrun-0de03735-0dac-4deb-a4f2-257c83a966d5] INFO  o.eclipse.m2e.core.internal.Bundles - getClasspathEntries(Bundle=com.google.guava_33.4.8.jre [18])
2026-05-24 22:36:33,504 [Worker-22: Launching mavenrun-0de03735-0dac-4deb-a4f2-257c83a966d5] INFO  o.eclipse.m2e.core.internal.Bundles - 	Entry: D:\Software\eclipse\plugins\com.google.guava_33.4.8.jre.jar
2026-05-24 22:36:33,504 [Worker-22: Launching mavenrun-0de03735-0dac-4deb-a4f2-257c83a966d5] INFO  o.eclipse.m2e.core.internal.Bundles - getClasspathEntries(Bundle=slf4j.api_2.0.17 [1006])
2026-05-24 22:36:33,507 [Worker-22: Launching mavenrun-0de03735-0dac-4deb-a4f2-257c83a966d5] INFO  o.eclipse.m2e.core.internal.Bundles - 	Entry: D:\Software\eclipse\plugins\slf4j.api_2.0.17.jar
2026-05-24 22:36:33,507 [Worker-22: Launching mavenrun-0de03735-0dac-4deb-a4f2-257c83a966d5] INFO  o.eclipse.m2e.core.internal.Bundles - getClasspathEntries(Bundle=jakarta.inject.jakarta.inject-api_1.0.5 [35])
2026-05-24 22:36:33,511 [Worker-22: Launching mavenrun-0de03735-0dac-4deb-a4f2-257c83a966d5] INFO  o.eclipse.m2e.core.internal.Bundles - 	Entry: D:\Software\eclipse\plugins\jakarta.inject.jakarta.inject-api_1.0.5.jar
2026-05-24 22:36:33,511 [Worker-22: Launching mavenrun-0de03735-0dac-4deb-a4f2-257c83a966d5] INFO  o.eclipse.m2e.core.internal.Bundles - getClasspathEntries(Bundle=javax.annotation_1.3.5.v20200909-1856 [45])
2026-05-24 22:36:33,513 [Worker-22: Launching mavenrun-0de03735-0dac-4deb-a4f2-257c83a966d5] INFO  o.eclipse.m2e.core.internal.Bundles - 	Entry: D:\Software\eclipse\plugins\javax.annotation_1.3.5.v20200909-1856.jar
2026-05-24 22:36:33,514 [Worker-22: Launching mavenrun-0de03735-0dac-4deb-a4f2-257c83a966d5] INFO  o.eclipse.m2e.core.internal.Bundles - getClasspathEntries(Bundle=org.apache.commons.cli_1.9.0 [76])
2026-05-24 22:36:33,516 [Worker-22: Launching mavenrun-0de03735-0dac-4deb-a4f2-257c83a966d5] INFO  o.eclipse.m2e.core.internal.Bundles - 	Entry: D:\Software\eclipse\plugins\org.apache.commons.cli_1.9.0.jar
2026-05-24 22:36:33,516 [Worker-22: Launching mavenrun-0de03735-0dac-4deb-a4f2-257c83a966d5] INFO  o.eclipse.m2e.core.internal.Bundles - getClasspathEntries(Bundle=org.apache.commons.commons-codec_1.16.0 [78])
2026-05-24 22:36:33,518 [Worker-22: Launching mavenrun-0de03735-0dac-4deb-a4f2-257c83a966d5] INFO  o.eclipse.m2e.core.internal.Bundles - 	Entry: D:\Software\eclipse\plugins\org.apache.commons.commons-codec_1.16.0.jar
2026-05-24 22:36:33,519 [Worker-22: Launching mavenrun-0de03735-0dac-4deb-a4f2-257c83a966d5] INFO  o.eclipse.m2e.core.internal.Bundles - getClasspathEntries(Bundle=com.google.guava.failureaccess_1.0.3 [19])
2026-05-24 22:36:33,521 [Worker-22: Launching mavenrun-0de03735-0dac-4deb-a4f2-257c83a966d5] INFO  o.eclipse.m2e.core.internal.Bundles - 	Entry: D:\Software\eclipse\plugins\com.google.guava.failureaccess_1.0.3.jar
2026-05-24 22:36:33,525 [Worker-22: Launching mavenrun-0de03735-0dac-4deb-a4f2-257c83a966d5] INFO  o.e.m.i.launch.MavenLaunchDelegate - Run build in "C:\Users\lenovo\AppData\Local\Temp\m2e-archetypeGenerator2725241218143304005":
2026-05-24 22:36:33,525 [Worker-22: Launching mavenrun-0de03735-0dac-4deb-a4f2-257c83a966d5] INFO  o.e.m.i.launch.MavenLaunchDelegate -  mvn  -DarchetypeGroupId=org.apache.maven.archetypes -DarchetypeArtifactId=maven-archetype-webapp -DarchetypeVersion=1.0 -DgroupId=com.note -DartifactId=Note_Taker -Dversion=0.0.1-SNAPSHOT -Dpackage=com.note.Note_Taker -DoutputDirectory=D:\Java_Project -Dstyle.color=always -U archetype:generate
2026-05-24 22:36:53,559 [Worker-6: Creating maven-archetype-webapp] INFO  o.e.m.c.i.p.ProjectConfigurationManager - Collecting project info '/pom.xml' D:\Java_Project\Note_Taker\pom.xml
2026-05-24 22:36:53,688 [Worker-6: Creating maven-archetype-webapp] INFO  o.e.m.c.i.l.LifecycleMappingFactory - Using org.maven.ide.eclipse.wtp.WarLifecycleMapping lifecycle mapping for MavenProject: com.todo:NoteTaker:0.0.1-SNAPSHOT @ D:\Java_Project\Note_Taker\pom.xml.
2026-05-24 22:36:54,254 [Worker-6: Creating maven-archetype-webapp] INFO  o.e.m.j.i.AbstractJavaProjectConfigurator - Adding source folder /Note_Taker/src/main/java
2026-05-24 22:36:54,256 [Worker-6: Creating maven-archetype-webapp] INFO  o.e.m.j.i.AbstractJavaProjectConfigurator - Adding resource folder /Note_Taker/src/main/resources
2026-05-24 22:36:54,258 [Worker-6: Creating maven-archetype-webapp] INFO  o.e.m.j.i.AbstractJavaProjectConfigurator - Adding source folder /Note_Taker/src/test/java
2026-05-24 22:36:54,260 [Worker-6: Creating maven-archetype-webapp] INFO  o.e.m.j.i.AbstractJavaProjectConfigurator - Adding resource folder /Note_Taker/src/test/resources
2026-05-24 22:36:55,092 [Worker-6: Creating maven-archetype-webapp] INFO  o.e.m.c.i.p.ProjectConfigurationManager - Imported and configured 1 project(s) in 1 sec
2026-05-24 22:46:02,161 [Worker-3: Building] WARN  o.a.m.s.f.DefaultMavenResourcesFiltering - Using platform encoding (UTF-8 actually) to copy filtered resources, i.e. build is platform dependent!
2026-05-24 22:46:02,165 [Worker-3: Building] INFO  o.a.m.s.f.DefaultMavenResourcesFiltering - Copying 1 resource from src\main\resources to target\classes
2026-05-24 22:46:02,219 [Worker-3: Building] WARN  o.a.m.s.f.DefaultMavenResourcesFiltering - Using platform encoding (UTF-8 actually) to copy filtered resources, i.e. build is platform dependent!
2026-05-24 22:46:02,222 [Worker-3: Building] INFO  o.a.m.s.f.DefaultMavenResourcesFiltering - Copying 0 resource from src\test\resources to target\test-classes
2026-05-24 22:46:08,449 [Worker-26: Building] INFO  o.a.m.s.f.DefaultMavenResourcesFiltering - Copying 1 resource from src\main\resources to target\classes
2026-05-24 22:46:08,461 [Worker-26: Building] INFO  o.a.m.s.f.DefaultMavenResourcesFiltering - Copying 0 resource from src\test\resources to target\test-classes
2026-05-24 22:46:08,463 [Worker-26: Building] INFO  o.e.m.w.i.f.ResourceFilteringBuildParticipant - Changed resources require a complete clean of filtered resources of Registraion_Form
2026-05-24 22:46:08,463 [Worker-26: Building] INFO  o.e.m.w.i.f.ResourceFilteringBuildParticipant - Executing resource filtering for Registraion_Form
2026-05-24 22:47:20,849 [Worker-6: Building] WARN  o.a.m.s.f.DefaultMavenResourcesFiltering - Using platform encoding (UTF-8 actually) to copy filtered resources, i.e. build is platform dependent!
2026-05-24 22:47:20,853 [Worker-6: Building] INFO  o.a.m.s.f.DefaultMavenResourcesFiltering - Copying 0 resource from src\main\resources to target\classes
2026-05-24 22:47:20,859 [Worker-6: Building] WARN  o.a.m.s.f.DefaultMavenResourcesFiltering - Using platform encoding (UTF-8 actually) to copy filtered resources, i.e. build is platform dependent!
2026-05-24 22:47:20,862 [Worker-6: Building] INFO  o.a.m.s.f.DefaultMavenResourcesFiltering - Copying 0 resource from src\test\resources to target\test-classes
2026-05-24 22:47:51,657 [Worker-4: Cleaning all projects] INFO  o.e.m.w.i.f.ResourceFilteringBuildParticipant - Cleaning filtered folder for Note_Taker
2026-05-24 22:47:51,719 [Worker-4: Cleaning all projects] INFO  o.e.m.w.i.f.ResourceFilteringBuildParticipant - Cleaning filtered folder for Online_Expanse_Tracker
2026-05-24 22:47:51,771 [Worker-4: Cleaning all projects] INFO  o.e.m.w.i.f.ResourceFilteringBuildParticipant - Cleaning filtered folder for Registraion_Form
2026-05-24 22:47:52,074 [Worker-27: Building] WARN  o.a.m.s.f.DefaultMavenResourcesFiltering - Using platform encoding (UTF-8 actually) to copy filtered resources, i.e. build is platform dependent!
2026-05-24 22:47:52,076 [Worker-27: Building] INFO  o.a.m.s.f.DefaultMavenResourcesFiltering - Copying 1 resource from src\main\resources to target\classes
2026-05-24 22:47:52,085 [Worker-27: Building] WARN  o.a.m.s.f.DefaultMavenResourcesFiltering - Using platform encoding (UTF-8 actually) to copy filtered resources, i.e. build is platform dependent!
2026-05-24 22:47:52,087 [Worker-27: Building] INFO  o.a.m.s.f.DefaultMavenResourcesFiltering - Copying 0 resource from src\test\resources to target\test-classes
2026-05-24 22:47:52,087 [Worker-27: Building] INFO  o.e.m.w.i.f.ResourceFilteringBuildParticipant - Changed resources require a complete clean of filtered resources of Note_Taker
2026-05-24 22:47:52,087 [Worker-27: Building] INFO  o.e.m.w.i.f.ResourceFilteringBuildParticipant - Executing resource filtering for Note_Taker
2026-05-24 22:47:52,230 [Worker-27: Building] INFO  o.a.m.s.f.DefaultMavenResourcesFiltering - Copying 0 resource from src\main\resources to target\classes
2026-05-24 22:47:52,236 [Worker-27: Building] INFO  o.a.m.s.f.DefaultMavenResourcesFiltering - Copying 0 resource from src\test\resources to target\test-classes
2026-05-24 22:47:52,237 [Worker-27: Building] INFO  o.e.m.w.i.f.ResourceFilteringBuildParticipant - Changed resources require a complete clean of filtered resources of Online_Expanse_Tracker
2026-05-24 22:47:52,238 [Worker-27: Building] INFO  o.e.m.w.i.f.ResourceFilteringBuildParticipant - Executing resource filtering for Online_Expanse_Tracker
2026-05-24 22:47:52,832 [Worker-22: Building] INFO  o.a.m.s.f.DefaultMavenResourcesFiltering - Copying 1 resource from src\main\resources to target\classes
2026-05-24 22:47:52,842 [Worker-22: Building] INFO  o.a.m.s.f.DefaultMavenResourcesFiltering - Copying 0 resource from src\test\resources to target\test-classes
2026-05-24 22:47:52,843 [Worker-22: Building] INFO  o.e.m.w.i.f.ResourceFilteringBuildParticipant - Changed resources require a complete clean of filtered resources of Registraion_Form
2026-05-24 22:47:52,843 [Worker-22: Building] INFO  o.e.m.w.i.f.ResourceFilteringBuildParticipant - Executing resource filtering for Registraion_Form
2026-05-24 22:47:59,250 [Worker-14: Updating Maven Project] INFO  o.e.m.c.i.p.ProjectConfigurationManager - Update started
2026-05-24 22:47:59,789 [Worker-14: Updating Maven Project] INFO  o.e.m.c.i.l.LifecycleMappingFactory - Using org.maven.ide.eclipse.wtp.WarLifecycleMapping lifecycle mapping for MavenProject: com.note:Note_Taker:0.0.1-SNAPSHOT @ D:\Java_Project\Note_Taker\pom.xml.
2026-05-24 22:47:59,865 [Worker-14: Updating Maven Project] INFO  o.e.m.c.i.l.LifecycleMappingFactory - Using org.maven.ide.eclipse.wtp.WarLifecycleMapping lifecycle mapping for MavenProject: com.tracker:Online_Expanse_Tracker:0.0.1-SNAPSHOT @ D:\Java_Project\Online_Expanse_Tracker\pom.xml.
2026-05-24 22:47:59,938 [Worker-14: Updating Maven Project] INFO  o.e.m.c.i.l.LifecycleMappingFactory - Using org.maven.ide.eclipse.wtp.WarLifecycleMapping lifecycle mapping for MavenProject: com.form:Registration_Form:0.0.1-SNAPSHOT @ D:\Java_Project\Registraion_Form\pom.xml.
2026-05-24 22:48:01,762 [Worker-14: Updating Maven Project] INFO  o.e.m.j.i.AbstractJavaProjectConfigurator - Adding source folder /Note_Taker/src/main/java
2026-05-24 22:48:01,764 [Worker-14: Updating Maven Project] INFO  o.e.m.j.i.AbstractJavaProjectConfigurator - Adding resource folder /Note_Taker/src/main/resources
2026-05-24 22:48:01,765 [Worker-14: Updating Maven Project] INFO  o.e.m.j.i.AbstractJavaProjectConfigurator - Adding source folder /Note_Taker/src/test/java
2026-05-24 22:48:01,768 [Worker-14: Updating Maven Project] INFO  o.e.m.j.i.AbstractJavaProjectConfigurator - Adding resource folder /Note_Taker/src/test/resources
2026-05-24 22:48:03,550 [Worker-14: Updating Maven Project] INFO  o.e.m.j.i.AbstractJavaProjectConfigurator - Adding source folder /Online_Expanse_Tracker/src/main/java
2026-05-24 22:48:03,552 [Worker-14: Updating Maven Project] INFO  o.e.m.j.i.AbstractJavaProjectConfigurator - Adding resource folder /Online_Expanse_Tracker/src/main/resources
2026-05-24 22:48:03,553 [Worker-14: Updating Maven Project] INFO  o.e.m.j.i.AbstractJavaProjectConfigurator - Adding source folder /Online_Expanse_Tracker/src/test/java
2026-05-24 22:48:03,554 [Worker-14: Updating Maven Project] INFO  o.e.m.j.i.AbstractJavaProjectConfigurator - Adding resource folder /Online_Expanse_Tracker/src/test/resources
2026-05-24 22:48:03,858 [Worker-14: Updating Maven Project] INFO  o.e.m.j.i.AbstractJavaProjectConfigurator - Adding source folder /Registraion_Form/src/main/java
2026-05-24 22:48:03,861 [Worker-14: Updating Maven Project] INFO  o.e.m.j.i.AbstractJavaProjectConfigurator - Adding resource folder /Registraion_Form/src/main/resources
2026-05-24 22:48:03,862 [Worker-14: Updating Maven Project] INFO  o.e.m.j.i.AbstractJavaProjectConfigurator - Adding source folder /Registraion_Form/src/test/java
2026-05-24 22:48:03,864 [Worker-14: Updating Maven Project] INFO  o.e.m.j.i.AbstractJavaProjectConfigurator - Adding resource folder /Registraion_Form/src/test/resources
2026-05-24 22:48:04,595 [Worker-14: Updating Maven Project] INFO  o.e.m.w.i.f.ResourceFilteringBuildParticipant - Cleaning filtered folder for Note_Taker
2026-05-24 22:48:04,654 [Worker-14: Updating Maven Project] INFO  o.e.m.w.i.f.ResourceFilteringBuildParticipant - Cleaning filtered folder for Online_Expanse_Tracker
2026-05-24 22:48:04,727 [Worker-14: Updating Maven Project] INFO  o.e.m.w.i.f.ResourceFilteringBuildParticipant - Cleaning filtered folder for Registraion_Form
2026-05-24 22:48:04,764 [Worker-14: Updating Maven Project] INFO  o.e.m.c.i.p.ProjectConfigurationManager - Update completed for 3 poms: local refresh takes 0.00 sec, refresh facades takes 2.00 sec, update config takes 2.00 sec 
2026-05-24 22:48:05,028 [Worker-25: Building Project Note_Taker] WARN  o.a.m.s.f.DefaultMavenResourcesFiltering - Using platform encoding (UTF-8 actually) to copy filtered resources, i.e. build is platform dependent!
2026-05-24 22:48:05,032 [Worker-25: Building Project Note_Taker] INFO  o.a.m.s.f.DefaultMavenResourcesFiltering - Copying 1 resource from src\main\resources to target\classes
2026-05-24 22:48:05,054 [Worker-25: Building Project Note_Taker] WARN  o.a.m.s.f.DefaultMavenResourcesFiltering - Using platform encoding (UTF-8 actually) to copy filtered resources, i.e. build is platform dependent!
2026-05-24 22:48:05,056 [Worker-25: Building Project Note_Taker] INFO  o.a.m.s.f.DefaultMavenResourcesFiltering - Copying 0 resource from src\test\resources to target\test-classes
2026-05-24 22:48:05,057 [Worker-25: Building Project Note_Taker] INFO  o.e.m.w.i.f.ResourceFilteringBuildParticipant - Changed resources require a complete clean of filtered resources of Note_Taker
2026-05-24 22:48:05,057 [Worker-25: Building Project Note_Taker] INFO  o.e.m.w.i.f.ResourceFilteringBuildParticipant - Executing resource filtering for Note_Taker
2026-05-24 22:48:06,504 [Worker-25: Building Project Note_Taker] INFO  o.a.m.s.f.DefaultMavenResourcesFiltering - Copying 0 resource from src\main\resources to target\classes
2026-05-24 22:48:06,511 [Worker-25: Building Project Note_Taker] INFO  o.a.m.s.f.DefaultMavenResourcesFiltering - Copying 0 resource from src\test\resources to target\test-classes
2026-05-24 22:48:06,512 [Worker-25: Building Project Note_Taker] INFO  o.e.m.w.i.f.ResourceFilteringBuildParticipant - Changed resources require a complete clean of filtered resources of Online_Expanse_Tracker
2026-05-24 22:48:06,512 [Worker-25: Building Project Note_Taker] INFO  o.e.m.w.i.f.ResourceFilteringBuildParticipant - Executing resource filtering for Online_Expanse_Tracker
2026-05-24 22:48:06,848 [Worker-25: Building Project Note_Taker] INFO  o.a.m.s.f.DefaultMavenResourcesFiltering - Copying 1 resource from src\main\resources to target\classes
2026-05-24 22:48:06,858 [Worker-25: Building Project Note_Taker] INFO  o.a.m.s.f.DefaultMavenResourcesFiltering - Copying 0 resource from src\test\resources to target\test-classes
2026-05-24 22:48:06,858 [Worker-25: Building Project Note_Taker] INFO  o.e.m.w.i.f.ResourceFilteringBuildParticipant - Changed resources require a complete clean of filtered resources of Registraion_Form
2026-05-24 22:48:06,859 [Worker-25: Building Project Note_Taker] INFO  o.e.m.w.i.f.ResourceFilteringBuildParticipant - Executing resource filtering for Registraion_Form
2026-05-24 22:48:54,814 [Worker-25: Building] INFO  o.e.m.c.i.l.LifecycleMappingFactory - Using org.maven.ide.eclipse.wtp.WarLifecycleMapping lifecycle mapping for MavenProject: com.todo:NoteTaker:0.0.1-SNAPSHOT @ D:\Java_Project\Note_Taker\pom.xml.
2026-05-24 22:48:55,190 [Worker-25: Building] WARN  o.a.m.s.f.DefaultMavenResourcesFiltering - Using platform encoding (UTF-8 actually) to copy filtered resources, i.e. build is platform dependent!
2026-05-24 22:48:55,194 [Worker-25: Building] INFO  o.a.m.s.f.DefaultMavenResourcesFiltering - Copying 0 resource from src\main\resources to target\classes
2026-05-24 22:48:55,198 [Worker-25: Building] WARN  o.a.m.s.f.DefaultMavenResourcesFiltering - Using platform encoding (UTF-8 actually) to copy filtered resources, i.e. build is platform dependent!
2026-05-24 22:48:55,200 [Worker-25: Building] INFO  o.a.m.s.f.DefaultMavenResourcesFiltering - Copying 0 resource from src\test\resources to target\test-classes
2026-05-24 22:48:55,201 [Worker-25: Building] INFO  o.e.m.w.i.f.ResourceFilteringBuildParticipant - Changed resources require a complete clean of filtered resources of Note_Taker
2026-05-24 22:48:55,201 [Worker-25: Building] INFO  o.e.m.w.i.f.ResourceFilteringBuildParticipant - Executing resource filtering for Note_Taker
2026-05-24 22:48:56,908 [Worker-10: Building] WARN  o.a.m.s.f.DefaultMavenResourcesFiltering - Using platform encoding (UTF-8 actually) to copy filtered resources, i.e. build is platform dependent!
2026-05-24 22:48:56,910 [Worker-10: Building] INFO  o.a.m.s.f.DefaultMavenResourcesFiltering - Copying 1 resource from src\main\resources to target\classes
2026-05-24 22:48:56,921 [Worker-10: Building] WARN  o.a.m.s.f.DefaultMavenResourcesFiltering - Using platform encoding (UTF-8 actually) to copy filtered resources, i.e. build is platform dependent!
2026-05-24 22:48:56,924 [Worker-10: Building] INFO  o.a.m.s.f.DefaultMavenResourcesFiltering - Copying 0 resource from src\test\resources to target\test-classes
2026-05-24 22:49:09,040 [Worker-24: Building] INFO  o.e.m.c.i.l.LifecycleMappingFactory - Using org.maven.ide.eclipse.wtp.WarLifecycleMapping lifecycle mapping for MavenProject: com.todo:NoteTaker:0.0.1-SNAPSHOT @ D:\Java_Project\Note_Taker\pom.xml.
2026-05-24 22:49:09,507 [Worker-24: Building] WARN  o.a.m.s.f.DefaultMavenResourcesFiltering - Using platform encoding (UTF-8 actually) to copy filtered resources, i.e. build is platform dependent!
2026-05-24 22:49:09,511 [Worker-24: Building] INFO  o.a.m.s.f.DefaultMavenResourcesFiltering - Copying 0 resource from src\main\resources to target\classes
2026-05-24 22:49:09,515 [Worker-24: Building] WARN  o.a.m.s.f.DefaultMavenResourcesFiltering - Using platform encoding (UTF-8 actually) to copy filtered resources, i.e. build is platform dependent!
2026-05-24 22:49:09,519 [Worker-24: Building] INFO  o.a.m.s.f.DefaultMavenResourcesFiltering - Copying 0 resource from src\test\resources to target\test-classes
2026-05-24 22:49:09,520 [Worker-24: Building] INFO  o.e.m.w.i.f.ResourceFilteringBuildParticipant - Changed resources require a complete clean of filtered resources of Note_Taker
2026-05-24 22:49:09,520 [Worker-24: Building] INFO  o.e.m.w.i.f.ResourceFilteringBuildParticipant - Executing resource filtering for Note_Taker
2026-05-24 22:50:19,425 [Worker-14: Building] INFO  o.e.m.c.i.l.LifecycleMappingFactory - Using org.maven.ide.eclipse.wtp.WarLifecycleMapping lifecycle mapping for MavenProject: com.todo:NoteTaker:0.0.1-SNAPSHOT @ D:\Java_Project\Note_Taker\pom.xml.
2026-05-24 22:50:19,869 [Worker-14: Building] WARN  o.a.m.s.f.DefaultMavenResourcesFiltering - Using platform encoding (UTF-8 actually) to copy filtered resources, i.e. build is platform dependent!
2026-05-24 22:50:19,871 [Worker-14: Building] INFO  o.a.m.s.f.DefaultMavenResourcesFiltering - Copying 0 resource from src\main\resources to target\classes
2026-05-24 22:50:19,875 [Worker-14: Building] WARN  o.a.m.s.f.DefaultMavenResourcesFiltering - Using platform encoding (UTF-8 actually) to copy filtered resources, i.e. build is platform dependent!
2026-05-24 22:50:19,877 [Worker-14: Building] INFO  o.a.m.s.f.DefaultMavenResourcesFiltering - Copying 0 resource from src\test\resources to target\test-classes
2026-05-24 22:50:19,878 [Worker-14: Building] INFO  o.e.m.w.i.f.ResourceFilteringBuildParticipant - Changed resources require a complete clean of filtered resources of Note_Taker
2026-05-24 22:50:19,878 [Worker-14: Building] INFO  o.e.m.w.i.f.ResourceFilteringBuildParticipant - Executing resource filtering for Note_Taker
2026-05-24 22:50:21,390 [Worker-10: Building] WARN  o.a.m.s.f.DefaultMavenResourcesFiltering - Using platform encoding (UTF-8 actually) to copy filtered resources, i.e. build is platform dependent!
2026-05-24 22:50:21,393 [Worker-10: Building] INFO  o.a.m.s.f.DefaultMavenResourcesFiltering - Copying 1 resource from src\main\resources to target\classes
2026-05-24 22:50:21,404 [Worker-10: Building] WARN  o.a.m.s.f.DefaultMavenResourcesFiltering - Using platform encoding (UTF-8 actually) to copy filtered resources, i.e. build is platform dependent!
2026-05-24 22:50:21,406 [Worker-10: Building] INFO  o.a.m.s.f.DefaultMavenResourcesFiltering - Copying 0 resource from src\test\resources to target\test-classes
2026-05-24 22:50:24,676 [Worker-16: Building] INFO  o.e.m.c.i.l.LifecycleMappingFactory - Using org.maven.ide.eclipse.wtp.WarLifecycleMapping lifecycle mapping for MavenProject: com.todo:NoteTaker:0.0.1-SNAPSHOT @ D:\Java_Project\Note_Taker\pom.xml.
2026-05-24 22:50:25,113 [Worker-16: Building] WARN  o.a.m.s.f.DefaultMavenResourcesFiltering - Using platform encoding (UTF-8 actually) to copy filtered resources, i.e. build is platform dependent!
2026-05-24 22:50:25,116 [Worker-16: Building] INFO  o.a.m.s.f.DefaultMavenResourcesFiltering - Copying 0 resource from src\main\resources to target\classes
2026-05-24 22:50:25,119 [Worker-16: Building] WARN  o.a.m.s.f.DefaultMavenResourcesFiltering - Using platform encoding (UTF-8 actually) to copy filtered resources, i.e. build is platform dependent!
2026-05-24 22:50:25,121 [Worker-16: Building] INFO  o.a.m.s.f.DefaultMavenResourcesFiltering - Copying 0 resource from src\test\resources to target\test-classes
2026-05-24 22:50:25,122 [Worker-16: Building] INFO  o.e.m.w.i.f.ResourceFilteringBuildParticipant - Changed resources require a complete clean of filtered resources of Note_Taker
2026-05-24 22:50:25,122 [Worker-16: Building] INFO  o.e.m.w.i.f.ResourceFilteringBuildParticipant - Executing resource filtering for Note_Taker
2026-05-24 22:51:42,133 [Worker-16: Updating Maven Project] INFO  o.e.m.c.i.p.ProjectConfigurationManager - Update started
2026-05-24 22:51:42,586 [Worker-16: Updating Maven Project] INFO  o.e.m.c.i.l.LifecycleMappingFactory - Using org.maven.ide.eclipse.wtp.WarLifecycleMapping lifecycle mapping for MavenProject: com.todo:NoteTaker:0.0.1-SNAPSHOT @ D:\Java_Project\Note_Taker\pom.xml.
2026-05-24 22:51:42,860 [Worker-16: Updating Maven Project] INFO  o.e.m.c.i.l.LifecycleMappingFactory - Using org.maven.ide.eclipse.wtp.WarLifecycleMapping lifecycle mapping for MavenProject: com.form:Registration_Form:0.0.1-SNAPSHOT @ D:\Java_Project\Registraion_Form\pom.xml.
2026-05-24 22:51:43,044 [Worker-16: Updating Maven Project] INFO  o.e.m.c.i.l.LifecycleMappingFactory - Using org.maven.ide.eclipse.wtp.WarLifecycleMapping lifecycle mapping for MavenProject: com.tracker:Online_Expanse_Tracker:0.0.1-SNAPSHOT @ D:\Java_Project\Online_Expanse_Tracker\pom.xml.
2026-05-24 22:51:44,462 [Worker-16: Updating Maven Project] INFO  o.e.m.j.i.AbstractJavaProjectConfigurator - Adding source folder /Note_Taker/src/main/java
2026-05-24 22:51:44,464 [Worker-16: Updating Maven Project] INFO  o.e.m.j.i.AbstractJavaProjectConfigurator - Adding resource folder /Note_Taker/src/main/resources
2026-05-24 22:51:44,465 [Worker-16: Updating Maven Project] INFO  o.e.m.j.i.AbstractJavaProjectConfigurator - Adding source folder /Note_Taker/src/test/java
2026-05-24 22:51:44,466 [Worker-16: Updating Maven Project] INFO  o.e.m.j.i.AbstractJavaProjectConfigurator - Adding resource folder /Note_Taker/src/test/resources
2026-05-24 22:51:45,533 [Worker-16: Updating Maven Project] INFO  o.e.m.w.i.f.ResourceFilteringBuildParticipant - Cleaning filtered folder for Note_Taker
2026-05-24 22:51:45,575 [Worker-16: Updating Maven Project] INFO  o.e.m.c.i.p.ProjectConfigurationManager - Update completed for 1 poms: local refresh takes 0.00 sec, refresh facades takes 2.00 sec, update config takes 0.00 sec 
2026-05-24 22:51:45,785 [Worker-16: Building Project Note_Taker] WARN  o.a.m.s.f.DefaultMavenResourcesFiltering - Using platform encoding (UTF-8 actually) to copy filtered resources, i.e. build is platform dependent!
2026-05-24 22:51:45,788 [Worker-16: Building Project Note_Taker] INFO  o.a.m.s.f.DefaultMavenResourcesFiltering - Copying 1 resource from src\main\resources to target\classes
2026-05-24 22:51:45,806 [Worker-16: Building Project Note_Taker] WARN  o.a.m.s.f.DefaultMavenResourcesFiltering - Using platform encoding (UTF-8 actually) to copy filtered resources, i.e. build is platform dependent!
2026-05-24 22:51:45,808 [Worker-16: Building Project Note_Taker] INFO  o.a.m.s.f.DefaultMavenResourcesFiltering - Copying 0 resource from src\test\resources to target\test-classes
2026-05-24 22:51:45,809 [Worker-16: Building Project Note_Taker] INFO  o.e.m.w.i.f.ResourceFilteringBuildParticipant - Changed resources require a complete clean of filtered resources of Note_Taker
2026-05-24 22:51:45,809 [Worker-16: Building Project Note_Taker] INFO  o.e.m.w.i.f.ResourceFilteringBuildParticipant - Executing resource filtering for Note_Taker
2026-05-24 22:53:12,600 [Worker-27: Launching mavenrun-024cce27-b582-432e-83fa-7cb7ed16c347] INFO  o.eclipse.m2e.core.internal.Bundles - getClasspathEntries(Bundle=org.eclipse.m2e.maven.runtime_3.9.900.20250220-2013 [640])
2026-05-24 22:53:12,603 [Worker-27: Launching mavenrun-024cce27-b582-432e-83fa-7cb7ed16c347] INFO  o.eclipse.m2e.core.internal.Bundles - 	Entry: D:\Software\eclipse\plugins\org.eclipse.m2e.maven.runtime_3.9.900.20250220-2013
2026-05-24 22:53:12,604 [Worker-27: Launching mavenrun-024cce27-b582-432e-83fa-7cb7ed16c347] INFO  o.eclipse.m2e.core.internal.Bundles - 	Entry: D:\Software\eclipse\plugins\org.eclipse.m2e.maven.runtime_3.9.900.20250220-2013\jars\aopalliance-1.0.jar
2026-05-24 22:53:12,606 [Worker-27: Launching mavenrun-024cce27-b582-432e-83fa-7cb7ed16c347] INFO  o.eclipse.m2e.core.internal.Bundles - 	Entry: D:\Software\eclipse\plugins\org.eclipse.m2e.maven.runtime_3.9.900.20250220-2013\jars\guice-5.1.0.jar
2026-05-24 22:53:12,606 [Worker-27: Launching mavenrun-024cce27-b582-432e-83fa-7cb7ed16c347] INFO  o.eclipse.m2e.core.internal.Bundles - 	Entry: D:\Software\eclipse\plugins\org.eclipse.m2e.maven.runtime_3.9.900.20250220-2013\jars\httpclient-4.5.14.jar
2026-05-24 22:53:12,606 [Worker-27: Launching mavenrun-024cce27-b582-432e-83fa-7cb7ed16c347] INFO  o.eclipse.m2e.core.internal.Bundles - 	Entry: D:\Software\eclipse\plugins\org.eclipse.m2e.maven.runtime_3.9.900.20250220-2013\jars\httpcore-4.4.16.jar
2026-05-24 22:53:12,606 [Worker-27: Launching mavenrun-024cce27-b582-432e-83fa-7cb7ed16c347] INFO  o.eclipse.m2e.core.internal.Bundles - 	Entry: D:\Software\eclipse\plugins\org.eclipse.m2e.maven.runtime_3.9.900.20250220-2013\jars\jansi-2.4.1.jar
2026-05-24 22:53:12,607 [Worker-27: Launching mavenrun-024cce27-b582-432e-83fa-7cb7ed16c347] INFO  o.eclipse.m2e.core.internal.Bundles - 	Entry: D:\Software\eclipse\plugins\org.eclipse.m2e.maven.runtime_3.9.900.20250220-2013\jars\jcl-over-slf4j-1.7.36.jar
2026-05-24 22:53:12,607 [Worker-27: Launching mavenrun-024cce27-b582-432e-83fa-7cb7ed16c347] INFO  o.eclipse.m2e.core.internal.Bundles - 	Entry: D:\Software\eclipse\plugins\org.eclipse.m2e.maven.runtime_3.9.900.20250220-2013\jars\maven-artifact-3.9.9.jar
2026-05-24 22:53:12,607 [Worker-27: Launching mavenrun-024cce27-b582-432e-83fa-7cb7ed16c347] INFO  o.eclipse.m2e.core.internal.Bundles - 	Entry: D:\Software\eclipse\plugins\org.eclipse.m2e.maven.runtime_3.9.900.20250220-2013\jars\maven-builder-support-3.9.9.jar
2026-05-24 22:53:12,607 [Worker-27: Launching mavenrun-024cce27-b582-432e-83fa-7cb7ed16c347] INFO  o.eclipse.m2e.core.internal.Bundles - 	Entry: D:\Software\eclipse\plugins\org.eclipse.m2e.maven.runtime_3.9.900.20250220-2013\jars\maven-compat-3.9.9.jar
2026-05-24 22:53:12,607 [Worker-27: Launching mavenrun-024cce27-b582-432e-83fa-7cb7ed16c347] INFO  o.eclipse.m2e.core.internal.Bundles - 	Entry: D:\Software\eclipse\plugins\org.eclipse.m2e.maven.runtime_3.9.900.20250220-2013\jars\maven-core-3.9.9.jar
2026-05-24 22:53:12,608 [Worker-27: Launching mavenrun-024cce27-b582-432e-83fa-7cb7ed16c347] INFO  o.eclipse.m2e.core.internal.Bundles - 	Entry: D:\Software\eclipse\plugins\org.eclipse.m2e.maven.runtime_3.9.900.20250220-2013\jars\maven-embedder-3.9.9.jar
2026-05-24 22:53:12,608 [Worker-27: Launching mavenrun-024cce27-b582-432e-83fa-7cb7ed16c347] INFO  o.eclipse.m2e.core.internal.Bundles - 	Entry: D:\Software\eclipse\plugins\org.eclipse.m2e.maven.runtime_3.9.900.20250220-2013\jars\maven-model-3.9.9.jar
2026-05-24 22:53:12,608 [Worker-27: Launching mavenrun-024cce27-b582-432e-83fa-7cb7ed16c347] INFO  o.eclipse.m2e.core.internal.Bundles - 	Entry: D:\Software\eclipse\plugins\org.eclipse.m2e.maven.runtime_3.9.900.20250220-2013\jars\maven-model-builder-3.9.9.jar
2026-05-24 22:53:12,608 [Worker-27: Launching mavenrun-024cce27-b582-432e-83fa-7cb7ed16c347] INFO  o.eclipse.m2e.core.internal.Bundles - 	Entry: D:\Software\eclipse\plugins\org.eclipse.m2e.maven.runtime_3.9.900.20250220-2013\jars\maven-plugin-api-3.9.9.jar
2026-05-24 22:53:12,608 [Worker-27: Launching mavenrun-024cce27-b582-432e-83fa-7cb7ed16c347] INFO  o.eclipse.m2e.core.internal.Bundles - 	Entry: D:\Software\eclipse\plugins\org.eclipse.m2e.maven.runtime_3.9.900.20250220-2013\jars\maven-repository-metadata-3.9.9.jar
2026-05-24 22:53:12,609 [Worker-27: Launching mavenrun-024cce27-b582-432e-83fa-7cb7ed16c347] INFO  o.eclipse.m2e.core.internal.Bundles - 	Entry: D:\Software\eclipse\plugins\org.eclipse.m2e.maven.runtime_3.9.900.20250220-2013\jars\maven-resolver-api-1.9.22.jar
2026-05-24 22:53:12,609 [Worker-27: Launching mavenrun-024cce27-b582-432e-83fa-7cb7ed16c347] INFO  o.eclipse.m2e.core.internal.Bundles - 	Entry: D:\Software\eclipse\plugins\org.eclipse.m2e.maven.runtime_3.9.900.20250220-2013\jars\maven-resolver-connector-basic-1.9.22.jar
2026-05-24 22:53:12,609 [Worker-27: Launching mavenrun-024cce27-b582-432e-83fa-7cb7ed16c347] INFO  o.eclipse.m2e.core.internal.Bundles - 	Entry: D:\Software\eclipse\plugins\org.eclipse.m2e.maven.runtime_3.9.900.20250220-2013\jars\maven-resolver-impl-1.9.22.jar
2026-05-24 22:53:12,609 [Worker-27: Launching mavenrun-024cce27-b582-432e-83fa-7cb7ed16c347] INFO  o.eclipse.m2e.core.internal.Bundles - 	Entry: D:\Software\eclipse\plugins\org.eclipse.m2e.maven.runtime_3.9.900.20250220-2013\jars\maven-resolver-named-locks-1.9.22.jar
2026-05-24 22:53:12,609 [Worker-27: Launching mavenrun-024cce27-b582-432e-83fa-7cb7ed16c347] INFO  o.eclipse.m2e.core.internal.Bundles - 	Entry: D:\Software\eclipse\plugins\org.eclipse.m2e.maven.runtime_3.9.900.20250220-2013\jars\maven-resolver-provider-3.9.9.jar
2026-05-24 22:53:12,610 [Worker-27: Launching mavenrun-024cce27-b582-432e-83fa-7cb7ed16c347] INFO  o.eclipse.m2e.core.internal.Bundles - 	Entry: D:\Software\eclipse\plugins\org.eclipse.m2e.maven.runtime_3.9.900.20250220-2013\jars\maven-resolver-spi-1.9.22.jar
2026-05-24 22:53:12,610 [Worker-27: Launching mavenrun-024cce27-b582-432e-83fa-7cb7ed16c347] INFO  o.eclipse.m2e.core.internal.Bundles - 	Entry: D:\Software\eclipse\plugins\org.eclipse.m2e.maven.runtime_3.9.900.20250220-2013\jars\maven-resolver-transport-file-1.9.22.jar
2026-05-24 22:53:12,610 [Worker-27: Launching mavenrun-024cce27-b582-432e-83fa-7cb7ed16c347] INFO  o.eclipse.m2e.core.internal.Bundles - 	Entry: D:\Software\eclipse\plugins\org.eclipse.m2e.maven.runtime_3.9.900.20250220-2013\jars\maven-resolver-transport-http-1.9.22.jar
2026-05-24 22:53:12,610 [Worker-27: Launching mavenrun-024cce27-b582-432e-83fa-7cb7ed16c347] INFO  o.eclipse.m2e.core.internal.Bundles - 	Entry: D:\Software\eclipse\plugins\org.eclipse.m2e.maven.runtime_3.9.900.20250220-2013\jars\maven-resolver-transport-wagon-1.9.22.jar
2026-05-24 22:53:12,611 [Worker-27: Launching mavenrun-024cce27-b582-432e-83fa-7cb7ed16c347] INFO  o.eclipse.m2e.core.internal.Bundles - 	Entry: D:\Software\eclipse\plugins\org.eclipse.m2e.maven.runtime_3.9.900.20250220-2013\jars\maven-resolver-util-1.9.22.jar
2026-05-24 22:53:12,611 [Worker-27: Launching mavenrun-024cce27-b582-432e-83fa-7cb7ed16c347] INFO  o.eclipse.m2e.core.internal.Bundles - 	Entry: D:\Software\eclipse\plugins\org.eclipse.m2e.maven.runtime_3.9.900.20250220-2013\jars\maven-settings-3.9.9.jar
2026-05-24 22:53:12,611 [Worker-27: Launching mavenrun-024cce27-b582-432e-83fa-7cb7ed16c347] INFO  o.eclipse.m2e.core.internal.Bundles - 	Entry: D:\Software\eclipse\plugins\org.eclipse.m2e.maven.runtime_3.9.900.20250220-2013\jars\maven-settings-builder-3.9.9.jar
2026-05-24 22:53:12,611 [Worker-27: Launching mavenrun-024cce27-b582-432e-83fa-7cb7ed16c347] INFO  o.eclipse.m2e.core.internal.Bundles - 	Entry: D:\Software\eclipse\plugins\org.eclipse.m2e.maven.runtime_3.9.900.20250220-2013\jars\maven-shared-utils-3.4.2.jar
2026-05-24 22:53:12,611 [Worker-27: Launching mavenrun-024cce27-b582-432e-83fa-7cb7ed16c347] INFO  o.eclipse.m2e.core.internal.Bundles - 	Entry: D:\Software\eclipse\plugins\org.eclipse.m2e.maven.runtime_3.9.900.20250220-2013\jars\org.eclipse.sisu.inject-0.9.0.M3.jar
2026-05-24 22:53:12,612 [Worker-27: Launching mavenrun-024cce27-b582-432e-83fa-7cb7ed16c347] INFO  o.eclipse.m2e.core.internal.Bundles - 	Entry: D:\Software\eclipse\plugins\org.eclipse.m2e.maven.runtime_3.9.900.20250220-2013\jars\org.eclipse.sisu.plexus-0.9.0.M3.jar
2026-05-24 22:53:12,612 [Worker-27: Launching mavenrun-024cce27-b582-432e-83fa-7cb7ed16c347] INFO  o.eclipse.m2e.core.internal.Bundles - 	Entry: D:\Software\eclipse\plugins\org.eclipse.m2e.maven.runtime_3.9.900.20250220-2013\jars\plexus-build-api-0.0.7.jar
2026-05-24 22:53:12,612 [Worker-27: Launching mavenrun-024cce27-b582-432e-83fa-7cb7ed16c347] INFO  o.eclipse.m2e.core.internal.Bundles - 	Entry: D:\Software\eclipse\plugins\org.eclipse.m2e.maven.runtime_3.9.900.20250220-2013\jars\plexus-build-api-1.2.0.jar
2026-05-24 22:53:12,612 [Worker-27: Launching mavenrun-024cce27-b582-432e-83fa-7cb7ed16c347] INFO  o.eclipse.m2e.core.internal.Bundles - 	Entry: D:\Software\eclipse\plugins\org.eclipse.m2e.maven.runtime_3.9.900.20250220-2013\jars\plexus-cipher-2.0.jar
2026-05-24 22:53:12,612 [Worker-27: Launching mavenrun-024cce27-b582-432e-83fa-7cb7ed16c347] INFO  o.eclipse.m2e.core.internal.Bundles - 	Entry: D:\Software\eclipse\plugins\org.eclipse.m2e.maven.runtime_3.9.900.20250220-2013\jars\plexus-classworlds-2.8.0.jar
2026-05-24 22:53:12,612 [Worker-27: Launching mavenrun-024cce27-b582-432e-83fa-7cb7ed16c347] INFO  o.eclipse.m2e.core.internal.Bundles - 	Entry: D:\Software\eclipse\plugins\org.eclipse.m2e.maven.runtime_3.9.900.20250220-2013\jars\plexus-component-annotations-2.1.0.jar
2026-05-24 22:53:12,613 [Worker-27: Launching mavenrun-024cce27-b582-432e-83fa-7cb7ed16c347] INFO  o.eclipse.m2e.core.internal.Bundles - 	Entry: D:\Software\eclipse\plugins\org.eclipse.m2e.maven.runtime_3.9.900.20250220-2013\jars\plexus-interpolation-1.27.jar
2026-05-24 22:53:12,613 [Worker-27: Launching mavenrun-024cce27-b582-432e-83fa-7cb7ed16c347] INFO  o.eclipse.m2e.core.internal.Bundles - 	Entry: D:\Software\eclipse\plugins\org.eclipse.m2e.maven.runtime_3.9.900.20250220-2013\jars\plexus-sec-dispatcher-2.0.jar
2026-05-24 22:53:12,613 [Worker-27: Launching mavenrun-024cce27-b582-432e-83fa-7cb7ed16c347] INFO  o.eclipse.m2e.core.internal.Bundles - 	Entry: D:\Software\eclipse\plugins\org.eclipse.m2e.maven.runtime_3.9.900.20250220-2013\jars\plexus-utils-3.5.1.jar
2026-05-24 22:53:12,613 [Worker-27: Launching mavenrun-024cce27-b582-432e-83fa-7cb7ed16c347] INFO  o.eclipse.m2e.core.internal.Bundles - 	Entry: D:\Software\eclipse\plugins\org.eclipse.m2e.maven.runtime_3.9.900.20250220-2013\jars\plexus-xml-3.0.1.jar
2026-05-24 22:53:12,614 [Worker-27: Launching mavenrun-024cce27-b582-432e-83fa-7cb7ed16c347] INFO  o.eclipse.m2e.core.internal.Bundles - 	Entry: D:\Software\eclipse\plugins\org.eclipse.m2e.maven.runtime_3.9.900.20250220-2013\jars\wagon-file-3.5.3.jar
2026-05-24 22:53:12,614 [Worker-27: Launching mavenrun-024cce27-b582-432e-83fa-7cb7ed16c347] INFO  o.eclipse.m2e.core.internal.Bundles - 	Entry: D:\Software\eclipse\plugins\org.eclipse.m2e.maven.runtime_3.9.900.20250220-2013\jars\wagon-http-3.5.3.jar
2026-05-24 22:53:12,614 [Worker-27: Launching mavenrun-024cce27-b582-432e-83fa-7cb7ed16c347] INFO  o.eclipse.m2e.core.internal.Bundles - 	Entry: D:\Software\eclipse\plugins\org.eclipse.m2e.maven.runtime_3.9.900.20250220-2013\jars\wagon-http-shared-3.5.3.jar
2026-05-24 22:53:12,614 [Worker-27: Launching mavenrun-024cce27-b582-432e-83fa-7cb7ed16c347] INFO  o.eclipse.m2e.core.internal.Bundles - 	Entry: D:\Software\eclipse\plugins\org.eclipse.m2e.maven.runtime_3.9.900.20250220-2013\jars\wagon-provider-api-3.5.3.jar
2026-05-24 22:53:12,615 [Worker-27: Launching mavenrun-024cce27-b582-432e-83fa-7cb7ed16c347] INFO  o.eclipse.m2e.core.internal.Bundles - getClasspathEntries(Bundle=com.google.guava_33.4.8.jre [18])
2026-05-24 22:53:12,617 [Worker-27: Launching mavenrun-024cce27-b582-432e-83fa-7cb7ed16c347] INFO  o.eclipse.m2e.core.internal.Bundles - 	Entry: D:\Software\eclipse\plugins\com.google.guava_33.4.8.jre.jar
2026-05-24 22:53:12,617 [Worker-27: Launching mavenrun-024cce27-b582-432e-83fa-7cb7ed16c347] INFO  o.eclipse.m2e.core.internal.Bundles - getClasspathEntries(Bundle=slf4j.api_2.0.17 [1006])
2026-05-24 22:53:12,618 [Worker-27: Launching mavenrun-024cce27-b582-432e-83fa-7cb7ed16c347] INFO  o.eclipse.m2e.core.internal.Bundles - 	Entry: D:\Software\eclipse\plugins\slf4j.api_2.0.17.jar
2026-05-24 22:53:12,618 [Worker-27: Launching mavenrun-024cce27-b582-432e-83fa-7cb7ed16c347] INFO  o.eclipse.m2e.core.internal.Bundles - getClasspathEntries(Bundle=jakarta.inject.jakarta.inject-api_1.0.5 [35])
2026-05-24 22:53:12,620 [Worker-27: Launching mavenrun-024cce27-b582-432e-83fa-7cb7ed16c347] INFO  o.eclipse.m2e.core.internal.Bundles - 	Entry: D:\Software\eclipse\plugins\jakarta.inject.jakarta.inject-api_1.0.5.jar
2026-05-24 22:53:12,620 [Worker-27: Launching mavenrun-024cce27-b582-432e-83fa-7cb7ed16c347] INFO  o.eclipse.m2e.core.internal.Bundles - getClasspathEntries(Bundle=javax.annotation_1.3.5.v20200909-1856 [45])
2026-05-24 22:53:12,621 [Worker-27: Launching mavenrun-024cce27-b582-432e-83fa-7cb7ed16c347] INFO  o.eclipse.m2e.core.internal.Bundles - 	Entry: D:\Software\eclipse\plugins\javax.annotation_1.3.5.v20200909-1856.jar
2026-05-24 22:53:12,621 [Worker-27: Launching mavenrun-024cce27-b582-432e-83fa-7cb7ed16c347] INFO  o.eclipse.m2e.core.internal.Bundles - getClasspathEntries(Bundle=org.apache.commons.cli_1.9.0 [76])
2026-05-24 22:53:12,623 [Worker-27: Launching mavenrun-024cce27-b582-432e-83fa-7cb7ed16c347] INFO  o.eclipse.m2e.core.internal.Bundles - 	Entry: D:\Software\eclipse\plugins\org.apache.commons.cli_1.9.0.jar
2026-05-24 22:53:12,623 [Worker-27: Launching mavenrun-024cce27-b582-432e-83fa-7cb7ed16c347] INFO  o.eclipse.m2e.core.internal.Bundles - getClasspathEntries(Bundle=org.apache.commons.commons-codec_1.16.0 [78])
2026-05-24 22:53:12,625 [Worker-27: Launching mavenrun-024cce27-b582-432e-83fa-7cb7ed16c347] INFO  o.eclipse.m2e.core.internal.Bundles - 	Entry: D:\Software\eclipse\plugins\org.apache.commons.commons-codec_1.16.0.jar
2026-05-24 22:53:12,625 [Worker-27: Launching mavenrun-024cce27-b582-432e-83fa-7cb7ed16c347] INFO  o.eclipse.m2e.core.internal.Bundles - getClasspathEntries(Bundle=com.google.guava.failureaccess_1.0.3 [19])
2026-05-24 22:53:12,627 [Worker-27: Launching mavenrun-024cce27-b582-432e-83fa-7cb7ed16c347] INFO  o.eclipse.m2e.core.internal.Bundles - 	Entry: D:\Software\eclipse\plugins\com.google.guava.failureaccess_1.0.3.jar
2026-05-24 22:53:12,631 [Worker-27: Launching mavenrun-024cce27-b582-432e-83fa-7cb7ed16c347] INFO  o.e.m.i.launch.MavenLaunchDelegate - Run build in "C:\Users\lenovo\AppData\Local\Temp\m2e-archetypeGenerator15475738913956257876":
2026-05-24 22:53:12,631 [Worker-27: Launching mavenrun-024cce27-b582-432e-83fa-7cb7ed16c347] INFO  o.e.m.i.launch.MavenLaunchDelegate -  mvn  -DarchetypeGroupId=org.apache.maven.archetypes -DarchetypeArtifactId=maven-archetype-webapp -DarchetypeVersion=1.0 -DgroupId=com.search -DartifactId=Search_App -Dversion=0.0.1-SNAPSHOT -Dpackage=com.search -DoutputDirectory=D:\Java_Project -Dstyle.color=always -U archetype:generate
2026-05-24 22:53:32,674 [Worker-3: Creating maven-archetype-webapp] INFO  o.e.m.c.i.p.ProjectConfigurationManager - Collecting project info '/pom.xml' D:\Java_Project\Search_App\pom.xml
2026-05-24 22:53:32,782 [Worker-3: Creating maven-archetype-webapp] INFO  o.e.m.c.i.l.LifecycleMappingFactory - Using org.maven.ide.eclipse.wtp.WarLifecycleMapping lifecycle mapping for MavenProject: com.search:Search_App:0.0.1-SNAPSHOT @ D:\Java_Project\Search_App\pom.xml.
2026-05-24 22:53:32,866 [Worker-3: Creating maven-archetype-webapp] INFO  o.e.m.j.i.AbstractJavaProjectConfigurator - Adding source folder /Search_App/src/main/java
2026-05-24 22:53:32,868 [Worker-3: Creating maven-archetype-webapp] INFO  o.e.m.j.i.AbstractJavaProjectConfigurator - Adding resource folder /Search_App/src/main/resources
2026-05-24 22:53:32,869 [Worker-3: Creating maven-archetype-webapp] INFO  o.e.m.j.i.AbstractJavaProjectConfigurator - Adding source folder /Search_App/src/test/java
2026-05-24 22:53:32,871 [Worker-3: Creating maven-archetype-webapp] INFO  o.e.m.j.i.AbstractJavaProjectConfigurator - Adding resource folder /Search_App/src/test/resources
2026-05-24 22:53:34,171 [Worker-3: Creating maven-archetype-webapp] INFO  o.e.m.c.i.p.ProjectConfigurationManager - Imported and configured 1 project(s) in 1 sec
2026-05-24 22:53:34,530 [Worker-6: Building] WARN  o.a.m.s.f.DefaultMavenResourcesFiltering - Using platform encoding (UTF-8 actually) to copy filtered resources, i.e. build is platform dependent!
2026-05-24 22:53:34,533 [Worker-6: Building] INFO  o.a.m.s.f.DefaultMavenResourcesFiltering - Copying 0 resource from src\main\resources to target\classes
2026-05-24 22:53:34,535 [Worker-6: Building] WARN  o.a.m.s.f.DefaultMavenResourcesFiltering - Using platform encoding (UTF-8 actually) to copy filtered resources, i.e. build is platform dependent!
2026-05-24 22:53:34,537 [Worker-6: Building] INFO  o.a.m.s.f.DefaultMavenResourcesFiltering - skip non existing resourceDirectory D:\Java_Project\Search_App\src\test\resources
2026-05-24 22:54:03,165 [Worker-19: Building] WARN  o.a.m.s.f.DefaultMavenResourcesFiltering - Using platform encoding (UTF-8 actually) to copy filtered resources, i.e. build is platform dependent!
2026-05-24 22:54:03,168 [Worker-19: Building] INFO  o.a.m.s.f.DefaultMavenResourcesFiltering - Copying 0 resource from src\main\resources to target\classes
2026-05-24 22:54:03,172 [Worker-19: Building] WARN  o.a.m.s.f.DefaultMavenResourcesFiltering - Using platform encoding (UTF-8 actually) to copy filtered resources, i.e. build is platform dependent!
2026-05-24 22:54:03,175 [Worker-19: Building] INFO  o.a.m.s.f.DefaultMavenResourcesFiltering - Copying 0 resource from src\test\resources to target\test-classes
2026-05-24 22:54:18,425 [Worker-16: Building] WARN  o.a.m.s.f.DefaultMavenResourcesFiltering - Using platform encoding (UTF-8 actually) to copy filtered resources, i.e. build is platform dependent!
2026-05-24 22:54:18,428 [Worker-16: Building] INFO  o.a.m.s.f.DefaultMavenResourcesFiltering - Copying 0 resource from src\main\resources to target\classes
2026-05-24 22:54:18,433 [Worker-16: Building] WARN  o.a.m.s.f.DefaultMavenResourcesFiltering - Using platform encoding (UTF-8 actually) to copy filtered resources, i.e. build is platform dependent!
2026-05-24 22:54:18,435 [Worker-16: Building] INFO  o.a.m.s.f.DefaultMavenResourcesFiltering - Copying 0 resource from src\test\resources to target\test-classes
2026-05-24 22:55:52,906 [Worker-19: Building] INFO  o.e.m.c.i.l.LifecycleMappingFactory - Using org.maven.ide.eclipse.wtp.WarLifecycleMapping lifecycle mapping for MavenProject: com.searchapp:SearchApp:0.0.1-SNAPSHOT @ D:\Java_Project\Search_App\pom.xml.
2026-05-24 22:55:53,410 [Worker-19: Building] WARN  o.a.m.s.f.DefaultMavenResourcesFiltering - Using platform encoding (UTF-8 actually) to copy filtered resources, i.e. build is platform dependent!
2026-05-24 22:55:53,414 [Worker-19: Building] INFO  o.a.m.s.f.DefaultMavenResourcesFiltering - Copying 0 resource from src\main\resources to target\classes
2026-05-24 22:55:53,419 [Worker-19: Building] WARN  o.a.m.s.f.DefaultMavenResourcesFiltering - Using platform encoding (UTF-8 actually) to copy filtered resources, i.e. build is platform dependent!
2026-05-24 22:55:53,422 [Worker-19: Building] INFO  o.a.m.s.f.DefaultMavenResourcesFiltering - skip non existing resourceDirectory D:\Java_Project\Search_App\src\test\resources
2026-05-24 22:55:53,423 [Worker-19: Building] INFO  o.e.m.w.i.f.ResourceFilteringBuildParticipant - Changed resources require a complete clean of filtered resources of Search_App
2026-05-24 22:55:53,423 [Worker-19: Building] INFO  o.e.m.w.i.f.ResourceFilteringBuildParticipant - Executing resource filtering for Search_App
2026-05-24 22:55:57,467 [Worker-29: Building] WARN  o.a.m.s.f.DefaultMavenResourcesFiltering - Using platform encoding (UTF-8 actually) to copy filtered resources, i.e. build is platform dependent!
2026-05-24 22:55:57,471 [Worker-29: Building] INFO  o.a.m.s.f.DefaultMavenResourcesFiltering - Copying 1 resource from src\main\resources to target\classes
2026-05-24 22:55:57,480 [Worker-29: Building] WARN  o.a.m.s.f.DefaultMavenResourcesFiltering - Using platform encoding (UTF-8 actually) to copy filtered resources, i.e. build is platform dependent!
2026-05-24 22:55:57,482 [Worker-29: Building] INFO  o.a.m.s.f.DefaultMavenResourcesFiltering - Copying 0 resource from src\test\resources to target\test-classes
2026-05-24 22:56:26,811 [Worker-29: Updating Maven Project] INFO  o.e.m.c.i.p.ProjectConfigurationManager - Update started
2026-05-24 22:56:27,225 [Worker-29: Updating Maven Project] INFO  o.e.m.c.i.l.LifecycleMappingFactory - Using org.maven.ide.eclipse.wtp.WarLifecycleMapping lifecycle mapping for MavenProject: com.form:Registration_Form:0.0.1-SNAPSHOT @ D:\Java_Project\Registraion_Form\pom.xml.
2026-05-24 22:56:27,474 [Worker-29: Updating Maven Project] INFO  o.e.m.c.i.l.LifecycleMappingFactory - Using org.maven.ide.eclipse.wtp.WarLifecycleMapping lifecycle mapping for MavenProject: com.tracker:Online_Expanse_Tracker:0.0.1-SNAPSHOT @ D:\Java_Project\Online_Expanse_Tracker\pom.xml.
2026-05-24 22:56:27,530 [Worker-29: Updating Maven Project] INFO  o.e.m.c.i.l.LifecycleMappingFactory - Using org.maven.ide.eclipse.wtp.WarLifecycleMapping lifecycle mapping for MavenProject: com.todo:NoteTaker:0.0.1-SNAPSHOT @ D:\Java_Project\Note_Taker\pom.xml.
2026-05-24 22:56:29,030 [Worker-29: Updating Maven Project] INFO  o.e.m.j.i.AbstractJavaProjectConfigurator - Adding source folder /Registraion_Form/src/main/java
2026-05-24 22:56:29,032 [Worker-29: Updating Maven Project] INFO  o.e.m.j.i.AbstractJavaProjectConfigurator - Adding resource folder /Registraion_Form/src/main/resources
2026-05-24 22:56:29,033 [Worker-29: Updating Maven Project] INFO  o.e.m.j.i.AbstractJavaProjectConfigurator - Adding source folder /Registraion_Form/src/test/java
2026-05-24 22:56:29,034 [Worker-29: Updating Maven Project] INFO  o.e.m.j.i.AbstractJavaProjectConfigurator - Adding resource folder /Registraion_Form/src/test/resources
2026-05-24 22:56:29,589 [Worker-29: Updating Maven Project] INFO  o.e.m.w.i.f.ResourceFilteringBuildParticipant - Cleaning filtered folder for Registraion_Form
2026-05-24 22:56:29,628 [Worker-29: Updating Maven Project] INFO  o.e.m.c.i.p.ProjectConfigurationManager - Update completed for 1 poms: local refresh takes 0.00 sec, refresh facades takes 2.00 sec, update config takes 0.00 sec 
2026-05-24 22:56:30,079 [Worker-4: Building] INFO  o.a.m.s.f.DefaultMavenResourcesFiltering - Copying 1 resource from src\main\resources to target\classes
2026-05-24 22:56:30,101 [Worker-4: Building] INFO  o.a.m.s.f.DefaultMavenResourcesFiltering - Copying 0 resource from src\test\resources to target\test-classes
2026-05-24 22:56:30,101 [Worker-4: Building] INFO  o.e.m.w.i.f.ResourceFilteringBuildParticipant - Changed resources require a complete clean of filtered resources of Registraion_Form
2026-05-24 22:56:30,102 [Worker-4: Building] INFO  o.e.m.w.i.f.ResourceFilteringBuildParticipant - Executing resource filtering for Registraion_Form
2026-05-24 22:57:18,207 [Worker-4: Launching mavenrun-d105fcf7-7138-4e28-83cc-d57f5d639ead] INFO  o.eclipse.m2e.core.internal.Bundles - getClasspathEntries(Bundle=org.eclipse.m2e.maven.runtime_3.9.900.20250220-2013 [640])
2026-05-24 22:57:18,209 [Worker-4: Launching mavenrun-d105fcf7-7138-4e28-83cc-d57f5d639ead] INFO  o.eclipse.m2e.core.internal.Bundles - 	Entry: D:\Software\eclipse\plugins\org.eclipse.m2e.maven.runtime_3.9.900.20250220-2013
2026-05-24 22:57:18,210 [Worker-4: Launching mavenrun-d105fcf7-7138-4e28-83cc-d57f5d639ead] INFO  o.eclipse.m2e.core.internal.Bundles - 	Entry: D:\Software\eclipse\plugins\org.eclipse.m2e.maven.runtime_3.9.900.20250220-2013\jars\aopalliance-1.0.jar
2026-05-24 22:57:18,210 [Worker-4: Launching mavenrun-d105fcf7-7138-4e28-83cc-d57f5d639ead] INFO  o.eclipse.m2e.core.internal.Bundles - 	Entry: D:\Software\eclipse\plugins\org.eclipse.m2e.maven.runtime_3.9.900.20250220-2013\jars\guice-5.1.0.jar
2026-05-24 22:57:18,210 [Worker-4: Launching mavenrun-d105fcf7-7138-4e28-83cc-d57f5d639ead] INFO  o.eclipse.m2e.core.internal.Bundles - 	Entry: D:\Software\eclipse\plugins\org.eclipse.m2e.maven.runtime_3.9.900.20250220-2013\jars\httpclient-4.5.14.jar
2026-05-24 22:57:18,210 [Worker-4: Launching mavenrun-d105fcf7-7138-4e28-83cc-d57f5d639ead] INFO  o.eclipse.m2e.core.internal.Bundles - 	Entry: D:\Software\eclipse\plugins\org.eclipse.m2e.maven.runtime_3.9.900.20250220-2013\jars\httpcore-4.4.16.jar
2026-05-24 22:57:18,210 [Worker-4: Launching mavenrun-d105fcf7-7138-4e28-83cc-d57f5d639ead] INFO  o.eclipse.m2e.core.internal.Bundles - 	Entry: D:\Software\eclipse\plugins\org.eclipse.m2e.maven.runtime_3.9.900.20250220-2013\jars\jansi-2.4.1.jar
2026-05-24 22:57:18,210 [Worker-4: Launching mavenrun-d105fcf7-7138-4e28-83cc-d57f5d639ead] INFO  o.eclipse.m2e.core.internal.Bundles - 	Entry: D:\Software\eclipse\plugins\org.eclipse.m2e.maven.runtime_3.9.900.20250220-2013\jars\jcl-over-slf4j-1.7.36.jar
2026-05-24 22:57:18,210 [Worker-4: Launching mavenrun-d105fcf7-7138-4e28-83cc-d57f5d639ead] INFO  o.eclipse.m2e.core.internal.Bundles - 	Entry: D:\Software\eclipse\plugins\org.eclipse.m2e.maven.runtime_3.9.900.20250220-2013\jars\maven-artifact-3.9.9.jar
2026-05-24 22:57:18,210 [Worker-4: Launching mavenrun-d105fcf7-7138-4e28-83cc-d57f5d639ead] INFO  o.eclipse.m2e.core.internal.Bundles - 	Entry: D:\Software\eclipse\plugins\org.eclipse.m2e.maven.runtime_3.9.900.20250220-2013\jars\maven-builder-support-3.9.9.jar
2026-05-24 22:57:18,210 [Worker-4: Launching mavenrun-d105fcf7-7138-4e28-83cc-d57f5d639ead] INFO  o.eclipse.m2e.core.internal.Bundles - 	Entry: D:\Software\eclipse\plugins\org.eclipse.m2e.maven.runtime_3.9.900.20250220-2013\jars\maven-compat-3.9.9.jar
2026-05-24 22:57:18,211 [Worker-4: Launching mavenrun-d105fcf7-7138-4e28-83cc-d57f5d639ead] INFO  o.eclipse.m2e.core.internal.Bundles - 	Entry: D:\Software\eclipse\plugins\org.eclipse.m2e.maven.runtime_3.9.900.20250220-2013\jars\maven-core-3.9.9.jar
2026-05-24 22:57:18,211 [Worker-4: Launching mavenrun-d105fcf7-7138-4e28-83cc-d57f5d639ead] INFO  o.eclipse.m2e.core.internal.Bundles - 	Entry: D:\Software\eclipse\plugins\org.eclipse.m2e.maven.runtime_3.9.900.20250220-2013\jars\maven-embedder-3.9.9.jar
2026-05-24 22:57:18,211 [Worker-4: Launching mavenrun-d105fcf7-7138-4e28-83cc-d57f5d639ead] INFO  o.eclipse.m2e.core.internal.Bundles - 	Entry: D:\Software\eclipse\plugins\org.eclipse.m2e.maven.runtime_3.9.900.20250220-2013\jars\maven-model-3.9.9.jar
2026-05-24 22:57:18,211 [Worker-4: Launching mavenrun-d105fcf7-7138-4e28-83cc-d57f5d639ead] INFO  o.eclipse.m2e.core.internal.Bundles - 	Entry: D:\Software\eclipse\plugins\org.eclipse.m2e.maven.runtime_3.9.900.20250220-2013\jars\maven-model-builder-3.9.9.jar
2026-05-24 22:57:18,211 [Worker-4: Launching mavenrun-d105fcf7-7138-4e28-83cc-d57f5d639ead] INFO  o.eclipse.m2e.core.internal.Bundles - 	Entry: D:\Software\eclipse\plugins\org.eclipse.m2e.maven.runtime_3.9.900.20250220-2013\jars\maven-plugin-api-3.9.9.jar
2026-05-24 22:57:18,211 [Worker-4: Launching mavenrun-d105fcf7-7138-4e28-83cc-d57f5d639ead] INFO  o.eclipse.m2e.core.internal.Bundles - 	Entry: D:\Software\eclipse\plugins\org.eclipse.m2e.maven.runtime_3.9.900.20250220-2013\jars\maven-repository-metadata-3.9.9.jar
2026-05-24 22:57:18,211 [Worker-4: Launching mavenrun-d105fcf7-7138-4e28-83cc-d57f5d639ead] INFO  o.eclipse.m2e.core.internal.Bundles - 	Entry: D:\Software\eclipse\plugins\org.eclipse.m2e.maven.runtime_3.9.900.20250220-2013\jars\maven-resolver-api-1.9.22.jar
2026-05-24 22:57:18,211 [Worker-4: Launching mavenrun-d105fcf7-7138-4e28-83cc-d57f5d639ead] INFO  o.eclipse.m2e.core.internal.Bundles - 	Entry: D:\Software\eclipse\plugins\org.eclipse.m2e.maven.runtime_3.9.900.20250220-2013\jars\maven-resolver-connector-basic-1.9.22.jar
2026-05-24 22:57:18,211 [Worker-4: Launching mavenrun-d105fcf7-7138-4e28-83cc-d57f5d639ead] INFO  o.eclipse.m2e.core.internal.Bundles - 	Entry: D:\Software\eclipse\plugins\org.eclipse.m2e.maven.runtime_3.9.900.20250220-2013\jars\maven-resolver-impl-1.9.22.jar
2026-05-24 22:57:18,211 [Worker-4: Launching mavenrun-d105fcf7-7138-4e28-83cc-d57f5d639ead] INFO  o.eclipse.m2e.core.internal.Bundles - 	Entry: D:\Software\eclipse\plugins\org.eclipse.m2e.maven.runtime_3.9.900.20250220-2013\jars\maven-resolver-named-locks-1.9.22.jar
2026-05-24 22:57:18,212 [Worker-4: Launching mavenrun-d105fcf7-7138-4e28-83cc-d57f5d639ead] INFO  o.eclipse.m2e.core.internal.Bundles - 	Entry: D:\Software\eclipse\plugins\org.eclipse.m2e.maven.runtime_3.9.900.20250220-2013\jars\maven-resolver-provider-3.9.9.jar
2026-05-24 22:57:18,212 [Worker-4: Launching mavenrun-d105fcf7-7138-4e28-83cc-d57f5d639ead] INFO  o.eclipse.m2e.core.internal.Bundles - 	Entry: D:\Software\eclipse\plugins\org.eclipse.m2e.maven.runtime_3.9.900.20250220-2013\jars\maven-resolver-spi-1.9.22.jar
2026-05-24 22:57:18,212 [Worker-4: Launching mavenrun-d105fcf7-7138-4e28-83cc-d57f5d639ead] INFO  o.eclipse.m2e.core.internal.Bundles - 	Entry: D:\Software\eclipse\plugins\org.eclipse.m2e.maven.runtime_3.9.900.20250220-2013\jars\maven-resolver-transport-file-1.9.22.jar
2026-05-24 22:57:18,212 [Worker-4: Launching mavenrun-d105fcf7-7138-4e28-83cc-d57f5d639ead] INFO  o.eclipse.m2e.core.internal.Bundles - 	Entry: D:\Software\eclipse\plugins\org.eclipse.m2e.maven.runtime_3.9.900.20250220-2013\jars\maven-resolver-transport-http-1.9.22.jar
2026-05-24 22:57:18,212 [Worker-4: Launching mavenrun-d105fcf7-7138-4e28-83cc-d57f5d639ead] INFO  o.eclipse.m2e.core.internal.Bundles - 	Entry: D:\Software\eclipse\plugins\org.eclipse.m2e.maven.runtime_3.9.900.20250220-2013\jars\maven-resolver-transport-wagon-1.9.22.jar
2026-05-24 22:57:18,212 [Worker-4: Launching mavenrun-d105fcf7-7138-4e28-83cc-d57f5d639ead] INFO  o.eclipse.m2e.core.internal.Bundles - 	Entry: D:\Software\eclipse\plugins\org.eclipse.m2e.maven.runtime_3.9.900.20250220-2013\jars\maven-resolver-util-1.9.22.jar
2026-05-24 22:57:18,212 [Worker-4: Launching mavenrun-d105fcf7-7138-4e28-83cc-d57f5d639ead] INFO  o.eclipse.m2e.core.internal.Bundles - 	Entry: D:\Software\eclipse\plugins\org.eclipse.m2e.maven.runtime_3.9.900.20250220-2013\jars\maven-settings-3.9.9.jar
2026-05-24 22:57:18,212 [Worker-4: Launching mavenrun-d105fcf7-7138-4e28-83cc-d57f5d639ead] INFO  o.eclipse.m2e.core.internal.Bundles - 	Entry: D:\Software\eclipse\plugins\org.eclipse.m2e.maven.runtime_3.9.900.20250220-2013\jars\maven-settings-builder-3.9.9.jar
2026-05-24 22:57:18,212 [Worker-4: Launching mavenrun-d105fcf7-7138-4e28-83cc-d57f5d639ead] INFO  o.eclipse.m2e.core.internal.Bundles - 	Entry: D:\Software\eclipse\plugins\org.eclipse.m2e.maven.runtime_3.9.900.20250220-2013\jars\maven-shared-utils-3.4.2.jar
2026-05-24 22:57:18,212 [Worker-4: Launching mavenrun-d105fcf7-7138-4e28-83cc-d57f5d639ead] INFO  o.eclipse.m2e.core.internal.Bundles - 	Entry: D:\Software\eclipse\plugins\org.eclipse.m2e.maven.runtime_3.9.900.20250220-2013\jars\org.eclipse.sisu.inject-0.9.0.M3.jar
2026-05-24 22:57:18,212 [Worker-4: Launching mavenrun-d105fcf7-7138-4e28-83cc-d57f5d639ead] INFO  o.eclipse.m2e.core.internal.Bundles - 	Entry: D:\Software\eclipse\plugins\org.eclipse.m2e.maven.runtime_3.9.900.20250220-2013\jars\org.eclipse.sisu.plexus-0.9.0.M3.jar
2026-05-24 22:57:18,213 [Worker-4: Launching mavenrun-d105fcf7-7138-4e28-83cc-d57f5d639ead] INFO  o.eclipse.m2e.core.internal.Bundles - 	Entry: D:\Software\eclipse\plugins\org.eclipse.m2e.maven.runtime_3.9.900.20250220-2013\jars\plexus-build-api-0.0.7.jar
2026-05-24 22:57:18,213 [Worker-4: Launching mavenrun-d105fcf7-7138-4e28-83cc-d57f5d639ead] INFO  o.eclipse.m2e.core.internal.Bundles - 	Entry: D:\Software\eclipse\plugins\org.eclipse.m2e.maven.runtime_3.9.900.20250220-2013\jars\plexus-build-api-1.2.0.jar
2026-05-24 22:57:18,213 [Worker-4: Launching mavenrun-d105fcf7-7138-4e28-83cc-d57f5d639ead] INFO  o.eclipse.m2e.core.internal.Bundles - 	Entry: D:\Software\eclipse\plugins\org.eclipse.m2e.maven.runtime_3.9.900.20250220-2013\jars\plexus-cipher-2.0.jar
2026-05-24 22:57:18,213 [Worker-4: Launching mavenrun-d105fcf7-7138-4e28-83cc-d57f5d639ead] INFO  o.eclipse.m2e.core.internal.Bundles - 	Entry: D:\Software\eclipse\plugins\org.eclipse.m2e.maven.runtime_3.9.900.20250220-2013\jars\plexus-classworlds-2.8.0.jar
2026-05-24 22:57:18,213 [Worker-4: Launching mavenrun-d105fcf7-7138-4e28-83cc-d57f5d639ead] INFO  o.eclipse.m2e.core.internal.Bundles - 	Entry: D:\Software\eclipse\plugins\org.eclipse.m2e.maven.runtime_3.9.900.20250220-2013\jars\plexus-component-annotations-2.1.0.jar
2026-05-24 22:57:18,213 [Worker-4: Launching mavenrun-d105fcf7-7138-4e28-83cc-d57f5d639ead] INFO  o.eclipse.m2e.core.internal.Bundles - 	Entry: D:\Software\eclipse\plugins\org.eclipse.m2e.maven.runtime_3.9.900.20250220-2013\jars\plexus-interpolation-1.27.jar
2026-05-24 22:57:18,213 [Worker-4: Launching mavenrun-d105fcf7-7138-4e28-83cc-d57f5d639ead] INFO  o.eclipse.m2e.core.internal.Bundles - 	Entry: D:\Software\eclipse\plugins\org.eclipse.m2e.maven.runtime_3.9.900.20250220-2013\jars\plexus-sec-dispatcher-2.0.jar
2026-05-24 22:57:18,213 [Worker-4: Launching mavenrun-d105fcf7-7138-4e28-83cc-d57f5d639ead] INFO  o.eclipse.m2e.core.internal.Bundles - 	Entry: D:\Software\eclipse\plugins\org.eclipse.m2e.maven.runtime_3.9.900.20250220-2013\jars\plexus-utils-3.5.1.jar
2026-05-24 22:57:18,213 [Worker-4: Launching mavenrun-d105fcf7-7138-4e28-83cc-d57f5d639ead] INFO  o.eclipse.m2e.core.internal.Bundles - 	Entry: D:\Software\eclipse\plugins\org.eclipse.m2e.maven.runtime_3.9.900.20250220-2013\jars\plexus-xml-3.0.1.jar
2026-05-24 22:57:18,213 [Worker-4: Launching mavenrun-d105fcf7-7138-4e28-83cc-d57f5d639ead] INFO  o.eclipse.m2e.core.internal.Bundles - 	Entry: D:\Software\eclipse\plugins\org.eclipse.m2e.maven.runtime_3.9.900.20250220-2013\jars\wagon-file-3.5.3.jar
2026-05-24 22:57:18,214 [Worker-4: Launching mavenrun-d105fcf7-7138-4e28-83cc-d57f5d639ead] INFO  o.eclipse.m2e.core.internal.Bundles - 	Entry: D:\Software\eclipse\plugins\org.eclipse.m2e.maven.runtime_3.9.900.20250220-2013\jars\wagon-http-3.5.3.jar
2026-05-24 22:57:18,214 [Worker-4: Launching mavenrun-d105fcf7-7138-4e28-83cc-d57f5d639ead] INFO  o.eclipse.m2e.core.internal.Bundles - 	Entry: D:\Software\eclipse\plugins\org.eclipse.m2e.maven.runtime_3.9.900.20250220-2013\jars\wagon-http-shared-3.5.3.jar
2026-05-24 22:57:18,214 [Worker-4: Launching mavenrun-d105fcf7-7138-4e28-83cc-d57f5d639ead] INFO  o.eclipse.m2e.core.internal.Bundles - 	Entry: D:\Software\eclipse\plugins\org.eclipse.m2e.maven.runtime_3.9.900.20250220-2013\jars\wagon-provider-api-3.5.3.jar
2026-05-24 22:57:18,214 [Worker-4: Launching mavenrun-d105fcf7-7138-4e28-83cc-d57f5d639ead] INFO  o.eclipse.m2e.core.internal.Bundles - getClasspathEntries(Bundle=com.google.guava_33.4.8.jre [18])
2026-05-24 22:57:18,215 [Worker-4: Launching mavenrun-d105fcf7-7138-4e28-83cc-d57f5d639ead] INFO  o.eclipse.m2e.core.internal.Bundles - 	Entry: D:\Software\eclipse\plugins\com.google.guava_33.4.8.jre.jar
2026-05-24 22:57:18,215 [Worker-4: Launching mavenrun-d105fcf7-7138-4e28-83cc-d57f5d639ead] INFO  o.eclipse.m2e.core.internal.Bundles - getClasspathEntries(Bundle=slf4j.api_2.0.17 [1006])
2026-05-24 22:57:18,216 [Worker-4: Launching mavenrun-d105fcf7-7138-4e28-83cc-d57f5d639ead] INFO  o.eclipse.m2e.core.internal.Bundles - 	Entry: D:\Software\eclipse\plugins\slf4j.api_2.0.17.jar
2026-05-24 22:57:18,216 [Worker-4: Launching mavenrun-d105fcf7-7138-4e28-83cc-d57f5d639ead] INFO  o.eclipse.m2e.core.internal.Bundles - getClasspathEntries(Bundle=jakarta.inject.jakarta.inject-api_1.0.5 [35])
2026-05-24 22:57:18,217 [Worker-4: Launching mavenrun-d105fcf7-7138-4e28-83cc-d57f5d639ead] INFO  o.eclipse.m2e.core.internal.Bundles - 	Entry: D:\Software\eclipse\plugins\jakarta.inject.jakarta.inject-api_1.0.5.jar
2026-05-24 22:57:18,217 [Worker-4: Launching mavenrun-d105fcf7-7138-4e28-83cc-d57f5d639ead] INFO  o.eclipse.m2e.core.internal.Bundles - getClasspathEntries(Bundle=javax.annotation_1.3.5.v20200909-1856 [45])
2026-05-24 22:57:18,218 [Worker-4: Launching mavenrun-d105fcf7-7138-4e28-83cc-d57f5d639ead] INFO  o.eclipse.m2e.core.internal.Bundles - 	Entry: D:\Software\eclipse\plugins\javax.annotation_1.3.5.v20200909-1856.jar
2026-05-24 22:57:18,218 [Worker-4: Launching mavenrun-d105fcf7-7138-4e28-83cc-d57f5d639ead] INFO  o.eclipse.m2e.core.internal.Bundles - getClasspathEntries(Bundle=org.apache.commons.cli_1.9.0 [76])
2026-05-24 22:57:18,219 [Worker-4: Launching mavenrun-d105fcf7-7138-4e28-83cc-d57f5d639ead] INFO  o.eclipse.m2e.core.internal.Bundles - 	Entry: D:\Software\eclipse\plugins\org.apache.commons.cli_1.9.0.jar
2026-05-24 22:57:18,219 [Worker-4: Launching mavenrun-d105fcf7-7138-4e28-83cc-d57f5d639ead] INFO  o.eclipse.m2e.core.internal.Bundles - getClasspathEntries(Bundle=org.apache.commons.commons-codec_1.16.0 [78])
2026-05-24 22:57:18,220 [Worker-4: Launching mavenrun-d105fcf7-7138-4e28-83cc-d57f5d639ead] INFO  o.eclipse.m2e.core.internal.Bundles - 	Entry: D:\Software\eclipse\plugins\org.apache.commons.commons-codec_1.16.0.jar
2026-05-24 22:57:18,220 [Worker-4: Launching mavenrun-d105fcf7-7138-4e28-83cc-d57f5d639ead] INFO  o.eclipse.m2e.core.internal.Bundles - getClasspathEntries(Bundle=com.google.guava.failureaccess_1.0.3 [19])
2026-05-24 22:57:18,221 [Worker-4: Launching mavenrun-d105fcf7-7138-4e28-83cc-d57f5d639ead] INFO  o.eclipse.m2e.core.internal.Bundles - 	Entry: D:\Software\eclipse\plugins\com.google.guava.failureaccess_1.0.3.jar
2026-05-24 22:57:18,225 [Worker-4: Launching mavenrun-d105fcf7-7138-4e28-83cc-d57f5d639ead] INFO  o.e.m.i.launch.MavenLaunchDelegate - Run build in "C:\Users\lenovo\AppData\Local\Temp\m2e-archetypeGenerator17563495319152457787":
2026-05-24 22:57:18,225 [Worker-4: Launching mavenrun-d105fcf7-7138-4e28-83cc-d57f5d639ead] INFO  o.e.m.i.launch.MavenLaunchDelegate -  mvn  -DarchetypeGroupId=org.apache.maven.archetypes -DarchetypeArtifactId=maven-archetype-webapp -DarchetypeVersion=1.0 -DgroupId=com.search -DartifactId=Search_App -Dversion=0.0.1-SNAPSHOT -Dpackage=com.search -DoutputDirectory=D:\Java_Project -Dstyle.color=always -U archetype:generate
2026-05-24 22:57:39,673 [Worker-10: Creating maven-archetype-webapp] INFO  o.e.m.c.i.p.ProjectConfigurationManager - Collecting project info '/pom.xml' D:\Java_Project\Search_App\pom.xml
2026-05-24 22:57:39,803 [Worker-10: Creating maven-archetype-webapp] INFO  o.e.m.c.i.l.LifecycleMappingFactory - Using org.maven.ide.eclipse.wtp.WarLifecycleMapping lifecycle mapping for MavenProject: com.searchapp:SearchApp:0.0.1-SNAPSHOT @ D:\Java_Project\Search_App\pom.xml.
2026-05-24 22:57:40,095 [Worker-10: Creating maven-archetype-webapp] INFO  o.e.m.j.i.AbstractJavaProjectConfigurator - Adding source folder /Search_App/src/main/java
2026-05-24 22:57:40,096 [Worker-10: Creating maven-archetype-webapp] INFO  o.e.m.j.i.AbstractJavaProjectConfigurator - Adding resource folder /Search_App/src/main/resources
2026-05-24 22:57:40,097 [Worker-10: Creating maven-archetype-webapp] INFO  o.e.m.j.i.AbstractJavaProjectConfigurator - Adding source folder /Search_App/src/test/java
2026-05-24 22:57:40,099 [Worker-10: Creating maven-archetype-webapp] INFO  o.e.m.j.i.AbstractJavaProjectConfigurator - Adding resource folder /Search_App/src/test/resources
2026-05-24 22:57:40,711 [Worker-10: Creating maven-archetype-webapp] INFO  o.e.m.c.i.p.ProjectConfigurationManager - Imported and configured 1 project(s) in 1 sec
2026-05-24 22:57:40,976 [Worker-27: Building] WARN  o.a.m.s.f.DefaultMavenResourcesFiltering - Using platform encoding (UTF-8 actually) to copy filtered resources, i.e. build is platform dependent!
2026-05-24 22:57:40,978 [Worker-27: Building] INFO  o.a.m.s.f.DefaultMavenResourcesFiltering - Copying 0 resource from src\main\resources to target\classes
2026-05-24 22:57:40,982 [Worker-27: Building] WARN  o.a.m.s.f.DefaultMavenResourcesFiltering - Using platform encoding (UTF-8 actually) to copy filtered resources, i.e. build is platform dependent!
2026-05-24 22:57:40,984 [Worker-27: Building] INFO  o.a.m.s.f.DefaultMavenResourcesFiltering - skip non existing resourceDirectory D:\Java_Project\Search_App\src\test\resources
2026-05-24 22:57:42,291 [Worker-22: Building] WARN  o.a.m.s.f.DefaultMavenResourcesFiltering - Using platform encoding (UTF-8 actually) to copy filtered resources, i.e. build is platform dependent!
2026-05-24 22:57:42,296 [Worker-22: Building] INFO  o.a.m.s.f.DefaultMavenResourcesFiltering - Copying 0 resource from src\main\resources to target\classes
2026-05-24 22:57:42,300 [Worker-22: Building] WARN  o.a.m.s.f.DefaultMavenResourcesFiltering - Using platform encoding (UTF-8 actually) to copy filtered resources, i.e. build is platform dependent!
2026-05-24 22:57:42,302 [Worker-22: Building] INFO  o.a.m.s.f.DefaultMavenResourcesFiltering - skip non existing resourceDirectory D:\Java_Project\Search_App\src\test\resources
2026-05-24 22:58:26,661 [Worker-25: Building] INFO  o.e.m.c.i.l.LifecycleMappingFactory - Using org.maven.ide.eclipse.wtp.WarLifecycleMapping lifecycle mapping for MavenProject: com.searchapp:SearchApp:0.0.1-SNAPSHOT @ D:\Java_Project\Search_App\pom.xml.
2026-05-24 22:58:26,905 [Worker-25: Building] WARN  o.a.m.s.f.DefaultMavenResourcesFiltering - Using platform encoding (UTF-8 actually) to copy filtered resources, i.e. build is platform dependent!
2026-05-24 22:58:26,907 [Worker-25: Building] INFO  o.a.m.s.f.DefaultMavenResourcesFiltering - Copying 0 resource from src\main\resources to target\classes
2026-05-24 22:58:26,910 [Worker-25: Building] WARN  o.a.m.s.f.DefaultMavenResourcesFiltering - Using platform encoding (UTF-8 actually) to copy filtered resources, i.e. build is platform dependent!
2026-05-24 22:58:26,912 [Worker-25: Building] INFO  o.a.m.s.f.DefaultMavenResourcesFiltering - skip non existing resourceDirectory D:\Java_Project\Search_App\src\test\resources
2026-05-24 22:58:26,912 [Worker-25: Building] INFO  o.e.m.w.i.f.ResourceFilteringBuildParticipant - Changed resources require a complete clean of filtered resources of Search_App
2026-05-24 22:58:26,913 [Worker-25: Building] INFO  o.e.m.w.i.f.ResourceFilteringBuildParticipant - Executing resource filtering for Search_App
2026-05-24 22:58:47,819 [Worker-14: Building] WARN  o.a.m.s.f.DefaultMavenResourcesFiltering - Using platform encoding (UTF-8 actually) to copy filtered resources, i.e. build is platform dependent!
2026-05-24 22:58:47,822 [Worker-14: Building] INFO  o.a.m.s.f.DefaultMavenResourcesFiltering - Copying 0 resource from src\main\resources to target\classes
2026-05-24 22:58:47,825 [Worker-14: Building] WARN  o.a.m.s.f.DefaultMavenResourcesFiltering - Using platform encoding (UTF-8 actually) to copy filtered resources, i.e. build is platform dependent!
2026-05-24 22:58:47,827 [Worker-14: Building] INFO  o.a.m.s.f.DefaultMavenResourcesFiltering - Copying 0 resource from src\test\resources to target\test-classes
2026-05-24 22:59:00,276 [Worker-24: Updating Maven Project] INFO  o.e.m.c.i.p.ProjectConfigurationManager - Update started
2026-05-24 22:59:00,394 [Worker-24: Updating Maven Project] INFO  o.e.m.c.i.l.LifecycleMappingFactory - Using org.maven.ide.eclipse.wtp.WarLifecycleMapping lifecycle mapping for MavenProject: com.searchapp:SearchApp:0.0.1-SNAPSHOT @ D:\Java_Project\Search_App\pom.xml.
2026-05-24 22:59:00,919 [Worker-24: Updating Maven Project] INFO  o.e.m.j.i.AbstractJavaProjectConfigurator - Adding source folder /Search_App/src/main/java
2026-05-24 22:59:00,922 [Worker-24: Updating Maven Project] INFO  o.e.m.j.i.AbstractJavaProjectConfigurator - Adding resource folder /Search_App/src/main/resources
2026-05-24 22:59:00,923 [Worker-24: Updating Maven Project] INFO  o.e.m.j.i.AbstractJavaProjectConfigurator - Adding source folder /Search_App/src/test/java
2026-05-24 22:59:00,925 [Worker-24: Updating Maven Project] INFO  o.e.m.j.i.AbstractJavaProjectConfigurator - Adding resource folder /Search_App/src/test/resources
2026-05-24 22:59:01,582 [Worker-24: Updating Maven Project] INFO  o.e.m.w.i.f.ResourceFilteringBuildParticipant - Cleaning filtered folder for Search_App
2026-05-24 22:59:01,617 [Worker-24: Updating Maven Project] INFO  o.e.m.c.i.p.ProjectConfigurationManager - Update completed for 1 poms: local refresh takes 0.00 sec, refresh facades takes 0.00 sec, update config takes 0.00 sec 
2026-05-24 22:59:01,770 [Worker-3: Building] WARN  o.a.m.s.f.DefaultMavenResourcesFiltering - Using platform encoding (UTF-8 actually) to copy filtered resources, i.e. build is platform dependent!
2026-05-24 22:59:01,773 [Worker-3: Building] INFO  o.a.m.s.f.DefaultMavenResourcesFiltering - Copying 0 resource from src\main\resources to target\classes
2026-05-24 22:59:01,778 [Worker-3: Building] WARN  o.a.m.s.f.DefaultMavenResourcesFiltering - Using platform encoding (UTF-8 actually) to copy filtered resources, i.e. build is platform dependent!
2026-05-24 22:59:01,780 [Worker-3: Building] INFO  o.a.m.s.f.DefaultMavenResourcesFiltering - Copying 0 resource from src\test\resources to target\test-classes
2026-05-24 22:59:01,781 [Worker-3: Building] INFO  o.e.m.w.i.f.ResourceFilteringBuildParticipant - Changed resources require a complete clean of filtered resources of Search_App
2026-05-24 22:59:01,781 [Worker-3: Building] INFO  o.e.m.w.i.f.ResourceFilteringBuildParticipant - Executing resource filtering for Search_App
2026-05-24 23:03:14,891 [Worker-28: Building] WARN  o.a.m.s.f.DefaultMavenResourcesFiltering - Using platform encoding (UTF-8 actually) to copy filtered resources, i.e. build is platform dependent!
2026-05-24 23:03:14,894 [Worker-28: Building] INFO  o.a.m.s.f.DefaultMavenResourcesFiltering - Copying 0 resource from src\main\resources to target\classes
2026-05-24 23:03:14,897 [Worker-28: Building] WARN  o.a.m.s.f.DefaultMavenResourcesFiltering - Using platform encoding (UTF-8 actually) to copy filtered resources, i.e. build is platform dependent!
2026-05-24 23:03:14,900 [Worker-28: Building] INFO  o.a.m.s.f.DefaultMavenResourcesFiltering - Copying 0 resource from src\test\resources to target\test-classes
2026-05-24 23:04:07,436 [Worker-14: Building] WARN  o.a.m.s.f.DefaultMavenResourcesFiltering - Using platform encoding (UTF-8 actually) to copy filtered resources, i.e. build is platform dependent!
2026-05-24 23:04:07,439 [Worker-14: Building] INFO  o.a.m.s.f.DefaultMavenResourcesFiltering - Copying 0 resource from src\main\resources to target\classes
2026-05-24 23:04:07,444 [Worker-14: Building] WARN  o.a.m.s.f.DefaultMavenResourcesFiltering - Using platform encoding (UTF-8 actually) to copy filtered resources, i.e. build is platform dependent!
2026-05-24 23:04:07,447 [Worker-14: Building] INFO  o.a.m.s.f.DefaultMavenResourcesFiltering - Copying 0 resource from src\test\resources to target\test-classes
2026-05-24 23:04:35,146 [Worker-22: Building] WARN  o.a.m.s.f.DefaultMavenResourcesFiltering - Using platform encoding (UTF-8 actually) to copy filtered resources, i.e. build is platform dependent!
2026-05-24 23:04:35,149 [Worker-22: Building] INFO  o.a.m.s.f.DefaultMavenResourcesFiltering - Copying 0 resource from src\main\resources to target\classes
2026-05-24 23:04:35,154 [Worker-22: Building] WARN  o.a.m.s.f.DefaultMavenResourcesFiltering - Using platform encoding (UTF-8 actually) to copy filtered resources, i.e. build is platform dependent!
2026-05-24 23:04:35,158 [Worker-22: Building] INFO  o.a.m.s.f.DefaultMavenResourcesFiltering - Copying 0 resource from src\test\resources to target\test-classes
2026-05-24 23:04:52,493 [Worker-14: Updating Maven Project] INFO  o.e.m.c.i.p.ProjectConfigurationManager - Update started
2026-05-24 23:04:52,638 [Worker-14: Updating Maven Project] INFO  o.e.m.c.i.l.LifecycleMappingFactory - Using org.maven.ide.eclipse.wtp.WarLifecycleMapping lifecycle mapping for MavenProject: com.searchapp:SearchApp:0.0.1-SNAPSHOT @ D:\Java_Project\Search_App\pom.xml.
2026-05-24 23:04:53,065 [Worker-14: Updating Maven Project] INFO  o.e.m.j.i.AbstractJavaProjectConfigurator - Adding source folder /Search_App/src/main/java
2026-05-24 23:04:53,067 [Worker-14: Updating Maven Project] INFO  o.e.m.j.i.AbstractJavaProjectConfigurator - Adding resource folder /Search_App/src/main/resources
2026-05-24 23:04:53,068 [Worker-14: Updating Maven Project] INFO  o.e.m.j.i.AbstractJavaProjectConfigurator - Adding source folder /Search_App/src/test/java
2026-05-24 23:04:53,069 [Worker-14: Updating Maven Project] INFO  o.e.m.j.i.AbstractJavaProjectConfigurator - Adding resource folder /Search_App/src/test/resources
2026-05-24 23:04:53,795 [Worker-14: Updating Maven Project] INFO  o.e.m.w.i.f.ResourceFilteringBuildParticipant - Cleaning filtered folder for Search_App
2026-05-24 23:04:53,865 [Worker-14: Updating Maven Project] INFO  o.e.m.c.i.p.ProjectConfigurationManager - Update completed for 1 poms: local refresh takes 0.00 sec, refresh facades takes 0.00 sec, update config takes 0.00 sec 
2026-05-24 23:04:54,106 [Worker-22: Building] WARN  o.a.m.s.f.DefaultMavenResourcesFiltering - Using platform encoding (UTF-8 actually) to copy filtered resources, i.e. build is platform dependent!
2026-05-24 23:04:54,108 [Worker-22: Building] INFO  o.a.m.s.f.DefaultMavenResourcesFiltering - Copying 0 resource from src\main\resources to target\classes
2026-05-24 23:04:54,113 [Worker-22: Building] WARN  o.a.m.s.f.DefaultMavenResourcesFiltering - Using platform encoding (UTF-8 actually) to copy filtered resources, i.e. build is platform dependent!
2026-05-24 23:04:54,114 [Worker-22: Building] INFO  o.a.m.s.f.DefaultMavenResourcesFiltering - Copying 0 resource from src\test\resources to target\test-classes
2026-05-24 23:04:54,115 [Worker-22: Building] INFO  o.e.m.w.i.f.ResourceFilteringBuildParticipant - Changed resources require a complete clean of filtered resources of Search_App
2026-05-24 23:04:54,115 [Worker-22: Building] INFO  o.e.m.w.i.f.ResourceFilteringBuildParticipant - Executing resource filtering for Search_App
2026-05-24 23:06:32,823 [Worker-26: Building] WARN  o.a.m.s.f.DefaultMavenResourcesFiltering - Using platform encoding (UTF-8 actually) to copy filtered resources, i.e. build is platform dependent!
2026-05-24 23:06:32,826 [Worker-26: Building] INFO  o.a.m.s.f.DefaultMavenResourcesFiltering - Copying 0 resource from src\main\resources to target\classes
2026-05-24 23:06:32,829 [Worker-26: Building] WARN  o.a.m.s.f.DefaultMavenResourcesFiltering - Using platform encoding (UTF-8 actually) to copy filtered resources, i.e. build is platform dependent!
2026-05-24 23:06:32,832 [Worker-26: Building] INFO  o.a.m.s.f.DefaultMavenResourcesFiltering - Copying 0 resource from src\test\resources to target\test-classes
2026-05-24 23:06:37,050 [Worker-14: Updating Maven Project] INFO  o.e.m.c.i.p.ProjectConfigurationManager - Update started
2026-05-24 23:06:37,154 [Worker-14: Updating Maven Project] INFO  o.e.m.c.i.l.LifecycleMappingFactory - Using org.maven.ide.eclipse.wtp.WarLifecycleMapping lifecycle mapping for MavenProject: com.searchapp:SearchApp:0.0.1-SNAPSHOT @ D:\Java_Project\Search_App\pom.xml.
2026-05-24 23:06:37,470 [Worker-14: Updating Maven Project] INFO  o.e.m.j.i.AbstractJavaProjectConfigurator - Adding source folder /Search_App/src/main/java
2026-05-24 23:06:37,471 [Worker-14: Updating Maven Project] INFO  o.e.m.j.i.AbstractJavaProjectConfigurator - Adding resource folder /Search_App/src/main/resources
2026-05-24 23:06:37,472 [Worker-14: Updating Maven Project] INFO  o.e.m.j.i.AbstractJavaProjectConfigurator - Adding source folder /Search_App/src/test/java
2026-05-24 23:06:37,473 [Worker-14: Updating Maven Project] INFO  o.e.m.j.i.AbstractJavaProjectConfigurator - Adding resource folder /Search_App/src/test/resources
2026-05-24 23:06:37,746 [Worker-14: Updating Maven Project] INFO  o.e.m.w.i.f.ResourceFilteringBuildParticipant - Cleaning filtered folder for Search_App
2026-05-24 23:06:37,803 [Worker-14: Updating Maven Project] INFO  o.e.m.c.i.p.ProjectConfigurationManager - Update completed for 1 poms: local refresh takes 0.00 sec, refresh facades takes 0.00 sec, update config takes 0.00 sec 
2026-05-24 23:06:38,050 [Worker-25: Building] WARN  o.a.m.s.f.DefaultMavenResourcesFiltering - Using platform encoding (UTF-8 actually) to copy filtered resources, i.e. build is platform dependent!
2026-05-24 23:06:38,052 [Worker-25: Building] INFO  o.a.m.s.f.DefaultMavenResourcesFiltering - Copying 0 resource from src\main\resources to target\classes
2026-05-24 23:06:38,057 [Worker-25: Building] WARN  o.a.m.s.f.DefaultMavenResourcesFiltering - Using platform encoding (UTF-8 actually) to copy filtered resources, i.e. build is platform dependent!
2026-05-24 23:06:38,059 [Worker-25: Building] INFO  o.a.m.s.f.DefaultMavenResourcesFiltering - Copying 0 resource from src\test\resources to target\test-classes
2026-05-24 23:06:38,060 [Worker-25: Building] INFO  o.e.m.w.i.f.ResourceFilteringBuildParticipant - Changed resources require a complete clean of filtered resources of Search_App
2026-05-24 23:06:38,060 [Worker-25: Building] INFO  o.e.m.w.i.f.ResourceFilteringBuildParticipant - Executing resource filtering for Search_App
2026-05-24 23:07:36,419 [Worker-6: Building] WARN  o.a.m.s.f.DefaultMavenResourcesFiltering - Using platform encoding (UTF-8 actually) to copy filtered resources, i.e. build is platform dependent!
2026-05-24 23:07:36,422 [Worker-6: Building] INFO  o.a.m.s.f.DefaultMavenResourcesFiltering - Copying 0 resource from src\main\resources to target\classes
2026-05-24 23:07:36,426 [Worker-6: Building] WARN  o.a.m.s.f.DefaultMavenResourcesFiltering - Using platform encoding (UTF-8 actually) to copy filtered resources, i.e. build is platform dependent!
2026-05-24 23:07:36,428 [Worker-6: Building] INFO  o.a.m.s.f.DefaultMavenResourcesFiltering - Copying 0 resource from src\test\resources to target\test-classes
2026-05-24 23:09:54,853 [Worker-27: Building] WARN  o.a.m.s.f.DefaultMavenResourcesFiltering - Using platform encoding (UTF-8 actually) to copy filtered resources, i.e. build is platform dependent!
2026-05-24 23:09:54,854 [Worker-27: Building] INFO  o.a.m.s.f.DefaultMavenResourcesFiltering - Copying 0 resource from src\main\resources to target\classes
2026-05-24 23:09:54,856 [Worker-27: Building] WARN  o.a.m.s.f.DefaultMavenResourcesFiltering - Using platform encoding (UTF-8 actually) to copy filtered resources, i.e. build is platform dependent!
2026-05-24 23:09:54,857 [Worker-27: Building] INFO  o.a.m.s.f.DefaultMavenResourcesFiltering - Copying 0 resource from src\test\resources to target\test-classes
2026-05-24 23:10:10,273 [Worker-15: Building] WARN  o.a.m.s.f.DefaultMavenResourcesFiltering - Using platform encoding (UTF-8 actually) to copy filtered resources, i.e. build is platform dependent!
2026-05-24 23:10:10,274 [Worker-15: Building] INFO  o.a.m.s.f.DefaultMavenResourcesFiltering - Copying 0 resource from src\main\resources to target\classes
2026-05-24 23:10:10,275 [Worker-15: Building] WARN  o.a.m.s.f.DefaultMavenResourcesFiltering - Using platform encoding (UTF-8 actually) to copy filtered resources, i.e. build is platform dependent!
2026-05-24 23:10:10,277 [Worker-15: Building] INFO  o.a.m.s.f.DefaultMavenResourcesFiltering - Copying 0 resource from src\test\resources to target\test-classes
2026-05-24 23:10:24,059 [Worker-24: Building] WARN  o.a.m.s.f.DefaultMavenResourcesFiltering - Using platform encoding (UTF-8 actually) to copy filtered resources, i.e. build is platform dependent!
2026-05-24 23:10:24,059 [Worker-24: Building] INFO  o.a.m.s.f.DefaultMavenResourcesFiltering - Copying 0 resource from src\main\resources to target\classes
2026-05-24 23:10:24,061 [Worker-24: Building] WARN  o.a.m.s.f.DefaultMavenResourcesFiltering - Using platform encoding (UTF-8 actually) to copy filtered resources, i.e. build is platform dependent!
2026-05-24 23:10:24,062 [Worker-24: Building] INFO  o.a.m.s.f.DefaultMavenResourcesFiltering - Copying 0 resource from src\test\resources to target\test-classes
2026-05-24 23:10:39,668 [Worker-22: Building] WARN  o.a.m.s.f.DefaultMavenResourcesFiltering - Using platform encoding (UTF-8 actually) to copy filtered resources, i.e. build is platform dependent!
2026-05-24 23:10:39,670 [Worker-22: Building] INFO  o.a.m.s.f.DefaultMavenResourcesFiltering - Copying 0 resource from src\main\resources to target\classes
2026-05-24 23:10:39,672 [Worker-22: Building] WARN  o.a.m.s.f.DefaultMavenResourcesFiltering - Using platform encoding (UTF-8 actually) to copy filtered resources, i.e. build is platform dependent!
2026-05-24 23:10:39,673 [Worker-22: Building] INFO  o.a.m.s.f.DefaultMavenResourcesFiltering - Copying 0 resource from src\test\resources to target\test-classes
2026-05-24 23:10:46,886 [Worker-6: Building] WARN  o.a.m.s.f.DefaultMavenResourcesFiltering - Using platform encoding (UTF-8 actually) to copy filtered resources, i.e. build is platform dependent!
2026-05-24 23:10:46,886 [Worker-6: Building] INFO  o.a.m.s.f.DefaultMavenResourcesFiltering - Copying 0 resource from src\main\resources to target\classes
2026-05-24 23:10:46,888 [Worker-6: Building] WARN  o.a.m.s.f.DefaultMavenResourcesFiltering - Using platform encoding (UTF-8 actually) to copy filtered resources, i.e. build is platform dependent!
2026-05-24 23:10:46,889 [Worker-6: Building] INFO  o.a.m.s.f.DefaultMavenResourcesFiltering - Copying 0 resource from src\test\resources to target\test-classes
2026-05-24 23:10:52,161 [Worker-15: Building] WARN  o.a.m.s.f.DefaultMavenResourcesFiltering - Using platform encoding (UTF-8 actually) to copy filtered resources, i.e. build is platform dependent!
2026-05-24 23:10:52,162 [Worker-15: Building] INFO  o.a.m.s.f.DefaultMavenResourcesFiltering - Copying 0 resource from src\main\resources to target\classes
2026-05-24 23:10:52,163 [Worker-15: Building] WARN  o.a.m.s.f.DefaultMavenResourcesFiltering - Using platform encoding (UTF-8 actually) to copy filtered resources, i.e. build is platform dependent!
2026-05-24 23:10:52,164 [Worker-15: Building] INFO  o.a.m.s.f.DefaultMavenResourcesFiltering - Copying 0 resource from src\test\resources to target\test-classes
2026-05-25 00:08:12,105 [Worker-6: Loading available Gradle versions] INFO  o.e.b.c.i.u.g.PublishedGradleVersions - Gradle version information cache is up-to-date. Trying to read.
2026-05-25 00:08:19,554 [Worker-1: Building] INFO  o.a.m.s.f.DefaultMavenResourcesFiltering - Copying 1 resource from src\main\resources to target\classes
2026-05-25 00:08:19,580 [Worker-1: Building] INFO  o.a.m.s.f.DefaultMavenResourcesFiltering - Copying 0 resource from src\test\resources to target\test-classes
2026-05-25 00:30:18,593 [Worker-28: Building] INFO  o.a.m.s.f.DefaultMavenResourcesFiltering - Copying 1 resource from src\main\resources to target\classes
2026-05-25 00:30:18,613 [Worker-28: Building] INFO  o.a.m.s.f.DefaultMavenResourcesFiltering - Copying 0 resource from src\test\resources to target\test-classes
2026-05-25 00:31:03,614 [Start Help Server] INFO  org.eclipse.jetty.server.Server - jetty-12.0.21; built: 2025-05-09T00:32:00.688Z; git: 1c4719601e31b05b7d68910d2edd980259f1f53c; jvm 21.0.8+9-LTS
2026-05-25 00:31:03,816 [Start Help Server] INFO  o.e.j.server.handler.ContextHandler - Started oeje8n.ContextHandler$CoreContextHandler@72121cfe{/help,/help,b=null,a=AVAILABLE,h=oeje8n.ContextHandler$CoreContextHandler$CoreToNestedHandler@1129068{STARTED}}
2026-05-25 00:31:03,818 [Start Help Server] INFO  o.e.j.s.DefaultSessionIdManager - Session workerName=node0
2026-05-25 00:31:03,858 [Start Help Server] INFO  o.e.jetty.server.AbstractConnector - Started ServerConnector@2a7afaa6{HTTP/1.1, (http/1.1)}{127.0.0.1:64090}
2026-05-25 00:31:03,907 [Start Help Server] INFO  org.eclipse.jetty.server.Server - Started oejs.Server@1b332f7b{STARTING}[12.0.21,sto=0] @1387920ms
2026-05-25 00:31:06,428 [Worker-32: Building] INFO  o.a.m.s.f.DefaultMavenResourcesFiltering - Copying 1 resource from src\main\resources to target\classes
2026-05-25 00:31:06,439 [Worker-32: Building] INFO  o.a.m.s.f.DefaultMavenResourcesFiltering - Copying 0 resource from src\test\resources to target\test-classes
2026-05-25 00:31:17,478 [Worker-32: Building] INFO  o.a.m.s.f.DefaultMavenResourcesFiltering - Copying 1 resource from src\main\resources to target\classes
2026-05-25 00:31:17,490 [Worker-32: Building] INFO  o.a.m.s.f.DefaultMavenResourcesFiltering - Copying 0 resource from src\test\resources to target\test-classes
2026-05-25 00:32:21,570 [Worker-24: Building] INFO  o.a.m.s.f.DefaultMavenResourcesFiltering - Copying 0 resource from src\main\resources to target\classes
2026-05-25 00:32:21,578 [Worker-24: Building] INFO  o.a.m.s.f.DefaultMavenResourcesFiltering - Copying 0 resource from src\test\resources to target\test-classes
2026-05-25 00:32:23,674 [Worker-33: Building] INFO  o.a.m.s.f.DefaultMavenResourcesFiltering - Copying 0 resource from src\main\resources to target\classes
2026-05-25 00:32:23,685 [Worker-33: Building] INFO  o.a.m.s.f.DefaultMavenResourcesFiltering - Copying 0 resource from src\test\resources to target\test-classes
2026-05-25 00:42:27,686 [Worker-24: Building] INFO  o.a.m.s.f.DefaultMavenResourcesFiltering - Copying 1 resource from src\main\resources to target\classes
2026-05-25 00:42:27,696 [Worker-24: Building] INFO  o.a.m.s.f.DefaultMavenResourcesFiltering - Copying 0 resource from src\test\resources to target\test-classes
2026-05-25 00:45:36,783 [Worker-32: Building] INFO  o.a.m.s.f.DefaultMavenResourcesFiltering - Copying 1 resource from src\main\resources to target\classes
2026-05-25 00:45:36,790 [Worker-32: Building] INFO  o.a.m.s.f.DefaultMavenResourcesFiltering - Copying 0 resource from src\test\resources to target\test-classes
2026-05-25 00:45:42,225 [Worker-24: Building] INFO  o.a.m.s.f.DefaultMavenResourcesFiltering - Copying 1 resource from src\main\resources to target\classes
2026-05-25 00:45:42,237 [Worker-24: Building] INFO  o.a.m.s.f.DefaultMavenResourcesFiltering - Copying 0 resource from src\test\resources to target\test-classes
2026-05-25 00:45:58,630 [Worker-35: Building] INFO  o.a.m.s.f.DefaultMavenResourcesFiltering - Copying 1 resource from src\main\resources to target\classes
2026-05-25 00:45:58,642 [Worker-35: Building] INFO  o.a.m.s.f.DefaultMavenResourcesFiltering - Copying 0 resource from src\test\resources to target\test-classes
2026-05-25 00:51:01,674 [Worker-29: Building] INFO  o.a.m.s.f.DefaultMavenResourcesFiltering - Copying 1 resource from src\main\resources to target\classes
2026-05-25 00:51:01,685 [Worker-29: Building] INFO  o.a.m.s.f.DefaultMavenResourcesFiltering - Copying 0 resource from src\test\resources to target\test-classes
2026-05-25 00:51:11,562 [Worker-34: Building] INFO  o.a.m.s.f.DefaultMavenResourcesFiltering - Copying 1 resource from src\main\resources to target\classes
2026-05-25 00:51:11,572 [Worker-34: Building] INFO  o.a.m.s.f.DefaultMavenResourcesFiltering - Copying 0 resource from src\test\resources to target\test-classes
2026-05-25 00:51:13,734 [Worker-30: Building] INFO  o.a.m.s.f.DefaultMavenResourcesFiltering - Copying 1 resource from src\main\resources to target\classes
2026-05-25 00:51:13,745 [Worker-30: Building] INFO  o.a.m.s.f.DefaultMavenResourcesFiltering - Copying 0 resource from src\test\resources to target\test-classes
2026-05-25 00:53:35,648 [Stop Help Server] INFO  org.eclipse.jetty.server.Server - Stopped oejs.Server@1b332f7b{STOPPING}[12.0.21,sto=0]
2026-05-25 00:53:35,660 [Stop Help Server] INFO  o.e.jetty.server.AbstractConnector - Stopped ServerConnector@2a7afaa6{HTTP/1.1, (http/1.1)}{127.0.0.1:0}
2026-05-25 09:38:28,185 [Worker-8: Loading available Gradle versions] INFO  o.e.b.c.i.u.g.PublishedGradleVersions - Gradle version information cache is up-to-date. Trying to read.
2026-05-25 09:41:00,497 [Worker-13: Building] ERROR o.e.m.c.i.p.r.ProjectRegistryManager - Could not read pom.xml
org.eclipse.core.runtime.CoreException: Could not read pom.xml
	at org.eclipse.m2e.core.internal.IMavenToolbox.readModel(IMavenToolbox.java:245)
	at org.eclipse.m2e.core.internal.project.registry.ProjectRegistryManager.refreshPhase2(ProjectRegistryManager.java:591)
	at org.eclipse.m2e.core.internal.project.registry.ProjectRegistryManager.refresh(ProjectRegistryManager.java:491)
	at org.eclipse.m2e.core.internal.project.registry.ProjectRegistryManager.refresh(ProjectRegistryManager.java:370)
	at org.eclipse.m2e.core.internal.project.registry.ProjectRegistryManager.refresh(ProjectRegistryManager.java:322)
	at org.eclipse.m2e.core.internal.builder.MavenBuilder$BuildMethod.getProjectFacade(MavenBuilder.java:146)
	at org.eclipse.m2e.core.internal.builder.MavenBuilder$BuildMethod.lambda$0(MavenBuilder.java:84)
	at org.eclipse.m2e.core.internal.embedder.MavenExecutionContext.executeBare(MavenExecutionContext.java:458)
	at org.eclipse.m2e.core.internal.embedder.MavenExecutionContext.execute(MavenExecutionContext.java:339)
	at org.eclipse.m2e.core.internal.embedder.MavenExecutionContext.execute(MavenExecutionContext.java:278)
	at org.eclipse.m2e.core.internal.builder.MavenBuilder$BuildMethod.execute(MavenBuilder.java:83)
	at org.eclipse.m2e.core.internal.builder.MavenBuilder.build(MavenBuilder.java:192)
	at org.eclipse.core.internal.events.BuildManager$2.run(BuildManager.java:1077)
	at org.eclipse.core.runtime.SafeRunner.run(SafeRunner.java:47)
	at org.eclipse.core.internal.events.BuildManager.basicBuild(BuildManager.java:296)
	at org.eclipse.core.internal.events.BuildManager.basicBuild(BuildManager.java:352)
	at org.eclipse.core.internal.events.BuildManager$1.run(BuildManager.java:441)
	at org.eclipse.core.runtime.SafeRunner.run(SafeRunner.java:47)
	at org.eclipse.core.internal.events.BuildManager.basicBuild(BuildManager.java:444)
	at org.eclipse.core.internal.events.BuildManager.basicBuildLoop(BuildManager.java:555)
	at org.eclipse.core.internal.events.BuildManager.basicBuildLoop(BuildManager.java:503)
	at org.eclipse.core.internal.events.BuildManager.build(BuildManager.java:585)
	at org.eclipse.core.internal.events.AutoBuildJob.doBuild(AutoBuildJob.java:207)
	at org.eclipse.core.internal.events.AutoBuildJob.run(AutoBuildJob.java:300)
	at org.eclipse.core.internal.jobs.Worker.run(Worker.java:63)
Caused by: org.apache.maven.model.io.ModelParseException: Unrecognised tag: 'dependency' (position: START_TAG seen ...</scope>\r\n\t\r\n\t\t<dependency>... @47:15) 
	at org.apache.maven.model.io.DefaultModelReader.read(DefaultModelReader.java:96)
	at org.apache.maven.model.io.DefaultModelReader.read(DefaultModelReader.java:74)
	at org.eclipse.m2e.core.internal.IMavenToolbox.readModel(IMavenToolbox.java:243)
	... 24 common frames omitted
Caused by: org.codehaus.plexus.util.xml.pull.XmlPullParserException: Unrecognised tag: 'dependency' (position: START_TAG seen ...</scope>\r\n\t\r\n\t\t<dependency>... @47:15) 
	at org.apache.maven.model.io.xpp3.MavenXpp3Reader.checkUnknownElement(MavenXpp3Reader.java:181)
	at org.apache.maven.model.io.xpp3.MavenXpp3Reader.parseDependency(MavenXpp3Reader.java:1474)
	at org.apache.maven.model.io.xpp3.MavenXpp3Reader.parseModel(MavenXpp3Reader.java:2321)
	at org.apache.maven.model.io.xpp3.MavenXpp3Reader.read(MavenXpp3Reader.java:623)
	at org.apache.maven.model.io.xpp3.MavenXpp3Reader.read(MavenXpp3Reader.java:654)
	at org.apache.maven.model.io.DefaultModelReader.read(DefaultModelReader.java:93)
	... 26 common frames omitted
2026-05-25 09:41:46,319 [Worker-16: reload maven project] ERROR o.e.m.c.i.p.r.ProjectRegistryManager - Failed to read Maven project: Some problems were encountered while processing the POMs:
[FATAL] Non-parseable POM D:\Java_Project\Online_Expanse_Tracker\pom.xml: end tag name </dependecy> must match start tag name <dependency> from line 41 (position: TEXT seen ...</scope>\r\n\t\t\t</dependecy>... @46:16)  @ line 46, column 16

org.apache.maven.project.ProjectBuildingException: Some problems were encountered while processing the POMs:
[FATAL] Non-parseable POM D:\Java_Project\Online_Expanse_Tracker\pom.xml: end tag name </dependecy> must match start tag name <dependency> from line 41 (position: TEXT seen ...</scope>\r\n\t\t\t</dependecy>... @46:16)  @ line 46, column 16

	at org.eclipse.m2e.core.internal.IMavenToolbox.readMavenProjects(IMavenToolbox.java:140)
	at org.eclipse.m2e.core.internal.project.registry.ProjectRegistryManager.lambda$22(ProjectRegistryManager.java:943)
	at org.eclipse.m2e.core.internal.embedder.MavenExecutionContext.executeBare(MavenExecutionContext.java:458)
	at org.eclipse.m2e.core.internal.embedder.MavenExecutionContext.execute(MavenExecutionContext.java:339)
	at org.eclipse.m2e.core.internal.embedder.MavenExecutionContext.execute(MavenExecutionContext.java:278)
	at org.eclipse.m2e.core.internal.project.registry.ProjectRegistryManager.readProjectsWithDependencies(ProjectRegistryManager.java:939)
	at org.eclipse.m2e.core.internal.project.registry.ProjectRegistryManager.create(ProjectRegistryManager.java:219)
	at org.eclipse.m2e.core.internal.project.registry.MavenProjectManager.create(MavenProjectManager.java:105)
	at org.eclipse.m2e.core.ui.internal.actions.SelectionUtil.getMavenProject(SelectionUtil.java:239)
	at org.eclipse.m2e.editor.pom.MavenPomEditor.readMavenProject(MavenPomEditor.java:709)
	at org.eclipse.m2e.editor.pom.MavenPomEditor$4.run(MavenPomEditor.java:1029)
	at org.eclipse.core.internal.jobs.Worker.run(Worker.java:63)
2026-05-25 09:41:46,451 [Worker-16: Building] ERROR o.e.m.c.i.p.r.ProjectRegistryManager - Could not read pom.xml
org.eclipse.core.runtime.CoreException: Could not read pom.xml
	at org.eclipse.m2e.core.internal.IMavenToolbox.readModel(IMavenToolbox.java:245)
	at org.eclipse.m2e.core.internal.project.registry.ProjectRegistryManager.refreshPhase2(ProjectRegistryManager.java:591)
	at org.eclipse.m2e.core.internal.project.registry.ProjectRegistryManager.refresh(ProjectRegistryManager.java:491)
	at org.eclipse.m2e.core.internal.project.registry.ProjectRegistryManager.refresh(ProjectRegistryManager.java:370)
	at org.eclipse.m2e.core.internal.project.registry.ProjectRegistryManager.refresh(ProjectRegistryManager.java:322)
	at org.eclipse.m2e.core.internal.builder.MavenBuilder$BuildMethod.getProjectFacade(MavenBuilder.java:146)
	at org.eclipse.m2e.core.internal.builder.MavenBuilder$BuildMethod.lambda$0(MavenBuilder.java:84)
	at org.eclipse.m2e.core.internal.embedder.MavenExecutionContext.executeBare(MavenExecutionContext.java:458)
	at org.eclipse.m2e.core.internal.embedder.MavenExecutionContext.execute(MavenExecutionContext.java:339)
	at org.eclipse.m2e.core.internal.embedder.MavenExecutionContext.execute(MavenExecutionContext.java:278)
	at org.eclipse.m2e.core.internal.builder.MavenBuilder$BuildMethod.execute(MavenBuilder.java:83)
	at org.eclipse.m2e.core.internal.builder.MavenBuilder.build(MavenBuilder.java:192)
	at org.eclipse.core.internal.events.BuildManager$2.run(BuildManager.java:1077)
	at org.eclipse.core.runtime.SafeRunner.run(SafeRunner.java:47)
	at org.eclipse.core.internal.events.BuildManager.basicBuild(BuildManager.java:296)
	at org.eclipse.core.internal.events.BuildManager.basicBuild(BuildManager.java:352)
	at org.eclipse.core.internal.events.BuildManager$1.run(BuildManager.java:441)
	at org.eclipse.core.runtime.SafeRunner.run(SafeRunner.java:47)
	at org.eclipse.core.internal.events.BuildManager.basicBuild(BuildManager.java:444)
	at org.eclipse.core.internal.events.BuildManager.basicBuildLoop(BuildManager.java:555)
	at org.eclipse.core.internal.events.BuildManager.basicBuildLoop(BuildManager.java:503)
	at org.eclipse.core.internal.events.BuildManager.build(BuildManager.java:585)
	at org.eclipse.core.internal.events.AutoBuildJob.doBuild(AutoBuildJob.java:207)
	at org.eclipse.core.internal.events.AutoBuildJob.run(AutoBuildJob.java:300)
	at org.eclipse.core.internal.jobs.Worker.run(Worker.java:63)
Caused by: org.apache.maven.model.io.ModelParseException: end tag name </dependecy> must match start tag name <dependency> from line 41 (position: TEXT seen ...</scope>\r\n\t\t\t</dependecy>... @46:16) 
	at org.apache.maven.model.io.DefaultModelReader.read(DefaultModelReader.java:96)
	at org.apache.maven.model.io.DefaultModelReader.read(DefaultModelReader.java:74)
	at org.eclipse.m2e.core.internal.IMavenToolbox.readModel(IMavenToolbox.java:243)
	... 24 common frames omitted
Caused by: org.codehaus.plexus.util.xml.pull.XmlPullParserException: end tag name </dependecy> must match start tag name <dependency> from line 41 (position: TEXT seen ...</scope>\r\n\t\t\t</dependecy>... @46:16) 
	at org.codehaus.plexus.util.xml.pull.MXParser.parseEndTag(MXParser.java:2151)
	at org.codehaus.plexus.util.xml.pull.MXParser.nextImpl(MXParser.java:1418)
	at org.codehaus.plexus.util.xml.pull.MXParser.next(MXParser.java:1375)
	at org.codehaus.plexus.util.xml.pull.MXParser.nextTag(MXParser.java:1360)
	at org.apache.maven.model.io.xpp3.MavenXpp3Reader.parseDependency(MavenXpp3Reader.java:1422)
	at org.apache.maven.model.io.xpp3.MavenXpp3Reader.parseModel(MavenXpp3Reader.java:2321)
	at org.apache.maven.model.io.xpp3.MavenXpp3Reader.read(MavenXpp3Reader.java:623)
	at org.apache.maven.model.io.xpp3.MavenXpp3Reader.read(MavenXpp3Reader.java:654)
	at org.apache.maven.model.io.DefaultModelReader.read(DefaultModelReader.java:93)
	... 26 common frames omitted
2026-05-25 09:41:55,839 [Worker-13: reload maven project] ERROR o.e.m.c.i.p.r.ProjectRegistryManager - Failed to read Maven project: Some problems were encountered while processing the POMs:
[FATAL] Non-parseable POM D:\Java_Project\Online_Expanse_Tracker\pom.xml: end tag name </dependecy> must match start tag name <dependency> from line 41 (position: TEXT seen ...</scope>\r\n\t\t\t\r\n\t\t</dependecy>... @47:15)  @ line 47, column 15

org.apache.maven.project.ProjectBuildingException: Some problems were encountered while processing the POMs:
[FATAL] Non-parseable POM D:\Java_Project\Online_Expanse_Tracker\pom.xml: end tag name </dependecy> must match start tag name <dependency> from line 41 (position: TEXT seen ...</scope>\r\n\t\t\t\r\n\t\t</dependecy>... @47:15)  @ line 47, column 15

	at org.eclipse.m2e.core.internal.IMavenToolbox.readMavenProjects(IMavenToolbox.java:140)
	at org.eclipse.m2e.core.internal.project.registry.ProjectRegistryManager.lambda$22(ProjectRegistryManager.java:943)
	at org.eclipse.m2e.core.internal.embedder.MavenExecutionContext.executeBare(MavenExecutionContext.java:458)
	at org.eclipse.m2e.core.internal.embedder.MavenExecutionContext.execute(MavenExecutionContext.java:339)
	at org.eclipse.m2e.core.internal.embedder.MavenExecutionContext.execute(MavenExecutionContext.java:278)
	at org.eclipse.m2e.core.internal.project.registry.ProjectRegistryManager.readProjectsWithDependencies(ProjectRegistryManager.java:939)
	at org.eclipse.m2e.core.internal.project.registry.ProjectRegistryManager.create(ProjectRegistryManager.java:219)
	at org.eclipse.m2e.core.internal.project.registry.MavenProjectManager.create(MavenProjectManager.java:105)
	at org.eclipse.m2e.core.ui.internal.actions.SelectionUtil.getMavenProject(SelectionUtil.java:239)
	at org.eclipse.m2e.editor.pom.MavenPomEditor.readMavenProject(MavenPomEditor.java:709)
	at org.eclipse.m2e.editor.pom.MavenPomEditor$4.run(MavenPomEditor.java:1029)
	at org.eclipse.core.internal.jobs.Worker.run(Worker.java:63)
2026-05-25 09:41:56,676 [Worker-13: Building] ERROR o.e.m.c.i.p.r.ProjectRegistryManager - Could not read pom.xml
org.eclipse.core.runtime.CoreException: Could not read pom.xml
	at org.eclipse.m2e.core.internal.IMavenToolbox.readModel(IMavenToolbox.java:245)
	at org.eclipse.m2e.core.internal.project.registry.ProjectRegistryManager.refreshPhase2(ProjectRegistryManager.java:591)
	at org.eclipse.m2e.core.internal.project.registry.ProjectRegistryManager.refresh(ProjectRegistryManager.java:491)
	at org.eclipse.m2e.core.internal.project.registry.ProjectRegistryManager.refresh(ProjectRegistryManager.java:370)
	at org.eclipse.m2e.core.internal.project.registry.ProjectRegistryManager.refresh(ProjectRegistryManager.java:322)
	at org.eclipse.m2e.core.internal.builder.MavenBuilder$BuildMethod.getProjectFacade(MavenBuilder.java:146)
	at org.eclipse.m2e.core.internal.builder.MavenBuilder$BuildMethod.lambda$0(MavenBuilder.java:84)
	at org.eclipse.m2e.core.internal.embedder.MavenExecutionContext.executeBare(MavenExecutionContext.java:458)
	at org.eclipse.m2e.core.internal.embedder.MavenExecutionContext.execute(MavenExecutionContext.java:339)
	at org.eclipse.m2e.core.internal.embedder.MavenExecutionContext.execute(MavenExecutionContext.java:278)
	at org.eclipse.m2e.core.internal.builder.MavenBuilder$BuildMethod.execute(MavenBuilder.java:83)
	at org.eclipse.m2e.core.internal.builder.MavenBuilder.build(MavenBuilder.java:192)
	at org.eclipse.core.internal.events.BuildManager$2.run(BuildManager.java:1077)
	at org.eclipse.core.runtime.SafeRunner.run(SafeRunner.java:47)
	at org.eclipse.core.internal.events.BuildManager.basicBuild(BuildManager.java:296)
	at org.eclipse.core.internal.events.BuildManager.basicBuild(BuildManager.java:352)
	at org.eclipse.core.internal.events.BuildManager$1.run(BuildManager.java:441)
	at org.eclipse.core.runtime.SafeRunner.run(SafeRunner.java:47)
	at org.eclipse.core.internal.events.BuildManager.basicBuild(BuildManager.java:444)
	at org.eclipse.core.internal.events.BuildManager.basicBuildLoop(BuildManager.java:555)
	at org.eclipse.core.internal.events.BuildManager.basicBuildLoop(BuildManager.java:503)
	at org.eclipse.core.internal.events.BuildManager.build(BuildManager.java:585)
	at org.eclipse.core.internal.events.AutoBuildJob.doBuild(AutoBuildJob.java:207)
	at org.eclipse.core.internal.events.AutoBuildJob.run(AutoBuildJob.java:300)
	at org.eclipse.core.internal.jobs.Worker.run(Worker.java:63)
Caused by: org.apache.maven.model.io.ModelParseException: end tag name </dependecy> must match start tag name <dependency> from line 41 (position: TEXT seen ...</scope>\r\n\t\t\t\r\n\t\t</dependecy>... @47:15) 
	at org.apache.maven.model.io.DefaultModelReader.read(DefaultModelReader.java:96)
	at org.apache.maven.model.io.DefaultModelReader.read(DefaultModelReader.java:74)
	at org.eclipse.m2e.core.internal.IMavenToolbox.readModel(IMavenToolbox.java:243)
	... 24 common frames omitted
Caused by: org.codehaus.plexus.util.xml.pull.XmlPullParserException: end tag name </dependecy> must match start tag name <dependency> from line 41 (position: TEXT seen ...</scope>\r\n\t\t\t\r\n\t\t</dependecy>... @47:15) 
	at org.codehaus.plexus.util.xml.pull.MXParser.parseEndTag(MXParser.java:2151)
	at org.codehaus.plexus.util.xml.pull.MXParser.nextImpl(MXParser.java:1418)
	at org.codehaus.plexus.util.xml.pull.MXParser.next(MXParser.java:1375)
	at org.codehaus.plexus.util.xml.pull.MXParser.nextTag(MXParser.java:1360)
	at org.apache.maven.model.io.xpp3.MavenXpp3Reader.parseDependency(MavenXpp3Reader.java:1422)
	at org.apache.maven.model.io.xpp3.MavenXpp3Reader.parseModel(MavenXpp3Reader.java:2321)
	at org.apache.maven.model.io.xpp3.MavenXpp3Reader.read(MavenXpp3Reader.java:623)
	at org.apache.maven.model.io.xpp3.MavenXpp3Reader.read(MavenXpp3Reader.java:654)
	at org.apache.maven.model.io.DefaultModelReader.read(DefaultModelReader.java:93)
	... 26 common frames omitted
2026-05-25 09:42:02,095 [Worker-13: reload maven project] ERROR o.e.m.c.i.p.r.ProjectRegistryManager - Failed to read Maven project: Some problems were encountered while processing the POMs:
[FATAL] Non-parseable POM D:\Java_Project\Online_Expanse_Tracker\pom.xml: end tag name </dependecy> must match start tag name <dependency> from line 41 (position: TEXT seen ...</scope>\r\n\t\t</dependecy>... @46:15)  @ line 46, column 15

org.apache.maven.project.ProjectBuildingException: Some problems were encountered while processing the POMs:
[FATAL] Non-parseable POM D:\Java_Project\Online_Expanse_Tracker\pom.xml: end tag name </dependecy> must match start tag name <dependency> from line 41 (position: TEXT seen ...</scope>\r\n\t\t</dependecy>... @46:15)  @ line 46, column 15

	at org.eclipse.m2e.core.internal.IMavenToolbox.readMavenProjects(IMavenToolbox.java:140)
	at org.eclipse.m2e.core.internal.project.registry.ProjectRegistryManager.lambda$22(ProjectRegistryManager.java:943)
	at org.eclipse.m2e.core.internal.embedder.MavenExecutionContext.executeBare(MavenExecutionContext.java:458)
	at org.eclipse.m2e.core.internal.embedder.MavenExecutionContext.execute(MavenExecutionContext.java:339)
	at org.eclipse.m2e.core.internal.embedder.MavenExecutionContext.execute(MavenExecutionContext.java:278)
	at org.eclipse.m2e.core.internal.project.registry.ProjectRegistryManager.readProjectsWithDependencies(ProjectRegistryManager.java:939)
	at org.eclipse.m2e.core.internal.project.registry.ProjectRegistryManager.create(ProjectRegistryManager.java:219)
	at org.eclipse.m2e.core.internal.project.registry.MavenProjectManager.create(MavenProjectManager.java:105)
	at org.eclipse.m2e.core.ui.internal.actions.SelectionUtil.getMavenProject(SelectionUtil.java:239)
	at org.eclipse.m2e.editor.pom.MavenPomEditor.readMavenProject(MavenPomEditor.java:709)
	at org.eclipse.m2e.editor.pom.MavenPomEditor$4.run(MavenPomEditor.java:1029)
	at org.eclipse.core.internal.jobs.Worker.run(Worker.java:63)
2026-05-25 09:42:02,757 [Worker-10: Building] ERROR o.e.m.c.i.p.r.ProjectRegistryManager - Could not read pom.xml
org.eclipse.core.runtime.CoreException: Could not read pom.xml
	at org.eclipse.m2e.core.internal.IMavenToolbox.readModel(IMavenToolbox.java:245)
	at org.eclipse.m2e.core.internal.project.registry.ProjectRegistryManager.refreshPhase2(ProjectRegistryManager.java:591)
	at org.eclipse.m2e.core.internal.project.registry.ProjectRegistryManager.refresh(ProjectRegistryManager.java:491)
	at org.eclipse.m2e.core.internal.project.registry.ProjectRegistryManager.refresh(ProjectRegistryManager.java:370)
	at org.eclipse.m2e.core.internal.project.registry.ProjectRegistryManager.refresh(ProjectRegistryManager.java:322)
	at org.eclipse.m2e.core.internal.builder.MavenBuilder$BuildMethod.getProjectFacade(MavenBuilder.java:146)
	at org.eclipse.m2e.core.internal.builder.MavenBuilder$BuildMethod.lambda$0(MavenBuilder.java:84)
	at org.eclipse.m2e.core.internal.embedder.MavenExecutionContext.executeBare(MavenExecutionContext.java:458)
	at org.eclipse.m2e.core.internal.embedder.MavenExecutionContext.execute(MavenExecutionContext.java:339)
	at org.eclipse.m2e.core.internal.embedder.MavenExecutionContext.execute(MavenExecutionContext.java:278)
	at org.eclipse.m2e.core.internal.builder.MavenBuilder$BuildMethod.execute(MavenBuilder.java:83)
	at org.eclipse.m2e.core.internal.builder.MavenBuilder.build(MavenBuilder.java:192)
	at org.eclipse.core.internal.events.BuildManager$2.run(BuildManager.java:1077)
	at org.eclipse.core.runtime.SafeRunner.run(SafeRunner.java:47)
	at org.eclipse.core.internal.events.BuildManager.basicBuild(BuildManager.java:296)
	at org.eclipse.core.internal.events.BuildManager.basicBuild(BuildManager.java:352)
	at org.eclipse.core.internal.events.BuildManager$1.run(BuildManager.java:441)
	at org.eclipse.core.runtime.SafeRunner.run(SafeRunner.java:47)
	at org.eclipse.core.internal.events.BuildManager.basicBuild(BuildManager.java:444)
	at org.eclipse.core.internal.events.BuildManager.basicBuildLoop(BuildManager.java:555)
	at org.eclipse.core.internal.events.BuildManager.basicBuildLoop(BuildManager.java:503)
	at org.eclipse.core.internal.events.BuildManager.build(BuildManager.java:585)
	at org.eclipse.core.internal.events.AutoBuildJob.doBuild(AutoBuildJob.java:207)
	at org.eclipse.core.internal.events.AutoBuildJob.run(AutoBuildJob.java:300)
	at org.eclipse.core.internal.jobs.Worker.run(Worker.java:63)
Caused by: org.apache.maven.model.io.ModelParseException: end tag name </dependecy> must match start tag name <dependency> from line 41 (position: TEXT seen ...</scope>\r\n\t\t</dependecy>... @46:15) 
	at org.apache.maven.model.io.DefaultModelReader.read(DefaultModelReader.java:96)
	at org.apache.maven.model.io.DefaultModelReader.read(DefaultModelReader.java:74)
	at org.eclipse.m2e.core.internal.IMavenToolbox.readModel(IMavenToolbox.java:243)
	... 24 common frames omitted
Caused by: org.codehaus.plexus.util.xml.pull.XmlPullParserException: end tag name </dependecy> must match start tag name <dependency> from line 41 (position: TEXT seen ...</scope>\r\n\t\t</dependecy>... @46:15) 
	at org.codehaus.plexus.util.xml.pull.MXParser.parseEndTag(MXParser.java:2151)
	at org.codehaus.plexus.util.xml.pull.MXParser.nextImpl(MXParser.java:1418)
	at org.codehaus.plexus.util.xml.pull.MXParser.next(MXParser.java:1375)
	at org.codehaus.plexus.util.xml.pull.MXParser.nextTag(MXParser.java:1360)
	at org.apache.maven.model.io.xpp3.MavenXpp3Reader.parseDependency(MavenXpp3Reader.java:1422)
	at org.apache.maven.model.io.xpp3.MavenXpp3Reader.parseModel(MavenXpp3Reader.java:2321)
	at org.apache.maven.model.io.xpp3.MavenXpp3Reader.read(MavenXpp3Reader.java:623)
	at org.apache.maven.model.io.xpp3.MavenXpp3Reader.read(MavenXpp3Reader.java:654)
	at org.apache.maven.model.io.DefaultModelReader.read(DefaultModelReader.java:93)
	... 26 common frames omitted
2026-05-25 09:42:11,575 [Worker-19: Building] INFO  o.e.m.c.i.l.LifecycleMappingFactory - Using org.maven.ide.eclipse.wtp.WarLifecycleMapping lifecycle mapping for MavenProject: com.tracker:Online_Expanse_Tracker:0.0.1-SNAPSHOT @ D:\Java_Project\Online_Expanse_Tracker\pom.xml.
2026-05-25 09:42:12,966 [Worker-19: Building] INFO  o.a.m.s.f.DefaultMavenResourcesFiltering - Copying 0 resource from src\main\resources to target\classes
2026-05-25 09:42:12,972 [Worker-19: Building] INFO  o.a.m.s.f.DefaultMavenResourcesFiltering - Copying 0 resource from src\test\resources to target\test-classes
2026-05-25 09:42:12,979 [Worker-19: Building] INFO  o.e.m.w.i.f.ResourceFilteringBuildParticipant - Changed resources require a complete clean of filtered resources of Online_Expanse_Tracker
2026-05-25 09:42:12,982 [Worker-19: Building] INFO  o.e.m.w.i.f.ResourceFilteringBuildParticipant - Executing resource filtering for Online_Expanse_Tracker
2026-05-25 09:48:20,141 [Worker-25: Building] INFO  o.a.m.s.f.DefaultMavenResourcesFiltering - Copying 0 resource from src\main\resources to target\classes
2026-05-25 09:48:20,145 [Worker-25: Building] INFO  o.a.m.s.f.DefaultMavenResourcesFiltering - Copying 0 resource from src\test\resources to target\test-classes
2026-05-25 09:48:33,070 [Worker-18: Building] INFO  o.a.m.s.f.DefaultMavenResourcesFiltering - Copying 0 resource from src\main\resources to target\classes
2026-05-25 09:48:33,075 [Worker-18: Building] INFO  o.a.m.s.f.DefaultMavenResourcesFiltering - Copying 0 resource from src\test\resources to target\test-classes
2026-05-25 09:48:56,846 [Worker-24: Building] INFO  o.a.m.s.f.DefaultMavenResourcesFiltering - Copying 0 resource from src\main\resources to target\classes
2026-05-25 09:48:56,849 [Worker-24: Building] INFO  o.a.m.s.f.DefaultMavenResourcesFiltering - Copying 0 resource from src\test\resources to target\test-classes
2026-05-25 09:54:44,449 [Worker-19: Building] INFO  o.a.m.s.f.DefaultMavenResourcesFiltering - Copying 0 resource from src\main\resources to target\classes
2026-05-25 09:54:44,453 [Worker-19: Building] INFO  o.a.m.s.f.DefaultMavenResourcesFiltering - Copying 0 resource from src\test\resources to target\test-classes
2026-05-25 09:55:59,134 [Worker-24: Building] INFO  o.a.m.s.f.DefaultMavenResourcesFiltering - Copying 0 resource from src\main\resources to target\classes
2026-05-25 09:55:59,138 [Worker-24: Building] INFO  o.a.m.s.f.DefaultMavenResourcesFiltering - Copying 0 resource from src\test\resources to target\test-classes
2026-05-25 09:56:05,425 [Worker-19: Building] INFO  o.a.m.s.f.DefaultMavenResourcesFiltering - Copying 0 resource from src\main\resources to target\classes
2026-05-25 09:56:05,428 [Worker-19: Building] INFO  o.a.m.s.f.DefaultMavenResourcesFiltering - Copying 0 resource from src\test\resources to target\test-classes
2026-05-25 09:56:53,439 [Worker-18: Building] INFO  o.a.m.s.f.DefaultMavenResourcesFiltering - Copying 0 resource from src\main\resources to target\classes
2026-05-25 09:56:53,443 [Worker-18: Building] INFO  o.a.m.s.f.DefaultMavenResourcesFiltering - Copying 0 resource from src\test\resources to target\test-classes
2026-05-25 09:58:17,443 [Worker-27: Building] INFO  o.a.m.s.f.DefaultMavenResourcesFiltering - Copying 0 resource from src\main\resources to target\classes
2026-05-25 09:58:17,445 [Worker-27: Building] INFO  o.a.m.s.f.DefaultMavenResourcesFiltering - Copying 0 resource from src\test\resources to target\test-classes
2026-05-25 09:59:19,286 [Worker-27: Building] INFO  o.a.m.s.f.DefaultMavenResourcesFiltering - Copying 0 resource from src\main\resources to target\classes
2026-05-25 09:59:19,290 [Worker-27: Building] INFO  o.a.m.s.f.DefaultMavenResourcesFiltering - Copying 0 resource from src\test\resources to target\test-classes
2026-05-25 10:03:40,058 [Worker-26: Building] INFO  o.a.m.s.f.DefaultMavenResourcesFiltering - Copying 0 resource from src\main\resources to target\classes
2026-05-25 10:03:40,062 [Worker-26: Building] INFO  o.a.m.s.f.DefaultMavenResourcesFiltering - Copying 0 resource from src\test\resources to target\test-classes
2026-05-25 10:04:32,818 [Worker-26: Building] INFO  o.a.m.s.f.DefaultMavenResourcesFiltering - Copying 0 resource from src\main\resources to target\classes
2026-05-25 10:04:32,821 [Worker-26: Building] INFO  o.a.m.s.f.DefaultMavenResourcesFiltering - Copying 0 resource from src\test\resources to target\test-classes
2026-05-25 10:04:43,827 [Worker-24: Building] INFO  o.a.m.s.f.DefaultMavenResourcesFiltering - Copying 0 resource from src\main\resources to target\classes
2026-05-25 10:04:43,830 [Worker-24: Building] INFO  o.a.m.s.f.DefaultMavenResourcesFiltering - Copying 0 resource from src\test\resources to target\test-classes
2026-05-25 10:06:16,591 [Worker-16: Building] INFO  o.a.m.s.f.DefaultMavenResourcesFiltering - Copying 0 resource from src\main\resources to target\classes
2026-05-25 10:06:16,594 [Worker-16: Building] INFO  o.a.m.s.f.DefaultMavenResourcesFiltering - Copying 0 resource from src\test\resources to target\test-classes
2026-05-25 10:06:29,741 [Worker-27: Building] INFO  o.a.m.s.f.DefaultMavenResourcesFiltering - Copying 0 resource from src\main\resources to target\classes
2026-05-25 10:06:29,744 [Worker-27: Building] INFO  o.a.m.s.f.DefaultMavenResourcesFiltering - Copying 0 resource from src\test\resources to target\test-classes
2026-05-25 10:07:06,213 [Worker-16: Building] INFO  o.a.m.s.f.DefaultMavenResourcesFiltering - Copying 0 resource from src\main\resources to target\classes
2026-05-25 10:07:06,216 [Worker-16: Building] INFO  o.a.m.s.f.DefaultMavenResourcesFiltering - Copying 0 resource from src\test\resources to target\test-classes
2026-05-25 10:10:53,158 [Worker-24: Building] INFO  o.a.m.s.f.DefaultMavenResourcesFiltering - Copying 0 resource from src\main\resources to target\classes
2026-05-25 10:10:53,162 [Worker-24: Building] INFO  o.a.m.s.f.DefaultMavenResourcesFiltering - Copying 0 resource from src\test\resources to target\test-classes
2026-05-25 10:13:43,938 [Worker-27: Building] INFO  o.a.m.s.f.DefaultMavenResourcesFiltering - Copying 0 resource from src\main\resources to target\classes
2026-05-25 10:13:43,941 [Worker-27: Building] INFO  o.a.m.s.f.DefaultMavenResourcesFiltering - Copying 0 resource from src\test\resources to target\test-classes
2026-05-25 10:14:06,823 [Worker-16: Building] INFO  o.a.m.s.f.DefaultMavenResourcesFiltering - Copying 0 resource from src\main\resources to target\classes
2026-05-25 10:14:06,827 [Worker-16: Building] INFO  o.a.m.s.f.DefaultMavenResourcesFiltering - Copying 0 resource from src\test\resources to target\test-classes
2026-05-25 10:15:02,242 [Worker-18: Building] INFO  o.a.m.s.f.DefaultMavenResourcesFiltering - Copying 0 resource from src\main\resources to target\classes
2026-05-25 10:15:02,245 [Worker-18: Building] INFO  o.a.m.s.f.DefaultMavenResourcesFiltering - Copying 0 resource from src\test\resources to target\test-classes
2026-05-25 10:15:27,927 [Worker-27: Building] INFO  o.a.m.s.f.DefaultMavenResourcesFiltering - Copying 0 resource from src\main\resources to target\classes
2026-05-25 10:15:27,929 [Worker-27: Building] INFO  o.a.m.s.f.DefaultMavenResourcesFiltering - Copying 0 resource from src\test\resources to target\test-classes
2026-05-25 10:17:02,283 [Worker-28: Building] INFO  o.a.m.s.f.DefaultMavenResourcesFiltering - Copying 0 resource from src\main\resources to target\classes
2026-05-25 10:17:02,285 [Worker-28: Building] INFO  o.a.m.s.f.DefaultMavenResourcesFiltering - Copying 0 resource from src\test\resources to target\test-classes
2026-05-25 10:17:16,698 [Worker-27: Building] INFO  o.a.m.s.f.DefaultMavenResourcesFiltering - Copying 0 resource from src\main\resources to target\classes
2026-05-25 10:17:16,701 [Worker-27: Building] INFO  o.a.m.s.f.DefaultMavenResourcesFiltering - Copying 0 resource from src\test\resources to target\test-classes
2026-05-25 10:17:29,036 [Worker-18: Building] INFO  o.a.m.s.f.DefaultMavenResourcesFiltering - Copying 0 resource from src\main\resources to target\classes
2026-05-25 10:17:29,039 [Worker-18: Building] INFO  o.a.m.s.f.DefaultMavenResourcesFiltering - Copying 0 resource from src\test\resources to target\test-classes
2026-05-25 10:18:16,220 [Worker-19: Building] INFO  o.a.m.s.f.DefaultMavenResourcesFiltering - Copying 0 resource from src\main\resources to target\classes
2026-05-25 10:18:16,222 [Worker-19: Building] INFO  o.a.m.s.f.DefaultMavenResourcesFiltering - Copying 0 resource from src\test\resources to target\test-classes
2026-05-25 10:19:15,319 [Worker-16: Building] INFO  o.a.m.s.f.DefaultMavenResourcesFiltering - Copying 0 resource from src\main\resources to target\classes
2026-05-25 10:19:15,322 [Worker-16: Building] INFO  o.a.m.s.f.DefaultMavenResourcesFiltering - Copying 0 resource from src\test\resources to target\test-classes
2026-05-25 10:19:22,890 [Worker-19: Building] INFO  o.a.m.s.f.DefaultMavenResourcesFiltering - Copying 0 resource from src\main\resources to target\classes
2026-05-25 10:19:22,892 [Worker-19: Building] INFO  o.a.m.s.f.DefaultMavenResourcesFiltering - Copying 0 resource from src\test\resources to target\test-classes
2026-05-25 10:20:00,303 [Worker-18: Building] INFO  o.a.m.s.f.DefaultMavenResourcesFiltering - Copying 0 resource from src\main\resources to target\classes
2026-05-25 10:20:00,306 [Worker-18: Building] INFO  o.a.m.s.f.DefaultMavenResourcesFiltering - Copying 0 resource from src\test\resources to target\test-classes
2026-05-25 10:21:32,931 [Worker-28: Building] INFO  o.a.m.s.f.DefaultMavenResourcesFiltering - Copying 0 resource from src\main\resources to target\classes
2026-05-25 10:21:32,934 [Worker-28: Building] INFO  o.a.m.s.f.DefaultMavenResourcesFiltering - Copying 0 resource from src\test\resources to target\test-classes
2026-05-25 10:21:47,750 [Worker-24: Building] INFO  o.a.m.s.f.DefaultMavenResourcesFiltering - Copying 0 resource from src\main\resources to target\classes
2026-05-25 10:21:47,753 [Worker-24: Building] INFO  o.a.m.s.f.DefaultMavenResourcesFiltering - Copying 0 resource from src\test\resources to target\test-classes
2026-05-25 10:22:02,283 [Worker-28: Building] INFO  o.a.m.s.f.DefaultMavenResourcesFiltering - Copying 0 resource from src\main\resources to target\classes
2026-05-25 10:22:02,286 [Worker-28: Building] INFO  o.a.m.s.f.DefaultMavenResourcesFiltering - Copying 0 resource from src\test\resources to target\test-classes
2026-05-25 10:22:50,520 [Worker-18: Building] INFO  o.a.m.s.f.DefaultMavenResourcesFiltering - Copying 0 resource from src\main\resources to target\classes
2026-05-25 10:22:50,523 [Worker-18: Building] INFO  o.a.m.s.f.DefaultMavenResourcesFiltering - Copying 0 resource from src\test\resources to target\test-classes
2026-05-25 10:25:47,541 [Worker-16: Building] INFO  o.a.m.s.f.DefaultMavenResourcesFiltering - Copying 0 resource from src\main\resources to target\classes
2026-05-25 10:25:47,546 [Worker-16: Building] INFO  o.a.m.s.f.DefaultMavenResourcesFiltering - Copying 0 resource from src\test\resources to target\test-classes
2026-05-25 10:26:09,467 [Worker-18: Building] INFO  o.a.m.s.f.DefaultMavenResourcesFiltering - Copying 0 resource from src\main\resources to target\classes
2026-05-25 10:26:09,470 [Worker-18: Building] INFO  o.a.m.s.f.DefaultMavenResourcesFiltering - Copying 0 resource from src\test\resources to target\test-classes
2026-05-25 10:26:18,708 [Worker-28: Building] INFO  o.a.m.s.f.DefaultMavenResourcesFiltering - Copying 0 resource from src\main\resources to target\classes
2026-05-25 10:26:18,710 [Worker-28: Building] INFO  o.a.m.s.f.DefaultMavenResourcesFiltering - Copying 0 resource from src\test\resources to target\test-classes
2026-05-25 10:26:58,720 [Worker-28: Building] INFO  o.a.m.s.f.DefaultMavenResourcesFiltering - Copying 0 resource from src\main\resources to target\classes
2026-05-25 10:26:58,724 [Worker-28: Building] INFO  o.a.m.s.f.DefaultMavenResourcesFiltering - Copying 0 resource from src\test\resources to target\test-classes
2026-05-25 10:27:15,965 [Worker-18: Building] INFO  o.a.m.s.f.DefaultMavenResourcesFiltering - Copying 0 resource from src\main\resources to target\classes
2026-05-25 10:27:15,967 [Worker-18: Building] INFO  o.a.m.s.f.DefaultMavenResourcesFiltering - Copying 0 resource from src\test\resources to target\test-classes
2026-05-25 10:27:20,446 [Worker-27: Building] INFO  o.a.m.s.f.DefaultMavenResourcesFiltering - Copying 0 resource from src\main\resources to target\classes
2026-05-25 10:27:20,448 [Worker-27: Building] INFO  o.a.m.s.f.DefaultMavenResourcesFiltering - Copying 0 resource from src\test\resources to target\test-classes
2026-05-25 10:28:53,719 [Worker-24: Building] INFO  o.a.m.s.f.DefaultMavenResourcesFiltering - Copying 0 resource from src\main\resources to target\classes
2026-05-25 10:28:53,721 [Worker-24: Building] INFO  o.a.m.s.f.DefaultMavenResourcesFiltering - Copying 0 resource from src\test\resources to target\test-classes
2026-05-25 10:30:10,272 [Worker-16: Building] INFO  o.a.m.s.f.DefaultMavenResourcesFiltering - Copying 0 resource from src\main\resources to target\classes
2026-05-25 10:30:10,274 [Worker-16: Building] INFO  o.a.m.s.f.DefaultMavenResourcesFiltering - Copying 0 resource from src\test\resources to target\test-classes
2026-05-25 10:31:44,897 [Worker-24: Building] INFO  o.a.m.s.f.DefaultMavenResourcesFiltering - Copying 0 resource from src\main\resources to target\classes
2026-05-25 10:31:44,900 [Worker-24: Building] INFO  o.a.m.s.f.DefaultMavenResourcesFiltering - Copying 0 resource from src\test\resources to target\test-classes
2026-05-25 10:32:25,034 [Worker-28: Building] INFO  o.a.m.s.f.DefaultMavenResourcesFiltering - Copying 0 resource from src\main\resources to target\classes
2026-05-25 10:32:25,037 [Worker-28: Building] INFO  o.a.m.s.f.DefaultMavenResourcesFiltering - Copying 0 resource from src\test\resources to target\test-classes
2026-05-25 10:32:39,944 [Worker-18: Building] INFO  o.a.m.s.f.DefaultMavenResourcesFiltering - Copying 0 resource from src\main\resources to target\classes
2026-05-25 10:32:39,948 [Worker-18: Building] INFO  o.a.m.s.f.DefaultMavenResourcesFiltering - Copying 0 resource from src\test\resources to target\test-classes
2026-05-25 10:34:11,898 [Worker-19: Building] INFO  o.a.m.s.f.DefaultMavenResourcesFiltering - Copying 0 resource from src\main\resources to target\classes
2026-05-25 10:34:11,901 [Worker-19: Building] INFO  o.a.m.s.f.DefaultMavenResourcesFiltering - Copying 0 resource from src\test\resources to target\test-classes
2026-05-25 10:35:02,506 [Worker-28: Building] INFO  o.a.m.s.f.DefaultMavenResourcesFiltering - Copying 0 resource from src\main\resources to target\classes
2026-05-25 10:35:02,508 [Worker-28: Building] INFO  o.a.m.s.f.DefaultMavenResourcesFiltering - Copying 0 resource from src\test\resources to target\test-classes
2026-05-25 10:37:35,306 [Worker-19: Building] INFO  o.a.m.s.f.DefaultMavenResourcesFiltering - Copying 0 resource from src\main\resources to target\classes
2026-05-25 10:37:35,309 [Worker-19: Building] INFO  o.a.m.s.f.DefaultMavenResourcesFiltering - Copying 0 resource from src\test\resources to target\test-classes
2026-05-25 10:39:41,486 [Worker-19: Building] INFO  o.a.m.s.f.DefaultMavenResourcesFiltering - Copying 0 resource from src\main\resources to target\classes
2026-05-25 10:39:41,493 [Worker-19: Building] INFO  o.a.m.s.f.DefaultMavenResourcesFiltering - Copying 0 resource from src\test\resources to target\test-classes
2026-05-25 10:40:01,205 [Worker-24: Building] INFO  o.a.m.s.f.DefaultMavenResourcesFiltering - Copying 0 resource from src\main\resources to target\classes
2026-05-25 10:40:01,210 [Worker-24: Building] INFO  o.a.m.s.f.DefaultMavenResourcesFiltering - Copying 0 resource from src\test\resources to target\test-classes
2026-05-25 10:40:35,356 [Worker-19: Building] INFO  o.a.m.s.f.DefaultMavenResourcesFiltering - Copying 0 resource from src\main\resources to target\classes
2026-05-25 10:40:35,361 [Worker-19: Building] INFO  o.a.m.s.f.DefaultMavenResourcesFiltering - Copying 0 resource from src\test\resources to target\test-classes
2026-05-25 10:40:53,277 [Worker-19: Building] INFO  o.a.m.s.f.DefaultMavenResourcesFiltering - Copying 0 resource from src\main\resources to target\classes
2026-05-25 10:40:53,283 [Worker-19: Building] INFO  o.a.m.s.f.DefaultMavenResourcesFiltering - Copying 0 resource from src\test\resources to target\test-classes
2026-05-25 10:40:58,652 [Worker-18: Building] INFO  o.a.m.s.f.DefaultMavenResourcesFiltering - Copying 0 resource from src\main\resources to target\classes
2026-05-25 10:40:58,659 [Worker-18: Building] INFO  o.a.m.s.f.DefaultMavenResourcesFiltering - Copying 0 resource from src\test\resources to target\test-classes
2026-05-25 10:41:09,347 [Worker-19: Building] INFO  o.a.m.s.f.DefaultMavenResourcesFiltering - Copying 0 resource from src\main\resources to target\classes
2026-05-25 10:41:09,353 [Worker-19: Building] INFO  o.a.m.s.f.DefaultMavenResourcesFiltering - Copying 0 resource from src\test\resources to target\test-classes
2026-05-25 10:41:13,999 [Worker-28: Building] INFO  o.a.m.s.f.DefaultMavenResourcesFiltering - Copying 0 resource from src\main\resources to target\classes
2026-05-25 10:41:14,006 [Worker-28: Building] INFO  o.a.m.s.f.DefaultMavenResourcesFiltering - Copying 0 resource from src\test\resources to target\test-classes
2026-05-25 10:41:48,681 [Worker-18: Building] INFO  o.a.m.s.f.DefaultMavenResourcesFiltering - Copying 0 resource from src\main\resources to target\classes
2026-05-25 10:41:48,686 [Worker-18: Building] INFO  o.a.m.s.f.DefaultMavenResourcesFiltering - Copying 0 resource from src\test\resources to target\test-classes
2026-05-25 10:42:46,824 [Worker-18: Building] INFO  o.a.m.s.f.DefaultMavenResourcesFiltering - Copying 0 resource from src\main\resources to target\classes
2026-05-25 10:42:46,829 [Worker-18: Building] INFO  o.a.m.s.f.DefaultMavenResourcesFiltering - Copying 0 resource from src\test\resources to target\test-classes
2026-05-25 10:43:16,496 [Worker-19: Building] INFO  o.a.m.s.f.DefaultMavenResourcesFiltering - Copying 0 resource from src\main\resources to target\classes
2026-05-25 10:43:16,504 [Worker-19: Building] INFO  o.a.m.s.f.DefaultMavenResourcesFiltering - Copying 0 resource from src\test\resources to target\test-classes
2026-05-25 10:45:41,342 [Worker-27: Building] INFO  o.a.m.s.f.DefaultMavenResourcesFiltering - Copying 0 resource from src\main\resources to target\classes
2026-05-25 10:45:41,346 [Worker-27: Building] INFO  o.a.m.s.f.DefaultMavenResourcesFiltering - Copying 0 resource from src\test\resources to target\test-classes
2026-05-25 10:45:58,525 [Worker-28: Building] WARN  o.a.m.s.f.DefaultMavenResourcesFiltering - Using platform encoding (UTF-8 actually) to copy filtered resources, i.e. build is platform dependent!
2026-05-25 10:45:58,527 [Worker-28: Building] INFO  o.a.m.s.f.DefaultMavenResourcesFiltering - Copying 2 resources from src\main\resources to target\classes
2026-05-25 10:45:58,553 [Worker-28: Building] WARN  o.a.m.s.f.DefaultMavenResourcesFiltering - Using platform encoding (UTF-8 actually) to copy filtered resources, i.e. build is platform dependent!
2026-05-25 10:45:58,555 [Worker-28: Building] INFO  o.a.m.s.f.DefaultMavenResourcesFiltering - Copying 0 resource from src\test\resources to target\test-classes
2026-05-25 10:46:10,785 [Worker-27: Building] INFO  o.a.m.s.f.DefaultMavenResourcesFiltering - Copying 0 resource from src\main\resources to target\classes
2026-05-25 10:46:10,792 [Worker-27: Building] INFO  o.a.m.s.f.DefaultMavenResourcesFiltering - Copying 0 resource from src\test\resources to target\test-classes
2026-05-25 10:46:20,495 [Worker-18: Building] INFO  o.a.m.s.f.DefaultMavenResourcesFiltering - Copying 0 resource from src\main\resources to target\classes
2026-05-25 10:46:20,500 [Worker-18: Building] INFO  o.a.m.s.f.DefaultMavenResourcesFiltering - Copying 0 resource from src\test\resources to target\test-classes
2026-05-25 10:46:29,398 [Worker-19: Building] INFO  o.a.m.s.f.DefaultMavenResourcesFiltering - Copying 0 resource from src\main\resources to target\classes
2026-05-25 10:46:29,403 [Worker-19: Building] INFO  o.a.m.s.f.DefaultMavenResourcesFiltering - Copying 0 resource from src\test\resources to target\test-classes
2026-05-25 10:46:31,621 [Worker-19: Building] INFO  o.a.m.s.f.DefaultMavenResourcesFiltering - Copying 0 resource from src\main\resources to target\classes
2026-05-25 10:46:31,629 [Worker-19: Building] INFO  o.a.m.s.f.DefaultMavenResourcesFiltering - Copying 0 resource from src\test\resources to target\test-classes
2026-05-25 10:47:25,110 [Worker-19: Building] INFO  o.a.m.s.f.DefaultMavenResourcesFiltering - Copying 0 resource from src\main\resources to target\classes
2026-05-25 10:47:25,118 [Worker-19: Building] INFO  o.a.m.s.f.DefaultMavenResourcesFiltering - Copying 0 resource from src\test\resources to target\test-classes
2026-05-25 10:47:40,376 [Worker-19: Building] INFO  o.a.m.s.f.DefaultMavenResourcesFiltering - Copying 0 resource from src\main\resources to target\classes
2026-05-25 10:47:40,391 [Worker-19: Building] INFO  o.a.m.s.f.DefaultMavenResourcesFiltering - Copying 0 resource from src\test\resources to target\test-classes
2026-05-25 10:50:23,788 [Worker-27: Building] INFO  o.a.m.s.f.DefaultMavenResourcesFiltering - Copying 0 resource from src\main\resources to target\classes
2026-05-25 10:50:23,795 [Worker-27: Building] INFO  o.a.m.s.f.DefaultMavenResourcesFiltering - Copying 0 resource from src\test\resources to target\test-classes
2026-05-25 10:50:34,748 [Worker-30: Building] INFO  o.a.m.s.f.DefaultMavenResourcesFiltering - Copying 0 resource from src\main\resources to target\classes
2026-05-25 10:50:34,754 [Worker-30: Building] INFO  o.a.m.s.f.DefaultMavenResourcesFiltering - Copying 0 resource from src\test\resources to target\test-classes
2026-05-25 10:51:04,577 [Worker-24: Building] INFO  o.a.m.s.f.DefaultMavenResourcesFiltering - Copying 0 resource from src\main\resources to target\classes
2026-05-25 10:51:04,583 [Worker-24: Building] INFO  o.a.m.s.f.DefaultMavenResourcesFiltering - Copying 0 resource from src\test\resources to target\test-classes
2026-05-25 10:51:10,688 [Worker-18: Building] INFO  o.a.m.s.f.DefaultMavenResourcesFiltering - Copying 0 resource from src\main\resources to target\classes
2026-05-25 10:51:10,694 [Worker-18: Building] INFO  o.a.m.s.f.DefaultMavenResourcesFiltering - Copying 0 resource from src\test\resources to target\test-classes
2026-05-25 10:56:44,966 [Worker-27: Building] INFO  o.a.m.s.f.DefaultMavenResourcesFiltering - Copying 0 resource from src\main\resources to target\classes
2026-05-25 10:56:44,970 [Worker-27: Building] INFO  o.a.m.s.f.DefaultMavenResourcesFiltering - Copying 0 resource from src\test\resources to target\test-classes
2026-05-25 10:56:57,149 [Worker-29: Building] INFO  o.a.m.s.f.DefaultMavenResourcesFiltering - Copying 0 resource from src\main\resources to target\classes
2026-05-25 10:56:57,155 [Worker-29: Building] INFO  o.a.m.s.f.DefaultMavenResourcesFiltering - Copying 0 resource from src\test\resources to target\test-classes
2026-05-25 10:57:50,385 [Worker-19: Building] INFO  o.a.m.s.f.DefaultMavenResourcesFiltering - Copying 0 resource from src\main\resources to target\classes
2026-05-25 10:57:50,391 [Worker-19: Building] INFO  o.a.m.s.f.DefaultMavenResourcesFiltering - Copying 0 resource from src\test\resources to target\test-classes
2026-05-25 10:58:22,128 [Worker-16: Building] INFO  o.a.m.s.f.DefaultMavenResourcesFiltering - Copying 0 resource from src\main\resources to target\classes
2026-05-25 10:58:22,135 [Worker-16: Building] INFO  o.a.m.s.f.DefaultMavenResourcesFiltering - Copying 0 resource from src\test\resources to target\test-classes
2026-05-25 10:58:29,181 [Worker-28: Building] INFO  o.a.m.s.f.DefaultMavenResourcesFiltering - Copying 0 resource from src\main\resources to target\classes
2026-05-25 10:58:29,185 [Worker-28: Building] INFO  o.a.m.s.f.DefaultMavenResourcesFiltering - Copying 0 resource from src\test\resources to target\test-classes
2026-05-25 12:06:12,241 [Worker-8: Loading available Gradle versions] INFO  o.e.b.c.i.u.g.PublishedGradleVersions - Gradle version information cache is up-to-date. Trying to read.
2026-05-25 12:06:28,669 [Worker-7: Building] WARN  o.a.m.s.f.DefaultMavenResourcesFiltering - Using platform encoding (UTF-8 actually) to copy filtered resources, i.e. build is platform dependent!
2026-05-25 12:06:28,693 [Worker-7: Building] INFO  o.a.m.s.f.DefaultMavenResourcesFiltering - Copying 2 resources from src\main\resources to target\classes
2026-05-25 12:06:28,738 [Worker-7: Building] WARN  o.a.m.s.f.DefaultMavenResourcesFiltering - Using platform encoding (UTF-8 actually) to copy filtered resources, i.e. build is platform dependent!
2026-05-25 12:06:28,741 [Worker-7: Building] INFO  o.a.m.s.f.DefaultMavenResourcesFiltering - Copying 0 resource from src\test\resources to target\test-classes
2026-05-25 12:06:33,714 [Worker-7: Building] INFO  o.a.m.s.f.DefaultMavenResourcesFiltering - Copying 0 resource from src\main\resources to target\classes
2026-05-25 12:06:33,727 [Worker-7: Building] INFO  o.a.m.s.f.DefaultMavenResourcesFiltering - Copying 0 resource from src\test\resources to target\test-classes
2026-05-25 12:06:35,690 [Worker-7: Building] INFO  o.a.m.s.f.DefaultMavenResourcesFiltering - Copying 1 resource from src\main\resources to target\classes
2026-05-25 12:06:35,710 [Worker-7: Building] INFO  o.a.m.s.f.DefaultMavenResourcesFiltering - Copying 0 resource from src\test\resources to target\test-classes
2026-05-25 12:06:36,864 [Worker-7: Building] WARN  o.a.m.s.f.DefaultMavenResourcesFiltering - Using platform encoding (UTF-8 actually) to copy filtered resources, i.e. build is platform dependent!
2026-05-25 12:06:36,867 [Worker-7: Building] INFO  o.a.m.s.f.DefaultMavenResourcesFiltering - Copying 0 resource from src\main\resources to target\classes
2026-05-25 12:06:36,881 [Worker-7: Building] WARN  o.a.m.s.f.DefaultMavenResourcesFiltering - Using platform encoding (UTF-8 actually) to copy filtered resources, i.e. build is platform dependent!
2026-05-25 12:06:36,884 [Worker-7: Building] INFO  o.a.m.s.f.DefaultMavenResourcesFiltering - Copying 0 resource from src\test\resources to target\test-classes
2026-05-25 12:09:57,749 [Worker-23: Updating Maven Project] INFO  o.e.m.c.i.p.ProjectConfigurationManager - Update started
2026-05-25 12:09:58,905 [Worker-23: Updating Maven Project] INFO  o.e.m.c.i.l.LifecycleMappingFactory - Using org.maven.ide.eclipse.wtp.WarLifecycleMapping lifecycle mapping for MavenProject: com.form:Registration_Form:0.0.1-SNAPSHOT @ D:\Java_Project\Registraion_Form\pom.xml.
2026-05-25 12:09:59,438 [Worker-23: Updating Maven Project] INFO  o.e.m.c.i.l.LifecycleMappingFactory - Using org.maven.ide.eclipse.wtp.WarLifecycleMapping lifecycle mapping for MavenProject: com.tracker:Online_Expanse_Tracker:0.0.1-SNAPSHOT @ D:\Java_Project\Online_Expanse_Tracker\pom.xml.
2026-05-25 12:09:59,750 [Worker-23: Updating Maven Project] INFO  o.e.m.c.i.l.LifecycleMappingFactory - Using org.maven.ide.eclipse.wtp.WarLifecycleMapping lifecycle mapping for MavenProject: com.todo:NoteTaker:0.0.1-SNAPSHOT @ D:\Java_Project\Note_Taker\pom.xml.
2026-05-25 12:09:59,903 [Worker-23: Updating Maven Project] INFO  o.e.m.c.i.l.LifecycleMappingFactory - Using org.maven.ide.eclipse.wtp.WarLifecycleMapping lifecycle mapping for MavenProject: com.searchapp:SearchApp:0.0.1-SNAPSHOT @ D:\Java_Project\Search_App\pom.xml.
2026-05-25 12:10:03,310 [Worker-23: Updating Maven Project] INFO  o.e.m.j.i.AbstractJavaProjectConfigurator - Adding source folder /Registraion_Form/src/main/java
2026-05-25 12:10:03,317 [Worker-23: Updating Maven Project] INFO  o.e.m.j.i.AbstractJavaProjectConfigurator - Adding resource folder /Registraion_Form/src/main/resources
2026-05-25 12:10:03,319 [Worker-23: Updating Maven Project] INFO  o.e.m.j.i.AbstractJavaProjectConfigurator - Adding source folder /Registraion_Form/src/test/java
2026-05-25 12:10:03,322 [Worker-23: Updating Maven Project] INFO  o.e.m.j.i.AbstractJavaProjectConfigurator - Adding resource folder /Registraion_Form/src/test/resources
2026-05-25 12:10:04,549 [Worker-23: Updating Maven Project] INFO  o.e.m.w.i.f.ResourceFilteringBuildParticipant - Cleaning filtered folder for Registraion_Form
2026-05-25 12:10:04,597 [Worker-23: Updating Maven Project] INFO  o.e.m.c.i.p.ProjectConfigurationManager - Update completed for 1 poms: local refresh takes 0.00 sec, refresh facades takes 5.00 sec, update config takes 1.00 sec 
2026-05-25 12:10:05,134 [Worker-29: Building] INFO  o.a.m.s.f.DefaultMavenResourcesFiltering - Copying 1 resource from src\main\resources to target\classes
2026-05-25 12:10:05,163 [Worker-29: Building] INFO  o.a.m.s.f.DefaultMavenResourcesFiltering - Copying 0 resource from src\test\resources to target\test-classes
2026-05-25 12:10:05,164 [Worker-29: Building] INFO  o.e.m.w.i.f.ResourceFilteringBuildParticipant - Changed resources require a complete clean of filtered resources of Registraion_Form
2026-05-25 12:10:05,168 [Worker-29: Building] INFO  o.e.m.w.i.f.ResourceFilteringBuildParticipant - Executing resource filtering for Registraion_Form
2026-05-25 12:11:40,134 [Worker-27: Cleaning all projects] INFO  o.e.m.w.i.f.ResourceFilteringBuildParticipant - Cleaning filtered folder for Note_Taker
2026-05-25 12:11:40,210 [Worker-27: Cleaning all projects] INFO  o.e.m.w.i.f.ResourceFilteringBuildParticipant - Cleaning filtered folder for Online_Expanse_Tracker
2026-05-25 12:11:40,297 [Worker-27: Cleaning all projects] INFO  o.e.m.w.i.f.ResourceFilteringBuildParticipant - Cleaning filtered folder for Registraion_Form
2026-05-25 12:11:40,373 [Worker-27: Cleaning all projects] INFO  o.e.m.w.i.f.ResourceFilteringBuildParticipant - Cleaning filtered folder for Search_App
2026-05-25 12:11:40,997 [Worker-29: Building] WARN  o.a.m.s.f.DefaultMavenResourcesFiltering - Using platform encoding (UTF-8 actually) to copy filtered resources, i.e. build is platform dependent!
2026-05-25 12:11:41,000 [Worker-29: Building] INFO  o.a.m.s.f.DefaultMavenResourcesFiltering - Copying 2 resources from src\main\resources to target\classes
2026-05-25 12:11:41,015 [Worker-29: Building] WARN  o.a.m.s.f.DefaultMavenResourcesFiltering - Using platform encoding (UTF-8 actually) to copy filtered resources, i.e. build is platform dependent!
2026-05-25 12:11:41,019 [Worker-29: Building] INFO  o.a.m.s.f.DefaultMavenResourcesFiltering - Copying 0 resource from src\test\resources to target\test-classes
2026-05-25 12:11:41,020 [Worker-29: Building] INFO  o.e.m.w.i.f.ResourceFilteringBuildParticipant - Changed resources require a complete clean of filtered resources of Note_Taker
2026-05-25 12:11:41,021 [Worker-29: Building] INFO  o.e.m.w.i.f.ResourceFilteringBuildParticipant - Executing resource filtering for Note_Taker
2026-05-25 12:11:41,170 [Worker-29: Building] INFO  o.a.m.s.f.DefaultMavenResourcesFiltering - Copying 0 resource from src\main\resources to target\classes
2026-05-25 12:11:41,177 [Worker-29: Building] INFO  o.a.m.s.f.DefaultMavenResourcesFiltering - Copying 0 resource from src\test\resources to target\test-classes
2026-05-25 12:11:41,178 [Worker-29: Building] INFO  o.e.m.w.i.f.ResourceFilteringBuildParticipant - Changed resources require a complete clean of filtered resources of Online_Expanse_Tracker
2026-05-25 12:11:41,178 [Worker-29: Building] INFO  o.e.m.w.i.f.ResourceFilteringBuildParticipant - Executing resource filtering for Online_Expanse_Tracker
2026-05-25 12:11:41,402 [Worker-29: Building] INFO  o.a.m.s.f.DefaultMavenResourcesFiltering - Copying 1 resource from src\main\resources to target\classes
2026-05-25 12:11:41,411 [Worker-29: Building] INFO  o.a.m.s.f.DefaultMavenResourcesFiltering - Copying 0 resource from src\test\resources to target\test-classes
2026-05-25 12:11:41,413 [Worker-29: Building] INFO  o.e.m.w.i.f.ResourceFilteringBuildParticipant - Changed resources require a complete clean of filtered resources of Registraion_Form
2026-05-25 12:11:41,413 [Worker-29: Building] INFO  o.e.m.w.i.f.ResourceFilteringBuildParticipant - Executing resource filtering for Registraion_Form
2026-05-25 12:11:41,651 [Worker-29: Building] WARN  o.a.m.s.f.DefaultMavenResourcesFiltering - Using platform encoding (UTF-8 actually) to copy filtered resources, i.e. build is platform dependent!
2026-05-25 12:11:41,655 [Worker-29: Building] INFO  o.a.m.s.f.DefaultMavenResourcesFiltering - Copying 0 resource from src\main\resources to target\classes
2026-05-25 12:11:41,659 [Worker-29: Building] WARN  o.a.m.s.f.DefaultMavenResourcesFiltering - Using platform encoding (UTF-8 actually) to copy filtered resources, i.e. build is platform dependent!
2026-05-25 12:11:41,661 [Worker-29: Building] INFO  o.a.m.s.f.DefaultMavenResourcesFiltering - Copying 0 resource from src\test\resources to target\test-classes
2026-05-25 12:11:41,662 [Worker-29: Building] INFO  o.e.m.w.i.f.ResourceFilteringBuildParticipant - Changed resources require a complete clean of filtered resources of Search_App
2026-05-25 12:11:41,663 [Worker-29: Building] INFO  o.e.m.w.i.f.ResourceFilteringBuildParticipant - Executing resource filtering for Search_App
2026-05-25 12:11:58,266 [Worker-28: Cleaning all projects] INFO  o.e.m.w.i.f.ResourceFilteringBuildParticipant - Cleaning filtered folder for Note_Taker
2026-05-25 12:11:58,327 [Worker-28: Cleaning all projects] INFO  o.e.m.w.i.f.ResourceFilteringBuildParticipant - Cleaning filtered folder for Online_Expanse_Tracker
2026-05-25 12:11:58,393 [Worker-28: Cleaning all projects] INFO  o.e.m.w.i.f.ResourceFilteringBuildParticipant - Cleaning filtered folder for Registraion_Form
2026-05-25 12:11:58,456 [Worker-28: Cleaning all projects] INFO  o.e.m.w.i.f.ResourceFilteringBuildParticipant - Cleaning filtered folder for Search_App
2026-05-25 12:11:58,842 [Worker-28: Building] WARN  o.a.m.s.f.DefaultMavenResourcesFiltering - Using platform encoding (UTF-8 actually) to copy filtered resources, i.e. build is platform dependent!
2026-05-25 12:11:58,845 [Worker-28: Building] INFO  o.a.m.s.f.DefaultMavenResourcesFiltering - Copying 2 resources from src\main\resources to target\classes
2026-05-25 12:11:58,860 [Worker-28: Building] WARN  o.a.m.s.f.DefaultMavenResourcesFiltering - Using platform encoding (UTF-8 actually) to copy filtered resources, i.e. build is platform dependent!
2026-05-25 12:11:58,863 [Worker-28: Building] INFO  o.a.m.s.f.DefaultMavenResourcesFiltering - Copying 0 resource from src\test\resources to target\test-classes
2026-05-25 12:11:58,864 [Worker-28: Building] INFO  o.e.m.w.i.f.ResourceFilteringBuildParticipant - Changed resources require a complete clean of filtered resources of Note_Taker
2026-05-25 12:11:58,864 [Worker-28: Building] INFO  o.e.m.w.i.f.ResourceFilteringBuildParticipant - Executing resource filtering for Note_Taker
2026-05-25 12:11:58,987 [Worker-28: Building] INFO  o.a.m.s.f.DefaultMavenResourcesFiltering - Copying 0 resource from src\main\resources to target\classes
2026-05-25 12:11:58,993 [Worker-28: Building] INFO  o.a.m.s.f.DefaultMavenResourcesFiltering - Copying 0 resource from src\test\resources to target\test-classes
2026-05-25 12:11:58,995 [Worker-28: Building] INFO  o.e.m.w.i.f.ResourceFilteringBuildParticipant - Changed resources require a complete clean of filtered resources of Online_Expanse_Tracker
2026-05-25 12:11:58,995 [Worker-28: Building] INFO  o.e.m.w.i.f.ResourceFilteringBuildParticipant - Executing resource filtering for Online_Expanse_Tracker
2026-05-25 12:11:59,231 [Worker-28: Building] INFO  o.a.m.s.f.DefaultMavenResourcesFiltering - Copying 1 resource from src\main\resources to target\classes
2026-05-25 12:11:59,240 [Worker-28: Building] INFO  o.a.m.s.f.DefaultMavenResourcesFiltering - Copying 0 resource from src\test\resources to target\test-classes
2026-05-25 12:11:59,241 [Worker-28: Building] INFO  o.e.m.w.i.f.ResourceFilteringBuildParticipant - Changed resources require a complete clean of filtered resources of Registraion_Form
2026-05-25 12:11:59,241 [Worker-28: Building] INFO  o.e.m.w.i.f.ResourceFilteringBuildParticipant - Executing resource filtering for Registraion_Form
2026-05-25 12:11:59,457 [Worker-28: Building] WARN  o.a.m.s.f.DefaultMavenResourcesFiltering - Using platform encoding (UTF-8 actually) to copy filtered resources, i.e. build is platform dependent!
2026-05-25 12:11:59,460 [Worker-28: Building] INFO  o.a.m.s.f.DefaultMavenResourcesFiltering - Copying 0 resource from src\main\resources to target\classes
2026-05-25 12:11:59,465 [Worker-28: Building] WARN  o.a.m.s.f.DefaultMavenResourcesFiltering - Using platform encoding (UTF-8 actually) to copy filtered resources, i.e. build is platform dependent!
2026-05-25 12:11:59,468 [Worker-28: Building] INFO  o.a.m.s.f.DefaultMavenResourcesFiltering - Copying 0 resource from src\test\resources to target\test-classes
2026-05-25 12:11:59,469 [Worker-28: Building] INFO  o.e.m.w.i.f.ResourceFilteringBuildParticipant - Changed resources require a complete clean of filtered resources of Search_App
2026-05-25 12:11:59,469 [Worker-28: Building] INFO  o.e.m.w.i.f.ResourceFilteringBuildParticipant - Executing resource filtering for Search_App
2026-05-25 12:13:04,947 [Worker-8: Loading available Gradle versions] INFO  o.e.b.c.i.u.g.PublishedGradleVersions - Gradle version information cache is up-to-date. Trying to read.
2026-05-25 12:13:50,685 [Worker-18: Updating Maven Project] INFO  o.e.m.c.i.p.ProjectConfigurationManager - Update started
2026-05-25 12:13:52,042 [Worker-18: Updating Maven Project] INFO  o.e.m.c.i.l.LifecycleMappingFactory - Using org.maven.ide.eclipse.wtp.WarLifecycleMapping lifecycle mapping for MavenProject: com.todo:NoteTaker:0.0.1-SNAPSHOT @ D:\Java_Project\Note_Taker\pom.xml.
2026-05-25 12:13:52,576 [Worker-18: Updating Maven Project] INFO  o.e.m.c.i.l.LifecycleMappingFactory - Using org.maven.ide.eclipse.wtp.WarLifecycleMapping lifecycle mapping for MavenProject: com.tracker:Online_Expanse_Tracker:0.0.1-SNAPSHOT @ D:\Java_Project\Online_Expanse_Tracker\pom.xml.
2026-05-25 12:13:52,731 [Worker-18: Updating Maven Project] INFO  o.e.m.c.i.l.LifecycleMappingFactory - Using org.maven.ide.eclipse.wtp.WarLifecycleMapping lifecycle mapping for MavenProject: com.form:Registration_Form:0.0.1-SNAPSHOT @ D:\Java_Project\Registraion_Form\pom.xml.
2026-05-25 12:13:53,032 [Worker-18: Updating Maven Project] INFO  o.e.m.c.i.l.LifecycleMappingFactory - Using org.maven.ide.eclipse.wtp.WarLifecycleMapping lifecycle mapping for MavenProject: com.searchapp:SearchApp:0.0.1-SNAPSHOT @ D:\Java_Project\Search_App\pom.xml.
2026-05-25 12:13:56,415 [Worker-18: Updating Maven Project] INFO  o.e.m.j.i.AbstractJavaProjectConfigurator - Adding source folder /Note_Taker/src/main/java
2026-05-25 12:13:56,423 [Worker-18: Updating Maven Project] INFO  o.e.m.j.i.AbstractJavaProjectConfigurator - Adding resource folder /Note_Taker/src/main/resources
2026-05-25 12:13:56,426 [Worker-18: Updating Maven Project] INFO  o.e.m.j.i.AbstractJavaProjectConfigurator - Adding source folder /Note_Taker/src/test/java
2026-05-25 12:13:56,429 [Worker-18: Updating Maven Project] INFO  o.e.m.j.i.AbstractJavaProjectConfigurator - Adding resource folder /Note_Taker/src/test/resources
2026-05-25 12:13:58,564 [Worker-18: Updating Maven Project] INFO  o.e.m.j.i.AbstractJavaProjectConfigurator - Adding source folder /Online_Expanse_Tracker/src/main/java
2026-05-25 12:13:58,567 [Worker-18: Updating Maven Project] INFO  o.e.m.j.i.AbstractJavaProjectConfigurator - Adding resource folder /Online_Expanse_Tracker/src/main/resources
2026-05-25 12:13:58,568 [Worker-18: Updating Maven Project] INFO  o.e.m.j.i.AbstractJavaProjectConfigurator - Adding source folder /Online_Expanse_Tracker/src/test/java
2026-05-25 12:13:58,571 [Worker-18: Updating Maven Project] INFO  o.e.m.j.i.AbstractJavaProjectConfigurator - Adding resource folder /Online_Expanse_Tracker/src/test/resources
2026-05-25 12:13:59,453 [Worker-18: Updating Maven Project] INFO  o.e.m.j.i.AbstractJavaProjectConfigurator - Adding source folder /Registraion_Form/src/main/java
2026-05-25 12:13:59,456 [Worker-18: Updating Maven Project] INFO  o.e.m.j.i.AbstractJavaProjectConfigurator - Adding resource folder /Registraion_Form/src/main/resources
2026-05-25 12:13:59,458 [Worker-18: Updating Maven Project] INFO  o.e.m.j.i.AbstractJavaProjectConfigurator - Adding source folder /Registraion_Form/src/test/java
2026-05-25 12:13:59,461 [Worker-18: Updating Maven Project] INFO  o.e.m.j.i.AbstractJavaProjectConfigurator - Adding resource folder /Registraion_Form/src/test/resources
2026-05-25 12:14:00,787 [Worker-18: Updating Maven Project] INFO  o.e.m.j.i.AbstractJavaProjectConfigurator - Adding source folder /Search_App/src/main/java
2026-05-25 12:14:00,790 [Worker-18: Updating Maven Project] INFO  o.e.m.j.i.AbstractJavaProjectConfigurator - Adding resource folder /Search_App/src/main/resources
2026-05-25 12:14:00,792 [Worker-18: Updating Maven Project] INFO  o.e.m.j.i.AbstractJavaProjectConfigurator - Adding source folder /Search_App/src/test/java
2026-05-25 12:14:00,795 [Worker-18: Updating Maven Project] INFO  o.e.m.j.i.AbstractJavaProjectConfigurator - Adding resource folder /Search_App/src/test/resources
2026-05-25 12:14:02,796 [Worker-18: Updating Maven Project] INFO  o.e.m.w.i.f.ResourceFilteringBuildParticipant - Cleaning filtered folder for Note_Taker
2026-05-25 12:14:02,925 [Worker-18: Updating Maven Project] INFO  o.e.m.w.i.f.ResourceFilteringBuildParticipant - Cleaning filtered folder for Online_Expanse_Tracker
2026-05-25 12:14:03,062 [Worker-18: Updating Maven Project] INFO  o.e.m.w.i.f.ResourceFilteringBuildParticipant - Cleaning filtered folder for Registraion_Form
2026-05-25 12:14:03,201 [Worker-18: Updating Maven Project] INFO  o.e.m.w.i.f.ResourceFilteringBuildParticipant - Cleaning filtered folder for Search_App
2026-05-25 12:14:03,282 [Worker-18: Updating Maven Project] INFO  o.e.m.c.i.p.ProjectConfigurationManager - Update completed for 4 poms: local refresh takes 0.00 sec, refresh facades takes 5.00 sec, update config takes 6.00 sec 
2026-05-25 12:14:04,711 [Worker-5: Building] WARN  o.a.m.s.f.DefaultMavenResourcesFiltering - Using platform encoding (UTF-8 actually) to copy filtered resources, i.e. build is platform dependent!
2026-05-25 12:14:04,751 [Worker-5: Building] INFO  o.a.m.s.f.DefaultMavenResourcesFiltering - Copying 2 resources from src\main\resources to target\classes
2026-05-25 12:14:04,786 [Worker-5: Building] WARN  o.a.m.s.f.DefaultMavenResourcesFiltering - Using platform encoding (UTF-8 actually) to copy filtered resources, i.e. build is platform dependent!
2026-05-25 12:14:04,790 [Worker-5: Building] INFO  o.a.m.s.f.DefaultMavenResourcesFiltering - Copying 0 resource from src\test\resources to target\test-classes
2026-05-25 12:14:04,791 [Worker-5: Building] INFO  o.e.m.w.i.f.ResourceFilteringBuildParticipant - Changed resources require a complete clean of filtered resources of Note_Taker
2026-05-25 12:14:04,796 [Worker-5: Building] INFO  o.e.m.w.i.f.ResourceFilteringBuildParticipant - Executing resource filtering for Note_Taker
2026-05-25 12:14:07,281 [Worker-5: Building] INFO  o.a.m.s.f.DefaultMavenResourcesFiltering - Copying 0 resource from src\main\resources to target\classes
2026-05-25 12:14:07,289 [Worker-5: Building] INFO  o.a.m.s.f.DefaultMavenResourcesFiltering - Copying 0 resource from src\test\resources to target\test-classes
2026-05-25 12:14:07,290 [Worker-5: Building] INFO  o.e.m.w.i.f.ResourceFilteringBuildParticipant - Changed resources require a complete clean of filtered resources of Online_Expanse_Tracker
2026-05-25 12:14:07,290 [Worker-5: Building] INFO  o.e.m.w.i.f.ResourceFilteringBuildParticipant - Executing resource filtering for Online_Expanse_Tracker
2026-05-25 12:14:08,084 [Worker-5: Building] INFO  o.a.m.s.f.DefaultMavenResourcesFiltering - Copying 1 resource from src\main\resources to target\classes
2026-05-25 12:14:08,098 [Worker-5: Building] INFO  o.a.m.s.f.DefaultMavenResourcesFiltering - Copying 0 resource from src\test\resources to target\test-classes
2026-05-25 12:14:08,100 [Worker-5: Building] INFO  o.e.m.w.i.f.ResourceFilteringBuildParticipant - Changed resources require a complete clean of filtered resources of Registraion_Form
2026-05-25 12:14:08,100 [Worker-5: Building] INFO  o.e.m.w.i.f.ResourceFilteringBuildParticipant - Executing resource filtering for Registraion_Form
2026-05-25 12:14:08,605 [Worker-5: Building] WARN  o.a.m.s.f.DefaultMavenResourcesFiltering - Using platform encoding (UTF-8 actually) to copy filtered resources, i.e. build is platform dependent!
2026-05-25 12:14:08,608 [Worker-5: Building] INFO  o.a.m.s.f.DefaultMavenResourcesFiltering - Copying 0 resource from src\main\resources to target\classes
2026-05-25 12:14:08,615 [Worker-5: Building] WARN  o.a.m.s.f.DefaultMavenResourcesFiltering - Using platform encoding (UTF-8 actually) to copy filtered resources, i.e. build is platform dependent!
2026-05-25 12:14:08,618 [Worker-5: Building] INFO  o.a.m.s.f.DefaultMavenResourcesFiltering - Copying 0 resource from src\test\resources to target\test-classes
2026-05-25 12:14:08,619 [Worker-5: Building] INFO  o.e.m.w.i.f.ResourceFilteringBuildParticipant - Changed resources require a complete clean of filtered resources of Search_App
2026-05-25 12:14:08,620 [Worker-5: Building] INFO  o.e.m.w.i.f.ResourceFilteringBuildParticipant - Executing resource filtering for Search_App
2026-05-25 12:15:54,265 [Worker-3: Validation] WARN  o.a.m.s.f.DefaultMavenResourcesFiltering - Using platform encoding (UTF-8 actually) to copy filtered resources, i.e. build is platform dependent!
2026-05-25 12:15:54,268 [Worker-3: Validation] INFO  o.a.m.s.f.DefaultMavenResourcesFiltering - Copying 2 resources from src\main\resources to target\classes
2026-05-25 12:15:54,284 [Worker-3: Validation] WARN  o.a.m.s.f.DefaultMavenResourcesFiltering - Using platform encoding (UTF-8 actually) to copy filtered resources, i.e. build is platform dependent!
2026-05-25 12:15:54,287 [Worker-3: Validation] INFO  o.a.m.s.f.DefaultMavenResourcesFiltering - Copying 0 resource from src\test\resources to target\test-classes
2026-05-25 12:15:54,419 [Worker-3: Validation] INFO  o.a.m.s.f.DefaultMavenResourcesFiltering - Copying 0 resource from src\main\resources to target\classes
2026-05-25 12:15:54,426 [Worker-3: Validation] INFO  o.a.m.s.f.DefaultMavenResourcesFiltering - Copying 0 resource from src\test\resources to target\test-classes
2026-05-25 12:15:54,769 [Worker-3: Validation] INFO  o.a.m.s.f.DefaultMavenResourcesFiltering - Copying 1 resource from src\main\resources to target\classes
2026-05-25 12:15:54,783 [Worker-3: Validation] INFO  o.a.m.s.f.DefaultMavenResourcesFiltering - Copying 0 resource from src\test\resources to target\test-classes
2026-05-25 12:15:55,133 [Worker-3: Validation] WARN  o.a.m.s.f.DefaultMavenResourcesFiltering - Using platform encoding (UTF-8 actually) to copy filtered resources, i.e. build is platform dependent!
2026-05-25 12:15:55,160 [Worker-3: Validation] INFO  o.a.m.s.f.DefaultMavenResourcesFiltering - Copying 0 resource from src\main\resources to target\classes
2026-05-25 12:15:55,168 [Worker-3: Validation] WARN  o.a.m.s.f.DefaultMavenResourcesFiltering - Using platform encoding (UTF-8 actually) to copy filtered resources, i.e. build is platform dependent!
2026-05-25 12:15:55,171 [Worker-3: Validation] INFO  o.a.m.s.f.DefaultMavenResourcesFiltering - Copying 0 resource from src\test\resources to target\test-classes
2026-05-25 12:16:10,350 [Worker-17: Validation] WARN  o.a.m.s.f.DefaultMavenResourcesFiltering - Using platform encoding (UTF-8 actually) to copy filtered resources, i.e. build is platform dependent!
2026-05-25 12:16:10,353 [Worker-17: Validation] INFO  o.a.m.s.f.DefaultMavenResourcesFiltering - Copying 2 resources from src\main\resources to target\classes
2026-05-25 12:16:10,370 [Worker-17: Validation] WARN  o.a.m.s.f.DefaultMavenResourcesFiltering - Using platform encoding (UTF-8 actually) to copy filtered resources, i.e. build is platform dependent!
2026-05-25 12:16:10,374 [Worker-17: Validation] INFO  o.a.m.s.f.DefaultMavenResourcesFiltering - Copying 0 resource from src\test\resources to target\test-classes
2026-05-25 12:16:10,573 [Worker-17: Validation] INFO  o.a.m.s.f.DefaultMavenResourcesFiltering - Copying 0 resource from src\main\resources to target\classes
2026-05-25 12:16:10,580 [Worker-17: Validation] INFO  o.a.m.s.f.DefaultMavenResourcesFiltering - Copying 0 resource from src\test\resources to target\test-classes
2026-05-25 12:16:10,901 [Worker-17: Validation] INFO  o.a.m.s.f.DefaultMavenResourcesFiltering - Copying 1 resource from src\main\resources to target\classes
2026-05-25 12:16:10,915 [Worker-17: Validation] INFO  o.a.m.s.f.DefaultMavenResourcesFiltering - Copying 0 resource from src\test\resources to target\test-classes
2026-05-25 12:16:11,189 [Worker-17: Validation] WARN  o.a.m.s.f.DefaultMavenResourcesFiltering - Using platform encoding (UTF-8 actually) to copy filtered resources, i.e. build is platform dependent!
2026-05-25 12:16:11,192 [Worker-17: Validation] INFO  o.a.m.s.f.DefaultMavenResourcesFiltering - Copying 0 resource from src\main\resources to target\classes
2026-05-25 12:16:11,197 [Worker-17: Validation] WARN  o.a.m.s.f.DefaultMavenResourcesFiltering - Using platform encoding (UTF-8 actually) to copy filtered resources, i.e. build is platform dependent!
2026-05-25 12:16:11,200 [Worker-17: Validation] INFO  o.a.m.s.f.DefaultMavenResourcesFiltering - Copying 0 resource from src\test\resources to target\test-classes
2026-05-25 12:17:17,194 [Worker-5: Loading available Gradle versions] INFO  o.e.b.c.i.u.g.PublishedGradleVersions - Gradle version information cache is up-to-date. Trying to read.
2026-05-25 12:17:59,137 [Worker-2: Validation] WARN  o.a.m.s.f.DefaultMavenResourcesFiltering - Using platform encoding (UTF-8 actually) to copy filtered resources, i.e. build is platform dependent!
2026-05-25 12:17:59,169 [Worker-2: Validation] INFO  o.a.m.s.f.DefaultMavenResourcesFiltering - Copying 2 resources from src\main\resources to target\classes
2026-05-25 12:17:59,211 [Worker-2: Validation] WARN  o.a.m.s.f.DefaultMavenResourcesFiltering - Using platform encoding (UTF-8 actually) to copy filtered resources, i.e. build is platform dependent!
2026-05-25 12:17:59,214 [Worker-2: Validation] INFO  o.a.m.s.f.DefaultMavenResourcesFiltering - Copying 0 resource from src\test\resources to target\test-classes
2026-05-25 12:18:01,320 [Worker-2: Validation] INFO  o.a.m.s.f.DefaultMavenResourcesFiltering - Copying 0 resource from src\main\resources to target\classes
2026-05-25 12:18:01,330 [Worker-2: Validation] INFO  o.a.m.s.f.DefaultMavenResourcesFiltering - Copying 0 resource from src\test\resources to target\test-classes
2026-05-25 12:18:02,055 [Worker-2: Validation] INFO  o.a.m.s.f.DefaultMavenResourcesFiltering - Copying 1 resource from src\main\resources to target\classes
2026-05-25 12:18:02,067 [Worker-2: Validation] INFO  o.a.m.s.f.DefaultMavenResourcesFiltering - Copying 0 resource from src\test\resources to target\test-classes
2026-05-25 12:18:02,552 [Worker-2: Validation] WARN  o.a.m.s.f.DefaultMavenResourcesFiltering - Using platform encoding (UTF-8 actually) to copy filtered resources, i.e. build is platform dependent!
2026-05-25 12:18:02,556 [Worker-2: Validation] INFO  o.a.m.s.f.DefaultMavenResourcesFiltering - Copying 0 resource from src\main\resources to target\classes
2026-05-25 12:18:02,565 [Worker-2: Validation] WARN  o.a.m.s.f.DefaultMavenResourcesFiltering - Using platform encoding (UTF-8 actually) to copy filtered resources, i.e. build is platform dependent!
2026-05-25 12:18:02,569 [Worker-2: Validation] INFO  o.a.m.s.f.DefaultMavenResourcesFiltering - Copying 0 resource from src\test\resources to target\test-classes
2026-05-25 12:20:23,204 [Worker-15: Building] INFO  o.a.m.s.f.DefaultMavenResourcesFiltering - Copying 0 resource from src\main\resources to target\classes
2026-05-25 12:20:23,218 [Worker-15: Building] INFO  o.a.m.s.f.DefaultMavenResourcesFiltering - Copying 0 resource from src\test\resources to target\test-classes
2026-05-25 12:20:50,900 [Worker-7: Building] INFO  o.a.m.s.f.DefaultMavenResourcesFiltering - Copying 0 resource from src\main\resources to target\classes
2026-05-25 12:20:50,912 [Worker-7: Building] INFO  o.a.m.s.f.DefaultMavenResourcesFiltering - Copying 0 resource from src\test\resources to target\test-classes
2026-05-25 12:22:13,080 [Worker-7: Building] INFO  o.a.m.s.f.DefaultMavenResourcesFiltering - Copying 1 resource from src\main\resources to target\classes
2026-05-25 12:22:13,094 [Worker-7: Building] INFO  o.a.m.s.f.DefaultMavenResourcesFiltering - Copying 0 resource from src\test\resources to target\test-classes
2026-05-25 12:22:35,885 [Worker-10: Updating Maven Project] INFO  o.e.m.c.i.p.ProjectConfigurationManager - Update started
2026-05-25 12:22:36,762 [Worker-10: Updating Maven Project] INFO  o.e.m.c.i.l.LifecycleMappingFactory - Using org.maven.ide.eclipse.wtp.WarLifecycleMapping lifecycle mapping for MavenProject: com.form:Registration_Form:0.0.1-SNAPSHOT @ D:\Java_Project\Registraion_Form\pom.xml.
2026-05-25 12:22:37,164 [Worker-10: Updating Maven Project] INFO  o.e.m.c.i.l.LifecycleMappingFactory - Using org.maven.ide.eclipse.wtp.WarLifecycleMapping lifecycle mapping for MavenProject: com.tracker:Online_Expanse_Tracker:0.0.1-SNAPSHOT @ D:\Java_Project\Online_Expanse_Tracker\pom.xml.
2026-05-25 12:22:37,477 [Worker-10: Updating Maven Project] INFO  o.e.m.c.i.l.LifecycleMappingFactory - Using org.maven.ide.eclipse.wtp.WarLifecycleMapping lifecycle mapping for MavenProject: com.todo:NoteTaker:0.0.1-SNAPSHOT @ D:\Java_Project\Note_Taker\pom.xml.
2026-05-25 12:22:37,622 [Worker-10: Updating Maven Project] INFO  o.e.m.c.i.l.LifecycleMappingFactory - Using org.maven.ide.eclipse.wtp.WarLifecycleMapping lifecycle mapping for MavenProject: com.searchapp:SearchApp:0.0.1-SNAPSHOT @ D:\Java_Project\Search_App\pom.xml.
2026-05-25 12:22:40,577 [Worker-10: Updating Maven Project] INFO  o.e.m.j.i.AbstractJavaProjectConfigurator - Adding source folder /Registraion_Form/src/main/java
2026-05-25 12:22:40,584 [Worker-10: Updating Maven Project] INFO  o.e.m.j.i.AbstractJavaProjectConfigurator - Adding resource folder /Registraion_Form/src/main/resources
2026-05-25 12:22:40,587 [Worker-10: Updating Maven Project] INFO  o.e.m.j.i.AbstractJavaProjectConfigurator - Adding source folder /Registraion_Form/src/test/java
2026-05-25 12:22:40,590 [Worker-10: Updating Maven Project] INFO  o.e.m.j.i.AbstractJavaProjectConfigurator - Adding resource folder /Registraion_Form/src/test/resources
2026-05-25 12:22:42,318 [Worker-10: Updating Maven Project] INFO  o.e.m.w.i.f.ResourceFilteringBuildParticipant - Cleaning filtered folder for Registraion_Form
2026-05-25 12:22:42,380 [Worker-10: Updating Maven Project] INFO  o.e.m.c.i.p.ProjectConfigurationManager - Update completed for 1 poms: local refresh takes 0.00 sec, refresh facades takes 4.00 sec, update config takes 1.00 sec 
2026-05-25 12:22:42,924 [Worker-10: Building] INFO  o.a.m.s.f.DefaultMavenResourcesFiltering - Copying 1 resource from src\main\resources to target\classes
2026-05-25 12:22:42,946 [Worker-10: Building] INFO  o.a.m.s.f.DefaultMavenResourcesFiltering - Copying 0 resource from src\test\resources to target\test-classes
2026-05-25 12:22:42,947 [Worker-10: Building] INFO  o.e.m.w.i.f.ResourceFilteringBuildParticipant - Changed resources require a complete clean of filtered resources of Registraion_Form
2026-05-25 12:22:42,950 [Worker-10: Building] INFO  o.e.m.w.i.f.ResourceFilteringBuildParticipant - Executing resource filtering for Registraion_Form
2026-05-25 12:30:55,715 [Worker-15: Building] INFO  o.a.m.s.f.DefaultMavenResourcesFiltering - Copying 0 resource from src\main\resources to target\classes
2026-05-25 12:30:55,721 [Worker-15: Building] INFO  o.a.m.s.f.DefaultMavenResourcesFiltering - Copying 0 resource from src\test\resources to target\test-classes
2026-05-25 12:31:36,870 [Worker-21: Building] INFO  o.a.m.s.f.DefaultMavenResourcesFiltering - Copying 0 resource from src\main\resources to target\classes
2026-05-25 12:31:36,878 [Worker-21: Building] INFO  o.a.m.s.f.DefaultMavenResourcesFiltering - Copying 0 resource from src\test\resources to target\test-classes
2026-05-25 12:31:47,620 [Worker-23: Building] INFO  o.a.m.s.f.DefaultMavenResourcesFiltering - Copying 0 resource from src\main\resources to target\classes
2026-05-25 12:31:47,629 [Worker-23: Building] INFO  o.a.m.s.f.DefaultMavenResourcesFiltering - Copying 0 resource from src\test\resources to target\test-classes
2026-05-25 12:36:22,455 [Worker-10: Building] INFO  o.a.m.s.f.DefaultMavenResourcesFiltering - Copying 0 resource from src\main\resources to target\classes
2026-05-25 12:36:22,462 [Worker-10: Building] INFO  o.a.m.s.f.DefaultMavenResourcesFiltering - Copying 0 resource from src\test\resources to target\test-classes
2026-05-25 12:37:04,197 [Worker-23: Building] INFO  o.a.m.s.f.DefaultMavenResourcesFiltering - Copying 0 resource from src\main\resources to target\classes
2026-05-25 12:37:04,203 [Worker-23: Building] INFO  o.a.m.s.f.DefaultMavenResourcesFiltering - Copying 0 resource from src\test\resources to target\test-classes
2026-05-25 12:37:18,826 [Worker-21: Building] INFO  o.a.m.s.f.DefaultMavenResourcesFiltering - Copying 0 resource from src\main\resources to target\classes
2026-05-25 12:37:18,832 [Worker-21: Building] INFO  o.a.m.s.f.DefaultMavenResourcesFiltering - Copying 0 resource from src\test\resources to target\test-classes
2026-05-25 12:40:06,138 [Worker-25: Building] INFO  o.a.m.s.f.DefaultMavenResourcesFiltering - Copying 0 resource from src\main\resources to target\classes
2026-05-25 12:40:06,147 [Worker-25: Building] INFO  o.a.m.s.f.DefaultMavenResourcesFiltering - Copying 0 resource from src\test\resources to target\test-classes
2026-05-25 12:40:47,980 [Worker-25: Building] INFO  o.a.m.s.f.DefaultMavenResourcesFiltering - Copying 0 resource from src\main\resources to target\classes
2026-05-25 12:40:47,986 [Worker-25: Building] INFO  o.a.m.s.f.DefaultMavenResourcesFiltering - Copying 0 resource from src\test\resources to target\test-classes
2026-05-25 12:41:17,971 [Worker-25: Building] INFO  o.a.m.s.f.DefaultMavenResourcesFiltering - Copying 0 resource from src\main\resources to target\classes
2026-05-25 12:41:17,976 [Worker-25: Building] INFO  o.a.m.s.f.DefaultMavenResourcesFiltering - Copying 0 resource from src\test\resources to target\test-classes
2026-05-25 12:41:32,025 [Worker-25: Building] INFO  o.a.m.s.f.DefaultMavenResourcesFiltering - Copying 0 resource from src\main\resources to target\classes
2026-05-25 12:41:32,029 [Worker-25: Building] INFO  o.a.m.s.f.DefaultMavenResourcesFiltering - Copying 0 resource from src\test\resources to target\test-classes
2026-05-25 12:42:47,229 [Worker-23: Building] INFO  o.a.m.s.f.DefaultMavenResourcesFiltering - Copying 0 resource from src\main\resources to target\classes
2026-05-25 12:42:47,234 [Worker-23: Building] INFO  o.a.m.s.f.DefaultMavenResourcesFiltering - Copying 0 resource from src\test\resources to target\test-classes
2026-05-25 12:43:06,947 [Worker-10: Building] INFO  o.a.m.s.f.DefaultMavenResourcesFiltering - Copying 0 resource from src\main\resources to target\classes
2026-05-25 12:43:06,954 [Worker-10: Building] INFO  o.a.m.s.f.DefaultMavenResourcesFiltering - Copying 0 resource from src\test\resources to target\test-classes
2026-05-25 12:43:34,325 [Worker-21: Building] INFO  o.a.m.s.f.DefaultMavenResourcesFiltering - Copying 0 resource from src\main\resources to target\classes
2026-05-25 12:43:34,331 [Worker-21: Building] INFO  o.a.m.s.f.DefaultMavenResourcesFiltering - Copying 0 resource from src\test\resources to target\test-classes
2026-05-25 12:43:41,559 [Worker-21: Building] INFO  o.a.m.s.f.DefaultMavenResourcesFiltering - Copying 0 resource from src\main\resources to target\classes
2026-05-25 12:43:41,565 [Worker-21: Building] INFO  o.a.m.s.f.DefaultMavenResourcesFiltering - Copying 0 resource from src\test\resources to target\test-classes
2026-05-25 12:43:51,827 [Worker-25: Building] INFO  o.a.m.s.f.DefaultMavenResourcesFiltering - Copying 0 resource from src\main\resources to target\classes
2026-05-25 12:43:51,834 [Worker-25: Building] INFO  o.a.m.s.f.DefaultMavenResourcesFiltering - Copying 0 resource from src\test\resources to target\test-classes
2026-05-25 12:44:05,086 [Worker-10: Building] INFO  o.a.m.s.f.DefaultMavenResourcesFiltering - Copying 0 resource from src\main\resources to target\classes
2026-05-25 12:44:05,093 [Worker-10: Building] INFO  o.a.m.s.f.DefaultMavenResourcesFiltering - Copying 0 resource from src\test\resources to target\test-classes
2026-05-25 12:44:14,157 [Worker-3: Building] INFO  o.a.m.s.f.DefaultMavenResourcesFiltering - Copying 0 resource from src\main\resources to target\classes
2026-05-25 12:44:14,163 [Worker-3: Building] INFO  o.a.m.s.f.DefaultMavenResourcesFiltering - Copying 0 resource from src\test\resources to target\test-classes
2026-05-25 12:46:36,653 [Worker-26: Building] INFO  o.a.m.s.f.DefaultMavenResourcesFiltering - Copying 0 resource from src\main\resources to target\classes
2026-05-25 12:46:36,660 [Worker-26: Building] INFO  o.a.m.s.f.DefaultMavenResourcesFiltering - Copying 0 resource from src\test\resources to target\test-classes
2026-05-25 12:47:27,203 [Worker-25: Building] INFO  o.a.m.s.f.DefaultMavenResourcesFiltering - Copying 0 resource from src\main\resources to target\classes
2026-05-25 12:47:27,208 [Worker-25: Building] INFO  o.a.m.s.f.DefaultMavenResourcesFiltering - Copying 0 resource from src\test\resources to target\test-classes
2026-05-25 12:48:13,048 [Worker-3: Building] INFO  o.a.m.s.f.DefaultMavenResourcesFiltering - Copying 0 resource from src\main\resources to target\classes
2026-05-25 12:48:13,056 [Worker-3: Building] INFO  o.a.m.s.f.DefaultMavenResourcesFiltering - Copying 0 resource from src\test\resources to target\test-classes
2026-05-25 12:48:47,507 [Worker-3: Building] INFO  o.a.m.s.f.DefaultMavenResourcesFiltering - Copying 0 resource from src\main\resources to target\classes
2026-05-25 12:48:47,516 [Worker-3: Building] INFO  o.a.m.s.f.DefaultMavenResourcesFiltering - Copying 0 resource from src\test\resources to target\test-classes
2026-05-25 12:48:58,252 [Worker-25: Building] INFO  o.a.m.s.f.DefaultMavenResourcesFiltering - Copying 0 resource from src\main\resources to target\classes
2026-05-25 12:48:58,256 [Worker-25: Building] INFO  o.a.m.s.f.DefaultMavenResourcesFiltering - Copying 0 resource from src\test\resources to target\test-classes
2026-05-25 12:50:08,297 [Worker-26: Building] INFO  o.a.m.s.f.DefaultMavenResourcesFiltering - Copying 0 resource from src\main\resources to target\classes
2026-05-25 12:50:08,302 [Worker-26: Building] INFO  o.a.m.s.f.DefaultMavenResourcesFiltering - Copying 0 resource from src\test\resources to target\test-classes
2026-05-25 12:50:30,214 [Worker-3: Building] INFO  o.a.m.s.f.DefaultMavenResourcesFiltering - Copying 0 resource from src\main\resources to target\classes
2026-05-25 12:50:30,222 [Worker-3: Building] INFO  o.a.m.s.f.DefaultMavenResourcesFiltering - Copying 0 resource from src\test\resources to target\test-classes
2026-05-25 12:52:15,063 [Worker-25: Building] INFO  o.a.m.s.f.DefaultMavenResourcesFiltering - Copying 0 resource from src\main\resources to target\classes
2026-05-25 12:52:15,071 [Worker-25: Building] INFO  o.a.m.s.f.DefaultMavenResourcesFiltering - Copying 0 resource from src\test\resources to target\test-classes
2026-05-25 12:54:37,601 [Worker-23: Building] INFO  o.a.m.s.f.DefaultMavenResourcesFiltering - Copying 0 resource from src\main\resources to target\classes
2026-05-25 12:54:37,606 [Worker-23: Building] INFO  o.a.m.s.f.DefaultMavenResourcesFiltering - Copying 0 resource from src\test\resources to target\test-classes
2026-05-25 12:56:29,281 [Worker-25: Building] INFO  o.a.m.s.f.DefaultMavenResourcesFiltering - Copying 0 resource from src\main\resources to target\classes
2026-05-25 12:56:29,288 [Worker-25: Building] INFO  o.a.m.s.f.DefaultMavenResourcesFiltering - Copying 0 resource from src\test\resources to target\test-classes
2026-05-25 12:56:36,966 [Worker-25: Building] INFO  o.a.m.s.f.DefaultMavenResourcesFiltering - Copying 0 resource from src\main\resources to target\classes
2026-05-25 12:56:36,973 [Worker-25: Building] INFO  o.a.m.s.f.DefaultMavenResourcesFiltering - Copying 0 resource from src\test\resources to target\test-classes
2026-05-25 12:57:03,513 [Worker-3: Building] INFO  o.a.m.s.f.DefaultMavenResourcesFiltering - Copying 0 resource from src\main\resources to target\classes
2026-05-25 12:57:03,518 [Worker-3: Building] INFO  o.a.m.s.f.DefaultMavenResourcesFiltering - Copying 0 resource from src\test\resources to target\test-classes
2026-05-25 12:58:04,129 [Worker-24: Building] INFO  o.a.m.s.f.DefaultMavenResourcesFiltering - Copying 0 resource from src\main\resources to target\classes
2026-05-25 12:58:04,135 [Worker-24: Building] INFO  o.a.m.s.f.DefaultMavenResourcesFiltering - Copying 0 resource from src\test\resources to target\test-classes
2026-05-25 12:59:20,378 [Worker-15: Building] INFO  o.a.m.s.f.DefaultMavenResourcesFiltering - Copying 0 resource from src\main\resources to target\classes
2026-05-25 12:59:20,383 [Worker-15: Building] INFO  o.a.m.s.f.DefaultMavenResourcesFiltering - Copying 0 resource from src\test\resources to target\test-classes
2026-05-25 12:59:32,851 [Worker-3: Building] INFO  o.a.m.s.f.DefaultMavenResourcesFiltering - Copying 0 resource from src\main\resources to target\classes
2026-05-25 12:59:32,855 [Worker-3: Building] INFO  o.a.m.s.f.DefaultMavenResourcesFiltering - Copying 0 resource from src\test\resources to target\test-classes
2026-05-25 12:59:39,893 [Worker-10: Building] INFO  o.a.m.s.f.DefaultMavenResourcesFiltering - Copying 0 resource from src\main\resources to target\classes
2026-05-25 12:59:39,898 [Worker-10: Building] INFO  o.a.m.s.f.DefaultMavenResourcesFiltering - Copying 0 resource from src\test\resources to target\test-classes
2026-05-25 12:59:47,021 [Worker-10: Building] INFO  o.a.m.s.f.DefaultMavenResourcesFiltering - Copying 0 resource from src\main\resources to target\classes
2026-05-25 12:59:47,027 [Worker-10: Building] INFO  o.a.m.s.f.DefaultMavenResourcesFiltering - Copying 0 resource from src\test\resources to target\test-classes
2026-05-25 12:59:58,283 [Worker-10: Building] INFO  o.a.m.s.f.DefaultMavenResourcesFiltering - Copying 0 resource from src\main\resources to target\classes
2026-05-25 12:59:58,289 [Worker-10: Building] INFO  o.a.m.s.f.DefaultMavenResourcesFiltering - Copying 0 resource from src\test\resources to target\test-classes
2026-05-25 13:00:05,540 [Worker-26: Building] INFO  o.a.m.s.f.DefaultMavenResourcesFiltering - Copying 0 resource from src\main\resources to target\classes
2026-05-25 13:00:05,547 [Worker-26: Building] INFO  o.a.m.s.f.DefaultMavenResourcesFiltering - Copying 0 resource from src\test\resources to target\test-classes
2026-05-25 13:00:22,340 [Worker-25: Building] INFO  o.a.m.s.f.DefaultMavenResourcesFiltering - Copying 0 resource from src\main\resources to target\classes
2026-05-25 13:00:22,346 [Worker-25: Building] INFO  o.a.m.s.f.DefaultMavenResourcesFiltering - Copying 0 resource from src\test\resources to target\test-classes
2026-05-25 13:00:35,113 [Worker-24: Building] INFO  o.a.m.s.f.DefaultMavenResourcesFiltering - Copying 0 resource from src\main\resources to target\classes
2026-05-25 13:00:35,117 [Worker-24: Building] INFO  o.a.m.s.f.DefaultMavenResourcesFiltering - Copying 0 resource from src\test\resources to target\test-classes
2026-05-25 13:00:49,539 [Worker-21: Building] INFO  o.a.m.s.f.DefaultMavenResourcesFiltering - Copying 0 resource from src\main\resources to target\classes
2026-05-25 13:00:49,546 [Worker-21: Building] INFO  o.a.m.s.f.DefaultMavenResourcesFiltering - Copying 0 resource from src\test\resources to target\test-classes
2026-05-25 13:00:58,730 [Worker-23: Building] INFO  o.a.m.s.f.DefaultMavenResourcesFiltering - Copying 0 resource from src\main\resources to target\classes
2026-05-25 13:00:58,736 [Worker-23: Building] INFO  o.a.m.s.f.DefaultMavenResourcesFiltering - Copying 0 resource from src\test\resources to target\test-classes
2026-05-25 13:01:11,848 [Worker-26: Building] INFO  o.a.m.s.f.DefaultMavenResourcesFiltering - Copying 0 resource from src\main\resources to target\classes
2026-05-25 13:01:11,853 [Worker-26: Building] INFO  o.a.m.s.f.DefaultMavenResourcesFiltering - Copying 0 resource from src\test\resources to target\test-classes
2026-05-25 13:03:06,933 [Worker-15: Building] INFO  o.a.m.s.f.DefaultMavenResourcesFiltering - Copying 0 resource from src\main\resources to target\classes
2026-05-25 13:03:06,940 [Worker-15: Building] INFO  o.a.m.s.f.DefaultMavenResourcesFiltering - Copying 0 resource from src\test\resources to target\test-classes
2026-05-25 13:09:37,121 [Worker-25: Building] INFO  o.a.m.s.f.DefaultMavenResourcesFiltering - Copying 0 resource from src\main\resources to target\classes
2026-05-25 13:09:37,126 [Worker-25: Building] INFO  o.a.m.s.f.DefaultMavenResourcesFiltering - Copying 0 resource from src\test\resources to target\test-classes
2026-05-25 13:10:23,639 [Worker-26: Building] INFO  o.a.m.s.f.DefaultMavenResourcesFiltering - Copying 0 resource from src\main\resources to target\classes
2026-05-25 13:10:23,647 [Worker-26: Building] INFO  o.a.m.s.f.DefaultMavenResourcesFiltering - Copying 0 resource from src\test\resources to target\test-classes
2026-05-25 13:10:41,246 [Worker-10: Building] INFO  o.a.m.s.f.DefaultMavenResourcesFiltering - Copying 0 resource from src\main\resources to target\classes
2026-05-25 13:10:41,254 [Worker-10: Building] INFO  o.a.m.s.f.DefaultMavenResourcesFiltering - Copying 0 resource from src\test\resources to target\test-classes
2026-05-25 13:11:01,616 [Worker-24: Building] INFO  o.a.m.s.f.DefaultMavenResourcesFiltering - Copying 0 resource from src\main\resources to target\classes
2026-05-25 13:11:01,623 [Worker-24: Building] INFO  o.a.m.s.f.DefaultMavenResourcesFiltering - Copying 0 resource from src\test\resources to target\test-classes
2026-05-25 13:11:48,214 [Worker-23: Building] INFO  o.a.m.s.f.DefaultMavenResourcesFiltering - Copying 0 resource from src\main\resources to target\classes
2026-05-25 13:11:48,220 [Worker-23: Building] INFO  o.a.m.s.f.DefaultMavenResourcesFiltering - Copying 0 resource from src\test\resources to target\test-classes
2026-05-25 13:14:20,115 [Worker-10: Building] INFO  o.a.m.s.f.DefaultMavenResourcesFiltering - Copying 0 resource from src\main\resources to target\classes
2026-05-25 13:14:20,123 [Worker-10: Building] INFO  o.a.m.s.f.DefaultMavenResourcesFiltering - Copying 0 resource from src\test\resources to target\test-classes
2026-05-25 13:16:18,065 [Worker-25: Building] INFO  o.a.m.s.f.DefaultMavenResourcesFiltering - Copying 0 resource from src\main\resources to target\classes
2026-05-25 13:16:18,070 [Worker-25: Building] INFO  o.a.m.s.f.DefaultMavenResourcesFiltering - Copying 0 resource from src\test\resources to target\test-classes
2026-05-25 13:17:22,005 [Worker-23: Building] INFO  o.a.m.s.f.DefaultMavenResourcesFiltering - Copying 0 resource from src\main\resources to target\classes
2026-05-25 13:17:22,012 [Worker-23: Building] INFO  o.a.m.s.f.DefaultMavenResourcesFiltering - Copying 0 resource from src\test\resources to target\test-classes
2026-05-25 13:17:30,701 [Worker-23: Building] INFO  o.a.m.s.f.DefaultMavenResourcesFiltering - Copying 0 resource from src\main\resources to target\classes
2026-05-25 13:17:30,709 [Worker-23: Building] INFO  o.a.m.s.f.DefaultMavenResourcesFiltering - Copying 0 resource from src\test\resources to target\test-classes
2026-05-25 13:18:01,602 [Worker-24: Building] INFO  o.a.m.s.f.DefaultMavenResourcesFiltering - Copying 0 resource from src\main\resources to target\classes
2026-05-25 13:18:01,608 [Worker-24: Building] INFO  o.a.m.s.f.DefaultMavenResourcesFiltering - Copying 0 resource from src\test\resources to target\test-classes
2026-05-25 13:18:14,569 [Worker-21: Building] INFO  o.a.m.s.f.DefaultMavenResourcesFiltering - Copying 0 resource from src\main\resources to target\classes
2026-05-25 13:18:14,577 [Worker-21: Building] INFO  o.a.m.s.f.DefaultMavenResourcesFiltering - Copying 0 resource from src\test\resources to target\test-classes
2026-05-25 13:18:38,434 [Worker-3: Building] INFO  o.a.m.s.f.DefaultMavenResourcesFiltering - Copying 0 resource from src\main\resources to target\classes
2026-05-25 13:18:38,440 [Worker-3: Building] INFO  o.a.m.s.f.DefaultMavenResourcesFiltering - Copying 0 resource from src\test\resources to target\test-classes
2026-05-25 13:18:42,289 [Worker-26: Building] INFO  o.a.m.s.f.DefaultMavenResourcesFiltering - Copying 0 resource from src\main\resources to target\classes
2026-05-25 13:18:42,296 [Worker-26: Building] INFO  o.a.m.s.f.DefaultMavenResourcesFiltering - Copying 0 resource from src\test\resources to target\test-classes
2026-05-25 13:18:55,135 [Worker-26: Building] INFO  o.a.m.s.f.DefaultMavenResourcesFiltering - Copying 0 resource from src\main\resources to target\classes
2026-05-25 13:18:55,145 [Worker-26: Building] INFO  o.a.m.s.f.DefaultMavenResourcesFiltering - Copying 0 resource from src\test\resources to target\test-classes
2026-05-25 13:19:53,260 [Worker-25: Building] INFO  o.a.m.s.f.DefaultMavenResourcesFiltering - Copying 0 resource from src\main\resources to target\classes
2026-05-25 13:19:53,266 [Worker-25: Building] INFO  o.a.m.s.f.DefaultMavenResourcesFiltering - Copying 0 resource from src\test\resources to target\test-classes
2026-05-25 13:19:57,228 [Worker-15: Building] INFO  o.a.m.s.f.DefaultMavenResourcesFiltering - Copying 0 resource from src\main\resources to target\classes
2026-05-25 13:19:57,236 [Worker-15: Building] INFO  o.a.m.s.f.DefaultMavenResourcesFiltering - Copying 0 resource from src\test\resources to target\test-classes
2026-05-25 13:20:04,583 [Worker-21: Building] INFO  o.a.m.s.f.DefaultMavenResourcesFiltering - Copying 0 resource from src\main\resources to target\classes
2026-05-25 13:20:04,590 [Worker-21: Building] INFO  o.a.m.s.f.DefaultMavenResourcesFiltering - Copying 0 resource from src\test\resources to target\test-classes
2026-05-25 13:20:17,604 [Worker-28: Building] INFO  o.a.m.s.f.DefaultMavenResourcesFiltering - Copying 0 resource from src\main\resources to target\classes
2026-05-25 13:20:17,608 [Worker-28: Building] INFO  o.a.m.s.f.DefaultMavenResourcesFiltering - Copying 0 resource from src\test\resources to target\test-classes
2026-05-25 13:21:19,292 [Worker-15: Building] INFO  o.a.m.s.f.DefaultMavenResourcesFiltering - Copying 0 resource from src\main\resources to target\classes
2026-05-25 13:21:19,300 [Worker-15: Building] INFO  o.a.m.s.f.DefaultMavenResourcesFiltering - Copying 0 resource from src\test\resources to target\test-classes
2026-05-25 13:22:23,636 [Worker-23: Building] INFO  o.a.m.s.f.DefaultMavenResourcesFiltering - Copying 0 resource from src\main\resources to target\classes
2026-05-25 13:22:23,641 [Worker-23: Building] INFO  o.a.m.s.f.DefaultMavenResourcesFiltering - Copying 0 resource from src\test\resources to target\test-classes
2026-05-25 13:23:18,226 [Worker-23: Building] INFO  o.a.m.s.f.DefaultMavenResourcesFiltering - Copying 0 resource from src\main\resources to target\classes
2026-05-25 13:23:18,240 [Worker-23: Building] INFO  o.a.m.s.f.DefaultMavenResourcesFiltering - Copying 0 resource from src\test\resources to target\test-classes
2026-05-25 13:23:23,029 [Worker-3: Building] INFO  o.a.m.s.f.DefaultMavenResourcesFiltering - Copying 0 resource from src\main\resources to target\classes
2026-05-25 13:23:23,036 [Worker-3: Building] INFO  o.a.m.s.f.DefaultMavenResourcesFiltering - Copying 0 resource from src\test\resources to target\test-classes
2026-05-25 13:25:23,993 [Worker-3: Building] INFO  o.a.m.s.f.DefaultMavenResourcesFiltering - Copying 0 resource from src\main\resources to target\classes
2026-05-25 13:25:24,003 [Worker-3: Building] INFO  o.a.m.s.f.DefaultMavenResourcesFiltering - Copying 0 resource from src\test\resources to target\test-classes
2026-05-25 13:25:59,660 [Worker-27: Building] INFO  o.a.m.s.f.DefaultMavenResourcesFiltering - Copying 0 resource from src\main\resources to target\classes
2026-05-25 13:25:59,665 [Worker-27: Building] INFO  o.a.m.s.f.DefaultMavenResourcesFiltering - Copying 0 resource from src\test\resources to target\test-classes
2026-05-25 13:26:38,631 [Worker-10: Building] INFO  o.a.m.s.f.DefaultMavenResourcesFiltering - Copying 0 resource from src\main\resources to target\classes
2026-05-25 13:26:38,637 [Worker-10: Building] INFO  o.a.m.s.f.DefaultMavenResourcesFiltering - Copying 0 resource from src\test\resources to target\test-classes
2026-05-25 13:27:56,473 [Worker-28: Building] INFO  o.a.m.s.f.DefaultMavenResourcesFiltering - Copying 0 resource from src\main\resources to target\classes
2026-05-25 13:27:56,478 [Worker-28: Building] INFO  o.a.m.s.f.DefaultMavenResourcesFiltering - Copying 0 resource from src\test\resources to target\test-classes
2026-05-25 13:28:15,549 [Worker-24: Building] INFO  o.a.m.s.f.DefaultMavenResourcesFiltering - Copying 0 resource from src\main\resources to target\classes
2026-05-25 13:28:15,554 [Worker-24: Building] INFO  o.a.m.s.f.DefaultMavenResourcesFiltering - Copying 0 resource from src\test\resources to target\test-classes
2026-05-25 13:28:23,031 [Worker-15: Building] INFO  o.a.m.s.f.DefaultMavenResourcesFiltering - Copying 0 resource from src\main\resources to target\classes
2026-05-25 13:28:23,035 [Worker-15: Building] INFO  o.a.m.s.f.DefaultMavenResourcesFiltering - Copying 0 resource from src\test\resources to target\test-classes
2026-05-25 13:28:37,128 [Worker-15: Building] INFO  o.a.m.s.f.DefaultMavenResourcesFiltering - Copying 0 resource from src\main\resources to target\classes
2026-05-25 13:28:37,132 [Worker-15: Building] INFO  o.a.m.s.f.DefaultMavenResourcesFiltering - Copying 0 resource from src\test\resources to target\test-classes
2026-05-25 13:28:42,834 [Worker-25: Building] INFO  o.a.m.s.f.DefaultMavenResourcesFiltering - Copying 0 resource from src\main\resources to target\classes
2026-05-25 13:28:42,839 [Worker-25: Building] INFO  o.a.m.s.f.DefaultMavenResourcesFiltering - Copying 0 resource from src\test\resources to target\test-classes
2026-05-25 13:29:20,222 [Worker-27: Building] INFO  o.a.m.s.f.DefaultMavenResourcesFiltering - Copying 0 resource from src\main\resources to target\classes
2026-05-25 13:29:20,228 [Worker-27: Building] INFO  o.a.m.s.f.DefaultMavenResourcesFiltering - Copying 0 resource from src\test\resources to target\test-classes
2026-05-25 13:29:23,299 [Worker-27: Building] INFO  o.a.m.s.f.DefaultMavenResourcesFiltering - Copying 0 resource from src\main\resources to target\classes
2026-05-25 13:29:23,306 [Worker-27: Building] INFO  o.a.m.s.f.DefaultMavenResourcesFiltering - Copying 0 resource from src\test\resources to target\test-classes
2026-05-25 13:29:36,389 [Worker-10: Building] INFO  o.a.m.s.f.DefaultMavenResourcesFiltering - Copying 0 resource from src\main\resources to target\classes
2026-05-25 13:29:36,394 [Worker-10: Building] INFO  o.a.m.s.f.DefaultMavenResourcesFiltering - Copying 0 resource from src\test\resources to target\test-classes
2026-05-25 14:18:56,469 [Worker-26: Building] INFO  o.a.m.s.f.DefaultMavenResourcesFiltering - Copying 0 resource from src\main\resources to target\classes
2026-05-25 14:18:56,476 [Worker-26: Building] INFO  o.a.m.s.f.DefaultMavenResourcesFiltering - Copying 0 resource from src\test\resources to target\test-classes
2026-05-25 14:19:05,515 [Worker-23: Building] INFO  o.a.m.s.f.DefaultMavenResourcesFiltering - Copying 0 resource from src\main\resources to target\classes
2026-05-25 14:19:05,522 [Worker-23: Building] INFO  o.a.m.s.f.DefaultMavenResourcesFiltering - Copying 0 resource from src\test\resources to target\test-classes
2026-05-25 14:24:01,955 [Worker-25: Building] INFO  o.a.m.s.f.DefaultMavenResourcesFiltering - Copying 0 resource from src\main\resources to target\classes
2026-05-25 14:24:01,960 [Worker-25: Building] INFO  o.a.m.s.f.DefaultMavenResourcesFiltering - Copying 0 resource from src\test\resources to target\test-classes
2026-05-25 14:24:09,865 [Worker-26: Building] INFO  o.a.m.s.f.DefaultMavenResourcesFiltering - Copying 0 resource from src\main\resources to target\classes
2026-05-25 14:24:09,871 [Worker-26: Building] INFO  o.a.m.s.f.DefaultMavenResourcesFiltering - Copying 0 resource from src\test\resources to target\test-classes
2026-05-25 14:24:37,825 [Worker-23: Building] INFO  o.a.m.s.f.DefaultMavenResourcesFiltering - Copying 0 resource from src\main\resources to target\classes
2026-05-25 14:24:37,829 [Worker-23: Building] INFO  o.a.m.s.f.DefaultMavenResourcesFiltering - Copying 0 resource from src\test\resources to target\test-classes
2026-05-25 14:25:35,112 [Worker-27: Building] INFO  o.a.m.s.f.DefaultMavenResourcesFiltering - Copying 0 resource from src\main\resources to target\classes
2026-05-25 14:25:35,120 [Worker-27: Building] INFO  o.a.m.s.f.DefaultMavenResourcesFiltering - Copying 0 resource from src\test\resources to target\test-classes
2026-05-25 14:26:17,030 [Worker-27: Building] INFO  o.a.m.s.f.DefaultMavenResourcesFiltering - Copying 0 resource from src\main\resources to target\classes
2026-05-25 14:26:17,036 [Worker-27: Building] INFO  o.a.m.s.f.DefaultMavenResourcesFiltering - Copying 0 resource from src\test\resources to target\test-classes
2026-05-25 14:26:57,224 [Worker-26: Building] INFO  o.a.m.s.f.DefaultMavenResourcesFiltering - Copying 0 resource from src\main\resources to target\classes
2026-05-25 14:26:57,231 [Worker-26: Building] INFO  o.a.m.s.f.DefaultMavenResourcesFiltering - Copying 0 resource from src\test\resources to target\test-classes
2026-05-25 14:27:10,057 [Worker-25: Building] INFO  o.a.m.s.f.DefaultMavenResourcesFiltering - Copying 0 resource from src\main\resources to target\classes
2026-05-25 14:27:10,062 [Worker-25: Building] INFO  o.a.m.s.f.DefaultMavenResourcesFiltering - Copying 0 resource from src\test\resources to target\test-classes
2026-05-25 14:27:46,314 [Worker-23: Building] INFO  o.a.m.s.f.DefaultMavenResourcesFiltering - Copying 0 resource from src\main\resources to target\classes
2026-05-25 14:27:46,320 [Worker-23: Building] INFO  o.a.m.s.f.DefaultMavenResourcesFiltering - Copying 0 resource from src\test\resources to target\test-classes
2026-05-25 14:29:15,076 [Worker-29: Building] INFO  o.a.m.s.f.DefaultMavenResourcesFiltering - Copying 0 resource from src\main\resources to target\classes
2026-05-25 14:29:15,081 [Worker-29: Building] INFO  o.a.m.s.f.DefaultMavenResourcesFiltering - Copying 0 resource from src\test\resources to target\test-classes
2026-05-25 14:34:12,081 [Worker-27: Building] INFO  o.a.m.s.f.DefaultMavenResourcesFiltering - Copying 0 resource from src\main\resources to target\classes
2026-05-25 14:34:12,087 [Worker-27: Building] INFO  o.a.m.s.f.DefaultMavenResourcesFiltering - Copying 0 resource from src\test\resources to target\test-classes
2026-05-25 14:34:23,969 [Worker-27: Building] INFO  o.a.m.s.f.DefaultMavenResourcesFiltering - Copying 0 resource from src\main\resources to target\classes
2026-05-25 14:34:23,975 [Worker-27: Building] INFO  o.a.m.s.f.DefaultMavenResourcesFiltering - Copying 0 resource from src\test\resources to target\test-classes
2026-05-25 14:35:07,928 [Worker-25: Building] INFO  o.a.m.s.f.DefaultMavenResourcesFiltering - Copying 0 resource from src\main\resources to target\classes
2026-05-25 14:35:07,933 [Worker-25: Building] INFO  o.a.m.s.f.DefaultMavenResourcesFiltering - Copying 0 resource from src\test\resources to target\test-classes
2026-05-25 14:35:23,213 [Worker-31: Building] INFO  o.a.m.s.f.DefaultMavenResourcesFiltering - Copying 0 resource from src\main\resources to target\classes
2026-05-25 14:35:23,219 [Worker-31: Building] INFO  o.a.m.s.f.DefaultMavenResourcesFiltering - Copying 0 resource from src\test\resources to target\test-classes
2026-05-25 14:35:34,738 [Worker-30: Building] INFO  o.a.m.s.f.DefaultMavenResourcesFiltering - Copying 0 resource from src\main\resources to target\classes
2026-05-25 14:35:34,742 [Worker-30: Building] INFO  o.a.m.s.f.DefaultMavenResourcesFiltering - Copying 0 resource from src\test\resources to target\test-classes
2026-05-25 14:35:43,106 [Worker-15: Building] INFO  o.a.m.s.f.DefaultMavenResourcesFiltering - Copying 0 resource from src\main\resources to target\classes
2026-05-25 14:35:43,110 [Worker-15: Building] INFO  o.a.m.s.f.DefaultMavenResourcesFiltering - Copying 0 resource from src\test\resources to target\test-classes
2026-05-25 14:36:20,234 [Worker-27: Building] INFO  o.a.m.s.f.DefaultMavenResourcesFiltering - Copying 0 resource from src\main\resources to target\classes
2026-05-25 14:36:20,239 [Worker-27: Building] INFO  o.a.m.s.f.DefaultMavenResourcesFiltering - Copying 0 resource from src\test\resources to target\test-classes
2026-05-25 14:36:34,228 [Worker-15: Building] INFO  o.a.m.s.f.DefaultMavenResourcesFiltering - Copying 0 resource from src\main\resources to target\classes
2026-05-25 14:36:34,233 [Worker-15: Building] INFO  o.a.m.s.f.DefaultMavenResourcesFiltering - Copying 0 resource from src\test\resources to target\test-classes
2026-05-25 14:49:28,275 [Worker-30: Building] INFO  o.a.m.s.f.DefaultMavenResourcesFiltering - Copying 0 resource from src\main\resources to target\classes
2026-05-25 14:49:28,281 [Worker-30: Building] INFO  o.a.m.s.f.DefaultMavenResourcesFiltering - Copying 0 resource from src\test\resources to target\test-classes
2026-05-25 14:49:59,616 [Worker-32: Building] INFO  o.a.m.s.f.DefaultMavenResourcesFiltering - Copying 0 resource from src\main\resources to target\classes
2026-05-25 14:49:59,622 [Worker-32: Building] INFO  o.a.m.s.f.DefaultMavenResourcesFiltering - Copying 0 resource from src\test\resources to target\test-classes
2026-05-25 14:55:25,911 [Worker-26: Building] INFO  o.a.m.s.f.DefaultMavenResourcesFiltering - Copying 0 resource from src\main\resources to target\classes
2026-05-25 14:55:25,921 [Worker-26: Building] INFO  o.a.m.s.f.DefaultMavenResourcesFiltering - Copying 0 resource from src\test\resources to target\test-classes
2026-05-25 14:57:29,449 [Worker-23: Building] INFO  o.a.m.s.f.DefaultMavenResourcesFiltering - Copying 0 resource from src\main\resources to target\classes
2026-05-25 14:57:29,454 [Worker-23: Building] INFO  o.a.m.s.f.DefaultMavenResourcesFiltering - Copying 0 resource from src\test\resources to target\test-classes
2026-05-25 14:59:00,231 [Worker-23: Building] INFO  o.a.m.s.f.DefaultMavenResourcesFiltering - Copying 0 resource from src\main\resources to target\classes
2026-05-25 14:59:00,238 [Worker-23: Building] INFO  o.a.m.s.f.DefaultMavenResourcesFiltering - Copying 0 resource from src\test\resources to target\test-classes
2026-05-25 14:59:09,462 [Worker-25: Building] INFO  o.a.m.s.f.DefaultMavenResourcesFiltering - Copying 0 resource from src\main\resources to target\classes
2026-05-25 14:59:09,468 [Worker-25: Building] INFO  o.a.m.s.f.DefaultMavenResourcesFiltering - Copying 0 resource from src\test\resources to target\test-classes
2026-05-25 15:00:01,266 [Worker-31: Building] INFO  o.a.m.s.f.DefaultMavenResourcesFiltering - Copying 0 resource from src\main\resources to target\classes
2026-05-25 15:00:01,272 [Worker-31: Building] INFO  o.a.m.s.f.DefaultMavenResourcesFiltering - Copying 0 resource from src\test\resources to target\test-classes
2026-05-25 15:00:17,327 [Start Help Server] INFO  org.eclipse.jetty.server.Server - jetty-12.0.21; built: 2025-05-09T00:32:00.688Z; git: 1c4719601e31b05b7d68910d2edd980259f1f53c; jvm 21.0.8+9-LTS
2026-05-25 15:00:17,581 [Start Help Server] INFO  o.e.j.server.handler.ContextHandler - Started oeje8n.ContextHandler$CoreContextHandler@871ea73{/help,/help,b=null,a=AVAILABLE,h=oeje8n.ContextHandler$CoreContextHandler$CoreToNestedHandler@a28e764{STARTED}}
2026-05-25 15:00:17,585 [Start Help Server] INFO  o.e.j.s.DefaultSessionIdManager - Session workerName=node0
2026-05-25 15:00:17,643 [Start Help Server] INFO  o.e.jetty.server.AbstractConnector - Started ServerConnector@76589f5f{HTTP/1.1, (http/1.1)}{127.0.0.1:58595}
2026-05-25 15:00:17,738 [Start Help Server] INFO  org.eclipse.jetty.server.Server - Started oejs.Server@15aa0c7c{STARTING}[12.0.21,sto=0] @9835170ms
2026-05-25 15:00:58,194 [Worker-31: Building] INFO  o.a.m.s.f.DefaultMavenResourcesFiltering - Copying 0 resource from src\main\resources to target\classes
2026-05-25 15:00:58,198 [Worker-31: Building] INFO  o.a.m.s.f.DefaultMavenResourcesFiltering - Copying 0 resource from src\test\resources to target\test-classes
2026-05-25 15:01:05,239 [Worker-30: Building] INFO  o.a.m.s.f.DefaultMavenResourcesFiltering - Copying 0 resource from src\main\resources to target\classes
2026-05-25 15:01:05,247 [Worker-30: Building] INFO  o.a.m.s.f.DefaultMavenResourcesFiltering - Copying 0 resource from src\test\resources to target\test-classes
2026-05-25 15:01:07,397 [Worker-26: Building] INFO  o.a.m.s.f.DefaultMavenResourcesFiltering - Copying 0 resource from src\main\resources to target\classes
2026-05-25 15:01:07,402 [Worker-26: Building] INFO  o.a.m.s.f.DefaultMavenResourcesFiltering - Copying 0 resource from src\test\resources to target\test-classes
2026-05-25 15:01:59,982 [Worker-15: Building] INFO  o.a.m.s.f.DefaultMavenResourcesFiltering - Copying 0 resource from src\main\resources to target\classes
2026-05-25 15:01:59,986 [Worker-15: Building] INFO  o.a.m.s.f.DefaultMavenResourcesFiltering - Copying 0 resource from src\test\resources to target\test-classes
2026-05-25 15:02:03,056 [Worker-25: Building] INFO  o.a.m.s.f.DefaultMavenResourcesFiltering - Copying 0 resource from src\main\resources to target\classes
2026-05-25 15:02:03,062 [Worker-25: Building] INFO  o.a.m.s.f.DefaultMavenResourcesFiltering - Copying 0 resource from src\test\resources to target\test-classes
2026-05-25 15:02:16,972 [Worker-23: Building] INFO  o.a.m.s.f.DefaultMavenResourcesFiltering - Copying 0 resource from src\main\resources to target\classes
2026-05-25 15:02:16,978 [Worker-23: Building] INFO  o.a.m.s.f.DefaultMavenResourcesFiltering - Copying 0 resource from src\test\resources to target\test-classes
2026-05-25 15:03:55,968 [Worker-26: Building] INFO  o.a.m.s.f.DefaultMavenResourcesFiltering - Copying 0 resource from src\main\resources to target\classes
2026-05-25 15:03:55,977 [Worker-26: Building] INFO  o.a.m.s.f.DefaultMavenResourcesFiltering - Copying 0 resource from src\test\resources to target\test-classes
2026-05-25 15:04:06,814 [Worker-27: Building] INFO  o.a.m.s.f.DefaultMavenResourcesFiltering - Copying 0 resource from src\main\resources to target\classes
2026-05-25 15:04:06,819 [Worker-27: Building] INFO  o.a.m.s.f.DefaultMavenResourcesFiltering - Copying 0 resource from src\test\resources to target\test-classes
2026-05-25 15:04:48,008 [Worker-31: Building] INFO  o.a.m.s.f.DefaultMavenResourcesFiltering - Copying 0 resource from src\main\resources to target\classes
2026-05-25 15:04:48,014 [Worker-31: Building] INFO  o.a.m.s.f.DefaultMavenResourcesFiltering - Copying 0 resource from src\test\resources to target\test-classes
2026-05-25 15:06:55,458 [Worker-33: Building] INFO  o.a.m.s.f.DefaultMavenResourcesFiltering - Copying 0 resource from src\main\resources to target\classes
2026-05-25 15:06:55,464 [Worker-33: Building] INFO  o.a.m.s.f.DefaultMavenResourcesFiltering - Copying 0 resource from src\test\resources to target\test-classes
2026-05-25 15:12:13,840 [Worker-7: Building] INFO  o.a.m.s.f.DefaultMavenResourcesFiltering - Copying 1 resource from src\main\resources to target\classes
2026-05-25 15:12:13,847 [Worker-7: Building] INFO  o.a.m.s.f.DefaultMavenResourcesFiltering - Copying 0 resource from src\test\resources to target\test-classes
2026-05-25 15:12:26,372 [Worker-23: Building] INFO  o.a.m.s.f.DefaultMavenResourcesFiltering - Copying 1 resource from src\main\resources to target\classes
2026-05-25 15:12:26,376 [Worker-23: Building] INFO  o.a.m.s.f.DefaultMavenResourcesFiltering - Copying 0 resource from src\test\resources to target\test-classes
2026-05-25 15:12:27,433 [Worker-31: Building] INFO  o.a.m.s.f.DefaultMavenResourcesFiltering - Copying 0 resource from src\main\resources to target\classes
2026-05-25 15:12:27,435 [Worker-31: Building] INFO  o.a.m.s.f.DefaultMavenResourcesFiltering - Copying 0 resource from src\test\resources to target\test-classes
2026-05-25 15:12:30,350 [Worker-32: Building] INFO  o.a.m.s.f.DefaultMavenResourcesFiltering - Copying 1 resource from src\main\resources to target\classes
2026-05-25 15:12:30,353 [Worker-32: Building] INFO  o.a.m.s.f.DefaultMavenResourcesFiltering - skip non existing resourceDirectory D:\Java_Project\Online_Expanse_Tracker\src\test\resources
2026-05-25 15:12:31,587 [Worker-33: Building] INFO  o.a.m.s.f.DefaultMavenResourcesFiltering - Copying 0 resource from src\main\resources to target\classes
2026-05-25 15:12:31,589 [Worker-33: Building] INFO  o.a.m.s.f.DefaultMavenResourcesFiltering - skip non existing resourceDirectory D:\Java_Project\Online_Expanse_Tracker\src\test\resources
2026-05-25 15:13:21,595 [Worker-31: Building] INFO  o.a.m.s.f.DefaultMavenResourcesFiltering - Copying 1 resource from src\main\resources to target\classes
2026-05-25 15:13:21,599 [Worker-31: Building] INFO  o.a.m.s.f.DefaultMavenResourcesFiltering - skip non existing resourceDirectory D:\Java_Project\Online_Expanse_Tracker\src\test\resources
2026-05-25 15:17:39,176 [Worker-27: Building] INFO  o.a.m.s.f.DefaultMavenResourcesFiltering - Copying 1 resource from src\main\resources to target\classes
2026-05-25 15:17:39,179 [Worker-27: Building] INFO  o.a.m.s.f.DefaultMavenResourcesFiltering - skip non existing resourceDirectory D:\Java_Project\Online_Expanse_Tracker\src\test\resources
2026-05-25 15:18:50,515 [Worker-31: Building] INFO  o.a.m.s.f.DefaultMavenResourcesFiltering - Copying 1 resource from src\main\resources to target\classes
2026-05-25 15:18:50,518 [Worker-31: Building] INFO  o.a.m.s.f.DefaultMavenResourcesFiltering - skip non existing resourceDirectory D:\Java_Project\Online_Expanse_Tracker\src\test\resources
2026-05-25 15:18:54,548 [Worker-31: Building] INFO  o.a.m.s.f.DefaultMavenResourcesFiltering - Copying 1 resource from src\main\resources to target\classes
2026-05-25 15:18:54,551 [Worker-31: Building] INFO  o.a.m.s.f.DefaultMavenResourcesFiltering - skip non existing resourceDirectory D:\Java_Project\Online_Expanse_Tracker\src\test\resources
2026-05-25 15:21:22,653 [Worker-23: Building] INFO  o.a.m.s.f.DefaultMavenResourcesFiltering - Copying 1 resource from src\main\resources to target\classes
2026-05-25 15:21:22,655 [Worker-23: Building] INFO  o.a.m.s.f.DefaultMavenResourcesFiltering - skip non existing resourceDirectory D:\Java_Project\Online_Expanse_Tracker\src\test\resources
2026-05-25 15:21:41,530 [Worker-23: Building] INFO  o.a.m.s.f.DefaultMavenResourcesFiltering - Copying 1 resource from src\main\resources to target\classes
2026-05-25 15:21:41,532 [Worker-23: Building] INFO  o.a.m.s.f.DefaultMavenResourcesFiltering - skip non existing resourceDirectory D:\Java_Project\Online_Expanse_Tracker\src\test\resources
2026-05-25 15:23:02,853 [Worker-15: Building] INFO  o.a.m.s.f.DefaultMavenResourcesFiltering - Copying 1 resource from src\main\resources to target\classes
2026-05-25 15:23:02,855 [Worker-15: Building] INFO  o.a.m.s.f.DefaultMavenResourcesFiltering - skip non existing resourceDirectory D:\Java_Project\Online_Expanse_Tracker\src\test\resources
2026-05-25 15:28:18,547 [Worker-29: Building] INFO  o.a.m.s.f.DefaultMavenResourcesFiltering - Copying 1 resource from src\main\resources to target\classes
2026-05-25 15:28:18,549 [Worker-29: Building] INFO  o.a.m.s.f.DefaultMavenResourcesFiltering - skip non existing resourceDirectory D:\Java_Project\Online_Expanse_Tracker\src\test\resources
2026-05-25 15:33:49,075 [Worker-30: Building] INFO  o.a.m.s.f.DefaultMavenResourcesFiltering - Copying 1 resource from src\main\resources to target\classes
2026-05-25 15:33:49,076 [Worker-30: Building] INFO  o.a.m.s.f.DefaultMavenResourcesFiltering - skip non existing resourceDirectory D:\Java_Project\Online_Expanse_Tracker\src\test\resources
2026-05-25 15:34:49,938 [Worker-27: Building] INFO  o.a.m.s.f.DefaultMavenResourcesFiltering - Copying 1 resource from src\main\resources to target\classes
2026-05-25 15:34:49,941 [Worker-27: Building] INFO  o.a.m.s.f.DefaultMavenResourcesFiltering - skip non existing resourceDirectory D:\Java_Project\Online_Expanse_Tracker\src\test\resources
2026-05-25 15:36:20,392 [Worker-7: Building] INFO  o.a.m.s.f.DefaultMavenResourcesFiltering - Copying 1 resource from src\main\resources to target\classes
2026-05-25 15:36:20,395 [Worker-7: Building] INFO  o.a.m.s.f.DefaultMavenResourcesFiltering - skip non existing resourceDirectory D:\Java_Project\Online_Expanse_Tracker\src\test\resources
2026-05-25 15:36:22,714 [Worker-25: Building] INFO  o.a.m.s.f.DefaultMavenResourcesFiltering - Copying 1 resource from src\main\resources to target\classes
2026-05-25 15:36:22,716 [Worker-25: Building] INFO  o.a.m.s.f.DefaultMavenResourcesFiltering - skip non existing resourceDirectory D:\Java_Project\Online_Expanse_Tracker\src\test\resources
2026-05-25 15:37:02,424 [Worker-25: Building] INFO  o.a.m.s.f.DefaultMavenResourcesFiltering - Copying 1 resource from src\main\resources to target\classes
2026-05-25 15:37:02,426 [Worker-25: Building] INFO  o.a.m.s.f.DefaultMavenResourcesFiltering - skip non existing resourceDirectory D:\Java_Project\Online_Expanse_Tracker\src\test\resources
2026-05-25 15:37:39,135 [Worker-30: Building] INFO  o.a.m.s.f.DefaultMavenResourcesFiltering - Copying 1 resource from src\main\resources to target\classes
2026-05-25 15:37:39,137 [Worker-30: Building] INFO  o.a.m.s.f.DefaultMavenResourcesFiltering - skip non existing resourceDirectory D:\Java_Project\Online_Expanse_Tracker\src\test\resources
2026-05-25 15:38:22,694 [Worker-30: Building] INFO  o.a.m.s.f.DefaultMavenResourcesFiltering - Copying 1 resource from src\main\resources to target\classes
2026-05-25 15:38:22,697 [Worker-30: Building] INFO  o.a.m.s.f.DefaultMavenResourcesFiltering - skip non existing resourceDirectory D:\Java_Project\Online_Expanse_Tracker\src\test\resources
2026-05-25 15:39:55,615 [Worker-23: Building] INFO  o.a.m.s.f.DefaultMavenResourcesFiltering - Copying 1 resource from src\main\resources to target\classes
2026-05-25 15:39:55,617 [Worker-23: Building] INFO  o.a.m.s.f.DefaultMavenResourcesFiltering - skip non existing resourceDirectory D:\Java_Project\Online_Expanse_Tracker\src\test\resources
2026-05-25 15:40:01,292 [Worker-33: Building] INFO  o.a.m.s.f.DefaultMavenResourcesFiltering - Copying 1 resource from src\main\resources to target\classes
2026-05-25 15:40:01,294 [Worker-33: Building] INFO  o.a.m.s.f.DefaultMavenResourcesFiltering - skip non existing resourceDirectory D:\Java_Project\Online_Expanse_Tracker\src\test\resources
2026-05-25 15:40:30,933 [Worker-7: Building] INFO  o.a.m.s.f.DefaultMavenResourcesFiltering - Copying 1 resource from src\main\resources to target\classes
2026-05-25 15:40:30,935 [Worker-7: Building] INFO  o.a.m.s.f.DefaultMavenResourcesFiltering - skip non existing resourceDirectory D:\Java_Project\Online_Expanse_Tracker\src\test\resources
2026-05-25 15:42:18,982 [Worker-34: Building] INFO  o.a.m.s.f.DefaultMavenResourcesFiltering - Copying 1 resource from src\main\resources to target\classes
2026-05-25 15:42:18,984 [Worker-34: Building] INFO  o.a.m.s.f.DefaultMavenResourcesFiltering - skip non existing resourceDirectory D:\Java_Project\Online_Expanse_Tracker\src\test\resources
2026-05-25 15:42:43,815 [Worker-15: Building] INFO  o.a.m.s.f.DefaultMavenResourcesFiltering - Copying 1 resource from src\main\resources to target\classes
2026-05-25 15:42:43,816 [Worker-15: Building] INFO  o.a.m.s.f.DefaultMavenResourcesFiltering - skip non existing resourceDirectory D:\Java_Project\Online_Expanse_Tracker\src\test\resources
2026-05-25 15:44:04,234 [Worker-30: Building] INFO  o.a.m.s.f.DefaultMavenResourcesFiltering - Copying 1 resource from src\main\resources to target\classes
2026-05-25 15:44:04,236 [Worker-30: Building] INFO  o.a.m.s.f.DefaultMavenResourcesFiltering - skip non existing resourceDirectory D:\Java_Project\Online_Expanse_Tracker\src\test\resources
2026-05-25 15:44:40,264 [Worker-29: Building] INFO  o.a.m.s.f.DefaultMavenResourcesFiltering - Copying 1 resource from src\main\resources to target\classes
2026-05-25 15:44:40,265 [Worker-29: Building] INFO  o.a.m.s.f.DefaultMavenResourcesFiltering - skip non existing resourceDirectory D:\Java_Project\Online_Expanse_Tracker\src\test\resources
2026-05-25 15:44:48,444 [Worker-33: Building] INFO  o.a.m.s.f.DefaultMavenResourcesFiltering - Copying 1 resource from src\main\resources to target\classes
2026-05-25 15:44:48,446 [Worker-33: Building] INFO  o.a.m.s.f.DefaultMavenResourcesFiltering - skip non existing resourceDirectory D:\Java_Project\Online_Expanse_Tracker\src\test\resources
2026-05-25 15:48:20,181 [Worker-32: Building] INFO  o.a.m.s.f.DefaultMavenResourcesFiltering - Copying 1 resource from src\main\resources to target\classes
2026-05-25 15:48:20,184 [Worker-32: Building] INFO  o.a.m.s.f.DefaultMavenResourcesFiltering - skip non existing resourceDirectory D:\Java_Project\Online_Expanse_Tracker\src\test\resources
2026-05-25 15:48:23,814 [Worker-23: Building] INFO  o.a.m.s.f.DefaultMavenResourcesFiltering - Copying 1 resource from src\main\resources to target\classes
2026-05-25 15:48:23,816 [Worker-23: Building] INFO  o.a.m.s.f.DefaultMavenResourcesFiltering - skip non existing resourceDirectory D:\Java_Project\Online_Expanse_Tracker\src\test\resources
2026-05-25 15:49:27,569 [Worker-27: Building] INFO  o.a.m.s.f.DefaultMavenResourcesFiltering - Copying 1 resource from src\main\resources to target\classes
2026-05-25 15:49:27,574 [Worker-27: Building] INFO  o.a.m.s.f.DefaultMavenResourcesFiltering - skip non existing resourceDirectory D:\Java_Project\Online_Expanse_Tracker\src\test\resources
2026-05-25 15:52:37,106 [Worker-7: Building] INFO  o.a.m.s.f.DefaultMavenResourcesFiltering - Copying 1 resource from src\main\resources to target\classes
2026-05-25 15:52:37,109 [Worker-7: Building] INFO  o.a.m.s.f.DefaultMavenResourcesFiltering - skip non existing resourceDirectory D:\Java_Project\Online_Expanse_Tracker\src\test\resources
2026-05-25 15:55:54,924 [Worker-34: Building] INFO  o.a.m.s.f.DefaultMavenResourcesFiltering - Copying 1 resource from src\main\resources to target\classes
2026-05-25 15:55:54,927 [Worker-34: Building] INFO  o.a.m.s.f.DefaultMavenResourcesFiltering - skip non existing resourceDirectory D:\Java_Project\Online_Expanse_Tracker\src\test\resources
2026-05-25 16:11:30,171 [Worker-30: Building] INFO  o.a.m.s.f.DefaultMavenResourcesFiltering - Copying 1 resource from src\main\resources to target\classes
2026-05-25 16:11:30,173 [Worker-30: Building] INFO  o.a.m.s.f.DefaultMavenResourcesFiltering - skip non existing resourceDirectory D:\Java_Project\Online_Expanse_Tracker\src\test\resources
2026-05-25 16:12:41,062 [Worker-7: Building] INFO  o.a.m.s.f.DefaultMavenResourcesFiltering - Copying 1 resource from src\main\resources to target\classes
2026-05-25 16:12:41,064 [Worker-7: Building] INFO  o.a.m.s.f.DefaultMavenResourcesFiltering - skip non existing resourceDirectory D:\Java_Project\Online_Expanse_Tracker\src\test\resources
2026-05-25 16:24:50,161 [Worker-30: Building] INFO  o.a.m.s.f.DefaultMavenResourcesFiltering - Copying 1 resource from src\main\resources to target\classes
2026-05-25 16:24:50,163 [Worker-30: Building] INFO  o.a.m.s.f.DefaultMavenResourcesFiltering - skip non existing resourceDirectory D:\Java_Project\Online_Expanse_Tracker\src\test\resources
2026-05-25 16:28:47,259 [Worker-34: Building] INFO  o.a.m.s.f.DefaultMavenResourcesFiltering - Copying 1 resource from src\main\resources to target\classes
2026-05-25 16:28:47,261 [Worker-34: Building] INFO  o.a.m.s.f.DefaultMavenResourcesFiltering - skip non existing resourceDirectory D:\Java_Project\Online_Expanse_Tracker\src\test\resources
2026-05-25 16:44:35,863 [Worker-26: Building] INFO  o.a.m.s.f.DefaultMavenResourcesFiltering - Copying 1 resource from src\main\resources to target\classes
2026-05-25 16:44:35,865 [Worker-26: Building] INFO  o.a.m.s.f.DefaultMavenResourcesFiltering - skip non existing resourceDirectory D:\Java_Project\Online_Expanse_Tracker\src\test\resources
2026-05-25 16:45:30,846 [Worker-34: Building] INFO  o.a.m.s.f.DefaultMavenResourcesFiltering - Copying 1 resource from src\main\resources to target\classes
2026-05-25 16:45:30,849 [Worker-34: Building] INFO  o.a.m.s.f.DefaultMavenResourcesFiltering - skip non existing resourceDirectory D:\Java_Project\Online_Expanse_Tracker\src\test\resources
2026-05-25 16:45:38,608 [Worker-27: Building] INFO  o.a.m.s.f.DefaultMavenResourcesFiltering - Copying 1 resource from src\main\resources to target\classes
2026-05-25 16:45:38,610 [Worker-27: Building] INFO  o.a.m.s.f.DefaultMavenResourcesFiltering - skip non existing resourceDirectory D:\Java_Project\Online_Expanse_Tracker\src\test\resources
2026-05-25 16:45:57,560 [Worker-27: Building] INFO  o.a.m.s.f.DefaultMavenResourcesFiltering - Copying 1 resource from src\main\resources to target\classes
2026-05-25 16:45:57,563 [Worker-27: Building] INFO  o.a.m.s.f.DefaultMavenResourcesFiltering - skip non existing resourceDirectory D:\Java_Project\Online_Expanse_Tracker\src\test\resources
2026-05-25 16:46:15,353 [Worker-26: Building] INFO  o.a.m.s.f.DefaultMavenResourcesFiltering - Copying 1 resource from src\main\resources to target\classes
2026-05-25 16:46:15,355 [Worker-26: Building] INFO  o.a.m.s.f.DefaultMavenResourcesFiltering - skip non existing resourceDirectory D:\Java_Project\Online_Expanse_Tracker\src\test\resources
2026-05-25 16:48:49,147 [Worker-29: Building] INFO  o.a.m.s.f.DefaultMavenResourcesFiltering - Copying 1 resource from src\main\resources to target\classes
2026-05-25 16:48:49,154 [Worker-29: Building] INFO  o.a.m.s.f.DefaultMavenResourcesFiltering - skip non existing resourceDirectory D:\Java_Project\Online_Expanse_Tracker\src\test\resources
2026-05-25 16:58:54,985 [Worker-32: Building] INFO  o.a.m.s.f.DefaultMavenResourcesFiltering - Copying 1 resource from src\main\resources to target\classes
2026-05-25 16:58:54,993 [Worker-32: Building] INFO  o.a.m.s.f.DefaultMavenResourcesFiltering - skip non existing resourceDirectory D:\Java_Project\Online_Expanse_Tracker\src\test\resources
2026-05-25 16:59:05,080 [Worker-25: Building] INFO  o.a.m.s.f.DefaultMavenResourcesFiltering - Copying 1 resource from src\main\resources to target\classes
2026-05-25 16:59:05,085 [Worker-25: Building] INFO  o.a.m.s.f.DefaultMavenResourcesFiltering - skip non existing resourceDirectory D:\Java_Project\Online_Expanse_Tracker\src\test\resources
2026-05-25 16:59:58,589 [Worker-34: Building] INFO  o.a.m.s.f.DefaultMavenResourcesFiltering - Copying 1 resource from src\main\resources to target\classes
2026-05-25 16:59:58,593 [Worker-34: Building] INFO  o.a.m.s.f.DefaultMavenResourcesFiltering - skip non existing resourceDirectory D:\Java_Project\Online_Expanse_Tracker\src\test\resources
2026-05-25 17:01:06,214 [Worker-34: Building] INFO  o.a.m.s.f.DefaultMavenResourcesFiltering - Copying 1 resource from src\main\resources to target\classes
2026-05-25 17:01:06,219 [Worker-34: Building] INFO  o.a.m.s.f.DefaultMavenResourcesFiltering - skip non existing resourceDirectory D:\Java_Project\Online_Expanse_Tracker\src\test\resources
2026-05-25 17:01:09,041 [Worker-25: Building] INFO  o.a.m.s.f.DefaultMavenResourcesFiltering - Copying 1 resource from src\main\resources to target\classes
2026-05-25 17:01:09,046 [Worker-25: Building] INFO  o.a.m.s.f.DefaultMavenResourcesFiltering - skip non existing resourceDirectory D:\Java_Project\Online_Expanse_Tracker\src\test\resources
2026-05-25 17:01:14,044 [Worker-26: Building] INFO  o.a.m.s.f.DefaultMavenResourcesFiltering - Copying 1 resource from src\main\resources to target\classes
2026-05-25 17:01:14,049 [Worker-26: Building] INFO  o.a.m.s.f.DefaultMavenResourcesFiltering - skip non existing resourceDirectory D:\Java_Project\Online_Expanse_Tracker\src\test\resources
2026-05-25 17:03:40,736 [Worker-23: Building] INFO  o.a.m.s.f.DefaultMavenResourcesFiltering - Copying 1 resource from src\main\resources to target\classes
2026-05-25 17:03:40,741 [Worker-23: Building] INFO  o.a.m.s.f.DefaultMavenResourcesFiltering - skip non existing resourceDirectory D:\Java_Project\Online_Expanse_Tracker\src\test\resources
2026-05-25 17:05:06,842 [Worker-29: Building] INFO  o.a.m.s.f.DefaultMavenResourcesFiltering - Copying 1 resource from src\main\resources to target\classes
2026-05-25 17:05:06,847 [Worker-29: Building] INFO  o.a.m.s.f.DefaultMavenResourcesFiltering - skip non existing resourceDirectory D:\Java_Project\Online_Expanse_Tracker\src\test\resources
2026-05-25 17:06:00,727 [Worker-23: Building] INFO  o.a.m.s.f.DefaultMavenResourcesFiltering - Copying 1 resource from src\main\resources to target\classes
2026-05-25 17:06:00,732 [Worker-23: Building] INFO  o.a.m.s.f.DefaultMavenResourcesFiltering - skip non existing resourceDirectory D:\Java_Project\Online_Expanse_Tracker\src\test\resources
2026-05-25 17:06:10,641 [Worker-27: Building] INFO  o.a.m.s.f.DefaultMavenResourcesFiltering - Copying 1 resource from src\main\resources to target\classes
2026-05-25 17:06:10,646 [Worker-27: Building] INFO  o.a.m.s.f.DefaultMavenResourcesFiltering - skip non existing resourceDirectory D:\Java_Project\Online_Expanse_Tracker\src\test\resources
2026-05-25 17:10:41,887 [Worker-23: Building] INFO  o.a.m.s.f.DefaultMavenResourcesFiltering - Copying 0 resource from src\main\resources to target\classes
2026-05-25 17:10:41,890 [Worker-23: Building] INFO  o.a.m.s.f.DefaultMavenResourcesFiltering - skip non existing resourceDirectory D:\Java_Project\Online_Expanse_Tracker\src\test\resources
2026-05-25 17:11:36,438 [Worker-23: Building] INFO  o.a.m.s.f.DefaultMavenResourcesFiltering - Copying 1 resource from src\main\resources to target\classes
2026-05-25 17:11:36,444 [Worker-23: Building] INFO  o.a.m.s.f.DefaultMavenResourcesFiltering - skip non existing resourceDirectory D:\Java_Project\Online_Expanse_Tracker\src\test\resources
2026-05-25 17:15:32,217 [Worker-30: Building] INFO  o.a.m.s.f.DefaultMavenResourcesFiltering - Copying 1 resource from src\main\resources to target\classes
2026-05-25 17:15:32,223 [Worker-30: Building] INFO  o.a.m.s.f.DefaultMavenResourcesFiltering - skip non existing resourceDirectory D:\Java_Project\Online_Expanse_Tracker\src\test\resources
2026-05-25 17:16:47,506 [Worker-25: Building] INFO  o.a.m.s.f.DefaultMavenResourcesFiltering - Copying 1 resource from src\main\resources to target\classes
2026-05-25 17:16:47,514 [Worker-25: Building] INFO  o.a.m.s.f.DefaultMavenResourcesFiltering - skip non existing resourceDirectory D:\Java_Project\Online_Expanse_Tracker\src\test\resources
2026-05-25 17:19:35,928 [Worker-34: Building] INFO  o.a.m.s.f.DefaultMavenResourcesFiltering - Copying 1 resource from src\main\resources to target\classes
2026-05-25 17:19:35,933 [Worker-34: Building] INFO  o.a.m.s.f.DefaultMavenResourcesFiltering - skip non existing resourceDirectory D:\Java_Project\Online_Expanse_Tracker\src\test\resources
2026-05-25 17:23:11,568 [Worker-23: Building] INFO  o.a.m.s.f.DefaultMavenResourcesFiltering - Copying 1 resource from src\main\resources to target\classes
2026-05-25 17:23:11,574 [Worker-23: Building] INFO  o.a.m.s.f.DefaultMavenResourcesFiltering - skip non existing resourceDirectory D:\Java_Project\Online_Expanse_Tracker\src\test\resources
2026-05-25 17:32:43,813 [Worker-26: Building] INFO  o.e.m.c.i.l.LifecycleMappingFactory - Using org.maven.ide.eclipse.wtp.WarLifecycleMapping lifecycle mapping for MavenProject: com.tracker:Online_Expanse_Tracker:0.0.1-SNAPSHOT @ D:\Java_Project\Online_Expanse_Tracker\pom.xml.
2026-05-25 17:32:45,007 [Worker-26: Building] INFO  o.a.m.s.f.DefaultMavenResourcesFiltering - Copying 0 resource from src\main\resources to target\classes
2026-05-25 17:32:45,012 [Worker-26: Building] INFO  o.a.m.s.f.DefaultMavenResourcesFiltering - skip non existing resourceDirectory D:\Java_Project\Online_Expanse_Tracker\src\test\resources
2026-05-25 17:32:45,012 [Worker-26: Building] INFO  o.e.m.w.i.f.ResourceFilteringBuildParticipant - Changed resources require a complete clean of filtered resources of Online_Expanse_Tracker
2026-05-25 17:32:45,013 [Worker-26: Building] INFO  o.e.m.w.i.f.ResourceFilteringBuildParticipant - Executing resource filtering for Online_Expanse_Tracker
2026-05-25 17:32:46,378 [Worker-29: Building] INFO  o.a.m.s.f.DefaultMavenResourcesFiltering - Copying 1 resource from src\main\resources to target\classes
2026-05-25 17:32:46,387 [Worker-29: Building] INFO  o.a.m.s.f.DefaultMavenResourcesFiltering - skip non existing resourceDirectory D:\Java_Project\Online_Expanse_Tracker\src\test\resources
2026-05-25 17:32:54,915 [Worker-15: Building] INFO  o.e.m.c.i.l.LifecycleMappingFactory - Using org.maven.ide.eclipse.wtp.WarLifecycleMapping lifecycle mapping for MavenProject: com.tracker:Online_Expanse_Tracker:0.0.1-SNAPSHOT @ D:\Java_Project\Online_Expanse_Tracker\pom.xml.
2026-05-25 17:32:55,609 [Worker-15: Building] INFO  o.a.m.s.f.DefaultMavenResourcesFiltering - Copying 0 resource from src\main\resources to target\classes
2026-05-25 17:32:55,612 [Worker-15: Building] INFO  o.a.m.s.f.DefaultMavenResourcesFiltering - skip non existing resourceDirectory D:\Java_Project\Online_Expanse_Tracker\src\test\resources
2026-05-25 17:32:55,613 [Worker-15: Building] INFO  o.e.m.w.i.f.ResourceFilteringBuildParticipant - Changed resources require a complete clean of filtered resources of Online_Expanse_Tracker
2026-05-25 17:32:55,613 [Worker-15: Building] INFO  o.e.m.w.i.f.ResourceFilteringBuildParticipant - Executing resource filtering for Online_Expanse_Tracker
2026-05-25 17:33:04,936 [Worker-7: Building] INFO  o.a.m.s.f.DefaultMavenResourcesFiltering - Copying 1 resource from src\main\resources to target\classes
2026-05-25 17:33:04,942 [Worker-7: Building] INFO  o.a.m.s.f.DefaultMavenResourcesFiltering - skip non existing resourceDirectory D:\Java_Project\Online_Expanse_Tracker\src\test\resources
2026-05-25 17:34:33,863 [Worker-7: Building] INFO  o.a.m.s.f.DefaultMavenResourcesFiltering - Copying 0 resource from src\main\resources to target\classes
2026-05-25 17:34:33,867 [Worker-7: Building] INFO  o.a.m.s.f.DefaultMavenResourcesFiltering - skip non existing resourceDirectory D:\Java_Project\Online_Expanse_Tracker\src\test\resources
2026-05-25 17:37:06,247 [Worker-30: Building] INFO  o.a.m.s.f.DefaultMavenResourcesFiltering - Copying 0 resource from src\main\resources to target\classes
2026-05-25 17:37:06,252 [Worker-30: Building] INFO  o.a.m.s.f.DefaultMavenResourcesFiltering - skip non existing resourceDirectory D:\Java_Project\Online_Expanse_Tracker\src\test\resources
2026-05-25 17:38:23,633 [Worker-15: Building] INFO  o.a.m.s.f.DefaultMavenResourcesFiltering - Copying 1 resource from src\main\resources to target\classes
2026-05-25 17:38:23,638 [Worker-15: Building] INFO  o.a.m.s.f.DefaultMavenResourcesFiltering - skip non existing resourceDirectory D:\Java_Project\Online_Expanse_Tracker\src\test\resources
2026-05-25 17:39:15,902 [Worker-34: Building] INFO  o.a.m.s.f.DefaultMavenResourcesFiltering - Copying 0 resource from src\main\resources to target\classes
2026-05-25 17:39:15,907 [Worker-34: Building] INFO  o.a.m.s.f.DefaultMavenResourcesFiltering - skip non existing resourceDirectory D:\Java_Project\Online_Expanse_Tracker\src\test\resources
2026-05-25 17:41:04,391 [Worker-30: Building] INFO  o.a.m.s.f.DefaultMavenResourcesFiltering - Copying 0 resource from src\main\resources to target\classes
2026-05-25 17:41:04,395 [Worker-30: Building] INFO  o.a.m.s.f.DefaultMavenResourcesFiltering - skip non existing resourceDirectory D:\Java_Project\Online_Expanse_Tracker\src\test\resources
2026-05-25 17:41:31,997 [Worker-34: Building] INFO  o.a.m.s.f.DefaultMavenResourcesFiltering - Copying 0 resource from src\main\resources to target\classes
2026-05-25 17:41:32,000 [Worker-34: Building] INFO  o.a.m.s.f.DefaultMavenResourcesFiltering - skip non existing resourceDirectory D:\Java_Project\Online_Expanse_Tracker\src\test\resources
2026-05-25 17:41:52,113 [Worker-33: Updating Maven Project] INFO  o.e.m.c.i.p.ProjectConfigurationManager - Update started
2026-05-25 17:41:52,265 [Worker-33: Updating Maven Project] INFO  o.e.m.c.i.l.LifecycleMappingFactory - Using org.maven.ide.eclipse.wtp.WarLifecycleMapping lifecycle mapping for MavenProject: com.tracker:Online_Expanse_Tracker:0.0.1-SNAPSHOT @ D:\Java_Project\Online_Expanse_Tracker\pom.xml.
2026-05-25 17:41:53,062 [Worker-33: Updating Maven Project] INFO  o.e.m.j.i.AbstractJavaProjectConfigurator - Adding source folder /Online_Expanse_Tracker/src/main/java
2026-05-25 17:41:53,064 [Worker-33: Updating Maven Project] INFO  o.e.m.j.i.AbstractJavaProjectConfigurator - Adding resource folder /Online_Expanse_Tracker/src/main/resources
2026-05-25 17:41:53,065 [Worker-33: Updating Maven Project] INFO  o.e.m.j.i.AbstractJavaProjectConfigurator - Adding source folder /Online_Expanse_Tracker/src/test/java
2026-05-25 17:41:53,067 [Worker-33: Updating Maven Project] INFO  o.e.m.j.i.AbstractJavaProjectConfigurator - Adding resource folder /Online_Expanse_Tracker/src/test/resources
2026-05-25 17:41:54,377 [Worker-33: Updating Maven Project] INFO  o.e.m.w.i.f.ResourceFilteringBuildParticipant - Cleaning filtered folder for Online_Expanse_Tracker
2026-05-25 17:41:54,456 [Worker-33: Updating Maven Project] INFO  o.e.m.c.i.p.ProjectConfigurationManager - Update completed for 1 poms: local refresh takes 0.00 sec, refresh facades takes 0.00 sec, update config takes 1.00 sec 
2026-05-25 17:41:54,923 [Worker-36: Building] INFO  o.a.m.s.f.DefaultMavenResourcesFiltering - Copying 1 resource from src\main\resources to target\classes
2026-05-25 17:41:54,932 [Worker-36: Building] INFO  o.a.m.s.f.DefaultMavenResourcesFiltering - skip non existing resourceDirectory D:\Java_Project\Online_Expanse_Tracker\src\test\resources
2026-05-25 17:41:54,933 [Worker-36: Building] INFO  o.e.m.w.i.f.ResourceFilteringBuildParticipant - Changed resources require a complete clean of filtered resources of Online_Expanse_Tracker
2026-05-25 17:41:54,934 [Worker-36: Building] INFO  o.e.m.w.i.f.ResourceFilteringBuildParticipant - Executing resource filtering for Online_Expanse_Tracker
2026-05-25 17:42:10,147 [Worker-36: Building] INFO  o.a.m.s.f.DefaultMavenResourcesFiltering - Copying 0 resource from src\main\resources to target\classes
2026-05-25 17:42:10,151 [Worker-36: Building] INFO  o.a.m.s.f.DefaultMavenResourcesFiltering - skip non existing resourceDirectory D:\Java_Project\Online_Expanse_Tracker\src\test\resources
2026-05-25 17:43:29,940 [Worker-15: Building] INFO  o.a.m.s.f.DefaultMavenResourcesFiltering - Copying 0 resource from src\main\resources to target\classes
2026-05-25 17:43:29,943 [Worker-15: Building] INFO  o.a.m.s.f.DefaultMavenResourcesFiltering - skip non existing resourceDirectory D:\Java_Project\Online_Expanse_Tracker\src\test\resources
2026-05-25 17:43:59,232 [Worker-7: Building] INFO  o.a.m.s.f.DefaultMavenResourcesFiltering - Copying 0 resource from src\main\resources to target\classes
2026-05-25 17:43:59,236 [Worker-7: Building] INFO  o.a.m.s.f.DefaultMavenResourcesFiltering - skip non existing resourceDirectory D:\Java_Project\Online_Expanse_Tracker\src\test\resources
2026-05-25 17:44:46,447 [Worker-36: Building] INFO  o.a.m.s.f.DefaultMavenResourcesFiltering - Copying 0 resource from src\main\resources to target\classes
2026-05-25 17:44:46,451 [Worker-36: Building] INFO  o.a.m.s.f.DefaultMavenResourcesFiltering - skip non existing resourceDirectory D:\Java_Project\Online_Expanse_Tracker\src\test\resources
2026-05-25 17:45:13,876 [Worker-15: Building] INFO  o.a.m.s.f.DefaultMavenResourcesFiltering - Copying 0 resource from src\main\resources to target\classes
2026-05-25 17:45:13,879 [Worker-15: Building] INFO  o.a.m.s.f.DefaultMavenResourcesFiltering - skip non existing resourceDirectory D:\Java_Project\Online_Expanse_Tracker\src\test\resources
2026-05-25 17:45:52,293 [Worker-15: Building] INFO  o.a.m.s.f.DefaultMavenResourcesFiltering - Copying 0 resource from src\main\resources to target\classes
2026-05-25 17:45:52,296 [Worker-15: Building] INFO  o.a.m.s.f.DefaultMavenResourcesFiltering - skip non existing resourceDirectory D:\Java_Project\Online_Expanse_Tracker\src\test\resources
2026-05-25 18:04:07,859 [Worker-35: Building] INFO  o.a.m.s.f.DefaultMavenResourcesFiltering - Copying 0 resource from src\main\resources to target\classes
2026-05-25 18:04:07,860 [Worker-35: Building] INFO  o.a.m.s.f.DefaultMavenResourcesFiltering - skip non existing resourceDirectory D:\Java_Project\Online_Expanse_Tracker\src\test\resources
2026-05-25 18:08:59,451 [Worker-35: Building] INFO  o.a.m.s.f.DefaultMavenResourcesFiltering - Copying 0 resource from src\main\resources to target\classes
2026-05-25 18:08:59,455 [Worker-35: Building] INFO  o.a.m.s.f.DefaultMavenResourcesFiltering - skip non existing resourceDirectory D:\Java_Project\Online_Expanse_Tracker\src\test\resources
2026-05-25 18:09:12,195 [Worker-34: Building] INFO  o.a.m.s.f.DefaultMavenResourcesFiltering - Copying 0 resource from src\main\resources to target\classes
2026-05-25 18:09:12,198 [Worker-34: Building] INFO  o.a.m.s.f.DefaultMavenResourcesFiltering - skip non existing resourceDirectory D:\Java_Project\Online_Expanse_Tracker\src\test\resources
2026-05-25 18:38:43,623 [Worker-37: Building] WARN  o.a.m.s.f.DefaultMavenResourcesFiltering - Using platform encoding (UTF-8 actually) to copy filtered resources, i.e. build is platform dependent!
2026-05-25 18:38:43,631 [Worker-37: Building] INFO  o.a.m.s.f.DefaultMavenResourcesFiltering - Copying 0 resource from src\main\resources to target\classes
2026-05-25 18:38:43,635 [Worker-37: Building] WARN  o.a.m.s.f.DefaultMavenResourcesFiltering - Using platform encoding (UTF-8 actually) to copy filtered resources, i.e. build is platform dependent!
2026-05-25 18:38:43,638 [Worker-37: Building] INFO  o.a.m.s.f.DefaultMavenResourcesFiltering - Copying 0 resource from src\test\resources to target\test-classes
2026-05-25 18:39:17,644 [Worker-39: Building] WARN  o.a.m.s.f.DefaultMavenResourcesFiltering - Using platform encoding (UTF-8 actually) to copy filtered resources, i.e. build is platform dependent!
2026-05-25 18:39:17,648 [Worker-39: Building] INFO  o.a.m.s.f.DefaultMavenResourcesFiltering - Copying 0 resource from src\main\resources to target\classes
2026-05-25 18:39:17,652 [Worker-39: Building] WARN  o.a.m.s.f.DefaultMavenResourcesFiltering - Using platform encoding (UTF-8 actually) to copy filtered resources, i.e. build is platform dependent!
2026-05-25 18:39:17,655 [Worker-39: Building] INFO  o.a.m.s.f.DefaultMavenResourcesFiltering - Copying 0 resource from src\test\resources to target\test-classes
2026-05-25 18:39:42,179 [Worker-30: Building] INFO  o.a.m.s.f.DefaultMavenResourcesFiltering - Copying 1 resource from src\main\resources to target\classes
2026-05-25 18:39:42,183 [Worker-30: Building] INFO  o.a.m.s.f.DefaultMavenResourcesFiltering - skip non existing resourceDirectory D:\Java_Project\Online_Expanse_Tracker\src\test\resources
2026-05-25 18:39:50,778 [Worker-37: Building] INFO  o.a.m.s.f.DefaultMavenResourcesFiltering - Copying 1 resource from src\main\resources to target\classes
2026-05-25 18:39:50,781 [Worker-37: Building] INFO  o.a.m.s.f.DefaultMavenResourcesFiltering - skip non existing resourceDirectory D:\Java_Project\Online_Expanse_Tracker\src\test\resources
2026-05-25 18:41:18,263 [Worker-37: Building] INFO  o.a.m.s.f.DefaultMavenResourcesFiltering - Copying 1 resource from src\main\resources to target\classes
2026-05-25 18:41:18,268 [Worker-37: Building] INFO  o.a.m.s.f.DefaultMavenResourcesFiltering - skip non existing resourceDirectory D:\Java_Project\Online_Expanse_Tracker\src\test\resources
2026-05-25 18:55:42,253 [Worker-40: Building] INFO  o.a.m.s.f.DefaultMavenResourcesFiltering - Copying 1 resource from src\main\resources to target\classes
2026-05-25 18:55:42,260 [Worker-40: Building] INFO  o.a.m.s.f.DefaultMavenResourcesFiltering - skip non existing resourceDirectory D:\Java_Project\Online_Expanse_Tracker\src\test\resources
2026-05-25 18:55:57,608 [Worker-38: Building] INFO  o.a.m.s.f.DefaultMavenResourcesFiltering - Copying 0 resource from src\main\resources to target\classes
2026-05-25 18:55:57,611 [Worker-38: Building] INFO  o.a.m.s.f.DefaultMavenResourcesFiltering - skip non existing resourceDirectory D:\Java_Project\Online_Expanse_Tracker\src\test\resources
2026-05-25 18:56:20,931 [Worker-41: Building] INFO  o.a.m.s.f.DefaultMavenResourcesFiltering - Copying 0 resource from src\main\resources to target\classes
2026-05-25 18:56:20,934 [Worker-41: Building] INFO  o.a.m.s.f.DefaultMavenResourcesFiltering - skip non existing resourceDirectory D:\Java_Project\Online_Expanse_Tracker\src\test\resources
2026-05-25 18:56:45,442 [Worker-39: Building] INFO  o.a.m.s.f.DefaultMavenResourcesFiltering - Copying 0 resource from src\main\resources to target\classes
2026-05-25 18:56:45,445 [Worker-39: Building] INFO  o.a.m.s.f.DefaultMavenResourcesFiltering - skip non existing resourceDirectory D:\Java_Project\Online_Expanse_Tracker\src\test\resources
2026-05-25 18:56:50,806 [Worker-40: Building] INFO  o.a.m.s.f.DefaultMavenResourcesFiltering - Copying 0 resource from src\main\resources to target\classes
2026-05-25 18:56:50,808 [Worker-40: Building] INFO  o.a.m.s.f.DefaultMavenResourcesFiltering - skip non existing resourceDirectory D:\Java_Project\Online_Expanse_Tracker\src\test\resources
2026-05-25 18:57:22,645 [Worker-41: Building] INFO  o.a.m.s.f.DefaultMavenResourcesFiltering - Copying 0 resource from src\main\resources to target\classes
2026-05-25 18:57:22,648 [Worker-41: Building] INFO  o.a.m.s.f.DefaultMavenResourcesFiltering - skip non existing resourceDirectory D:\Java_Project\Online_Expanse_Tracker\src\test\resources
2026-05-25 18:57:48,764 [Worker-38: Building] INFO  o.a.m.s.f.DefaultMavenResourcesFiltering - Copying 0 resource from src\main\resources to target\classes
2026-05-25 18:57:48,768 [Worker-38: Building] INFO  o.a.m.s.f.DefaultMavenResourcesFiltering - skip non existing resourceDirectory D:\Java_Project\Online_Expanse_Tracker\src\test\resources
2026-05-25 18:57:52,289 [Worker-42: Building] INFO  o.a.m.s.f.DefaultMavenResourcesFiltering - Copying 0 resource from src\main\resources to target\classes
2026-05-25 18:57:52,292 [Worker-42: Building] INFO  o.a.m.s.f.DefaultMavenResourcesFiltering - skip non existing resourceDirectory D:\Java_Project\Online_Expanse_Tracker\src\test\resources
2026-05-25 18:57:59,912 [Worker-42: Building] INFO  o.a.m.s.f.DefaultMavenResourcesFiltering - Copying 0 resource from src\main\resources to target\classes
2026-05-25 18:57:59,916 [Worker-42: Building] INFO  o.a.m.s.f.DefaultMavenResourcesFiltering - skip non existing resourceDirectory D:\Java_Project\Online_Expanse_Tracker\src\test\resources
2026-05-25 18:59:11,792 [Worker-42: Building] INFO  o.a.m.s.f.DefaultMavenResourcesFiltering - Copying 0 resource from src\main\resources to target\classes
2026-05-25 18:59:11,795 [Worker-42: Building] INFO  o.a.m.s.f.DefaultMavenResourcesFiltering - skip non existing resourceDirectory D:\Java_Project\Online_Expanse_Tracker\src\test\resources
2026-05-25 18:59:44,750 [Worker-25: Building] INFO  o.a.m.s.f.DefaultMavenResourcesFiltering - Copying 0 resource from src\main\resources to target\classes
2026-05-25 18:59:44,753 [Worker-25: Building] INFO  o.a.m.s.f.DefaultMavenResourcesFiltering - skip non existing resourceDirectory D:\Java_Project\Online_Expanse_Tracker\src\test\resources
2026-05-25 19:01:40,341 [Worker-40: Building] INFO  o.a.m.s.f.DefaultMavenResourcesFiltering - Copying 0 resource from src\main\resources to target\classes
2026-05-25 19:01:40,344 [Worker-40: Building] INFO  o.a.m.s.f.DefaultMavenResourcesFiltering - skip non existing resourceDirectory D:\Java_Project\Online_Expanse_Tracker\src\test\resources
2026-05-25 19:02:08,001 [Worker-37: Building] INFO  o.a.m.s.f.DefaultMavenResourcesFiltering - Copying 0 resource from src\main\resources to target\classes
2026-05-25 19:02:08,004 [Worker-37: Building] INFO  o.a.m.s.f.DefaultMavenResourcesFiltering - skip non existing resourceDirectory D:\Java_Project\Online_Expanse_Tracker\src\test\resources
2026-05-25 19:02:13,559 [Worker-39: Building] INFO  o.a.m.s.f.DefaultMavenResourcesFiltering - Copying 0 resource from src\main\resources to target\classes
2026-05-25 19:02:13,563 [Worker-39: Building] INFO  o.a.m.s.f.DefaultMavenResourcesFiltering - skip non existing resourceDirectory D:\Java_Project\Online_Expanse_Tracker\src\test\resources
2026-05-25 19:03:10,328 [Worker-40: Building] INFO  o.a.m.s.f.DefaultMavenResourcesFiltering - Copying 0 resource from src\main\resources to target\classes
2026-05-25 19:03:10,331 [Worker-40: Building] INFO  o.a.m.s.f.DefaultMavenResourcesFiltering - skip non existing resourceDirectory D:\Java_Project\Online_Expanse_Tracker\src\test\resources
2026-05-25 19:03:49,567 [Worker-39: Building] INFO  o.a.m.s.f.DefaultMavenResourcesFiltering - Copying 0 resource from src\main\resources to target\classes
2026-05-25 19:03:49,572 [Worker-39: Building] INFO  o.a.m.s.f.DefaultMavenResourcesFiltering - skip non existing resourceDirectory D:\Java_Project\Online_Expanse_Tracker\src\test\resources
2026-05-25 19:04:36,905 [Worker-37: Building] INFO  o.a.m.s.f.DefaultMavenResourcesFiltering - Copying 0 resource from src\main\resources to target\classes
2026-05-25 19:04:36,910 [Worker-37: Building] INFO  o.a.m.s.f.DefaultMavenResourcesFiltering - skip non existing resourceDirectory D:\Java_Project\Online_Expanse_Tracker\src\test\resources
2026-05-25 19:04:41,765 [Worker-25: Building] INFO  o.a.m.s.f.DefaultMavenResourcesFiltering - Copying 0 resource from src\main\resources to target\classes
2026-05-25 19:04:41,769 [Worker-25: Building] INFO  o.a.m.s.f.DefaultMavenResourcesFiltering - skip non existing resourceDirectory D:\Java_Project\Online_Expanse_Tracker\src\test\resources
2026-05-25 19:04:58,603 [Worker-37: Building] INFO  o.a.m.s.f.DefaultMavenResourcesFiltering - Copying 0 resource from src\main\resources to target\classes
2026-05-25 19:04:58,606 [Worker-37: Building] INFO  o.a.m.s.f.DefaultMavenResourcesFiltering - skip non existing resourceDirectory D:\Java_Project\Online_Expanse_Tracker\src\test\resources
2026-05-25 19:05:01,949 [Worker-25: Building] INFO  o.a.m.s.f.DefaultMavenResourcesFiltering - Copying 0 resource from src\main\resources to target\classes
2026-05-25 19:05:01,952 [Worker-25: Building] INFO  o.a.m.s.f.DefaultMavenResourcesFiltering - skip non existing resourceDirectory D:\Java_Project\Online_Expanse_Tracker\src\test\resources
2026-05-25 19:11:37,445 [Worker-39: Building] INFO  o.a.m.s.f.DefaultMavenResourcesFiltering - Copying 0 resource from src\main\resources to target\classes
2026-05-25 19:11:37,448 [Worker-39: Building] INFO  o.a.m.s.f.DefaultMavenResourcesFiltering - skip non existing resourceDirectory D:\Java_Project\Online_Expanse_Tracker\src\test\resources
2026-05-25 20:01:26,324 [Worker-34: Building] INFO  o.a.m.s.f.DefaultMavenResourcesFiltering - Copying 0 resource from src\main\resources to target\classes
2026-05-25 20:01:26,329 [Worker-34: Building] INFO  o.a.m.s.f.DefaultMavenResourcesFiltering - skip non existing resourceDirectory D:\Java_Project\Online_Expanse_Tracker\src\test\resources
2026-05-25 20:02:51,800 [Worker-42: Building] INFO  o.a.m.s.f.DefaultMavenResourcesFiltering - Copying 0 resource from src\main\resources to target\classes
2026-05-25 20:02:51,804 [Worker-42: Building] INFO  o.a.m.s.f.DefaultMavenResourcesFiltering - skip non existing resourceDirectory D:\Java_Project\Online_Expanse_Tracker\src\test\resources
2026-05-25 20:03:46,882 [Worker-39: Building] INFO  o.a.m.s.f.DefaultMavenResourcesFiltering - Copying 0 resource from src\main\resources to target\classes
2026-05-25 20:03:46,886 [Worker-39: Building] INFO  o.a.m.s.f.DefaultMavenResourcesFiltering - skip non existing resourceDirectory D:\Java_Project\Online_Expanse_Tracker\src\test\resources
2026-05-25 20:05:45,634 [Worker-39: Building] INFO  o.a.m.s.f.DefaultMavenResourcesFiltering - Copying 0 resource from src\main\resources to target\classes
2026-05-25 20:05:45,637 [Worker-39: Building] INFO  o.a.m.s.f.DefaultMavenResourcesFiltering - skip non existing resourceDirectory D:\Java_Project\Online_Expanse_Tracker\src\test\resources
2026-05-25 20:06:26,487 [Worker-42: Building] INFO  o.a.m.s.f.DefaultMavenResourcesFiltering - Copying 0 resource from src\main\resources to target\classes
2026-05-25 20:06:26,490 [Worker-42: Building] INFO  o.a.m.s.f.DefaultMavenResourcesFiltering - skip non existing resourceDirectory D:\Java_Project\Online_Expanse_Tracker\src\test\resources
2026-05-25 20:21:55,670 [Worker-41: Building] INFO  o.a.m.s.f.DefaultMavenResourcesFiltering - Copying 0 resource from src\main\resources to target\classes
2026-05-25 20:21:55,673 [Worker-41: Building] INFO  o.a.m.s.f.DefaultMavenResourcesFiltering - skip non existing resourceDirectory D:\Java_Project\Online_Expanse_Tracker\src\test\resources
2026-05-25 20:22:01,270 [Worker-45: Building] INFO  o.a.m.s.f.DefaultMavenResourcesFiltering - Copying 0 resource from src\main\resources to target\classes
2026-05-25 20:22:01,273 [Worker-45: Building] INFO  o.a.m.s.f.DefaultMavenResourcesFiltering - skip non existing resourceDirectory D:\Java_Project\Online_Expanse_Tracker\src\test\resources
2026-05-25 20:22:36,671 [Worker-44: Building] INFO  o.a.m.s.f.DefaultMavenResourcesFiltering - Copying 0 resource from src\main\resources to target\classes
2026-05-25 20:22:36,675 [Worker-44: Building] INFO  o.a.m.s.f.DefaultMavenResourcesFiltering - skip non existing resourceDirectory D:\Java_Project\Online_Expanse_Tracker\src\test\resources
2026-05-25 20:22:58,095 [Worker-44: Building] INFO  o.a.m.s.f.DefaultMavenResourcesFiltering - Copying 0 resource from src\main\resources to target\classes
2026-05-25 20:22:58,100 [Worker-44: Building] INFO  o.a.m.s.f.DefaultMavenResourcesFiltering - skip non existing resourceDirectory D:\Java_Project\Online_Expanse_Tracker\src\test\resources
2026-05-25 20:45:10,547 [Worker-41: Building] INFO  o.a.m.s.f.DefaultMavenResourcesFiltering - Copying 0 resource from src\main\resources to target\classes
2026-05-25 20:45:10,548 [Worker-41: Building] INFO  o.a.m.s.f.DefaultMavenResourcesFiltering - skip non existing resourceDirectory D:\Java_Project\Online_Expanse_Tracker\src\test\resources
2026-05-25 20:45:23,230 [Worker-47: Building] INFO  o.a.m.s.f.DefaultMavenResourcesFiltering - Copying 0 resource from src\main\resources to target\classes
2026-05-25 20:45:23,232 [Worker-47: Building] INFO  o.a.m.s.f.DefaultMavenResourcesFiltering - skip non existing resourceDirectory D:\Java_Project\Online_Expanse_Tracker\src\test\resources
2026-05-25 20:49:18,334 [Worker-49: Building] INFO  o.a.m.s.f.DefaultMavenResourcesFiltering - Copying 0 resource from src\main\resources to target\classes
2026-05-25 20:49:18,337 [Worker-49: Building] INFO  o.a.m.s.f.DefaultMavenResourcesFiltering - skip non existing resourceDirectory D:\Java_Project\Online_Expanse_Tracker\src\test\resources
2026-05-25 20:51:08,938 [Worker-48: Building] INFO  o.a.m.s.f.DefaultMavenResourcesFiltering - Copying 0 resource from src\main\resources to target\classes
2026-05-25 20:51:08,942 [Worker-48: Building] INFO  o.a.m.s.f.DefaultMavenResourcesFiltering - skip non existing resourceDirectory D:\Java_Project\Online_Expanse_Tracker\src\test\resources
2026-05-25 20:51:39,768 [Worker-41: Building] INFO  o.a.m.s.f.DefaultMavenResourcesFiltering - Copying 1 resource from src\main\resources to target\classes
2026-05-25 20:51:39,772 [Worker-41: Building] INFO  o.a.m.s.f.DefaultMavenResourcesFiltering - skip non existing resourceDirectory D:\Java_Project\Online_Expanse_Tracker\src\test\resources
2026-05-25 20:53:20,950 [Worker-50: Building] INFO  o.a.m.s.f.DefaultMavenResourcesFiltering - Copying 1 resource from src\main\resources to target\classes
2026-05-25 20:53:20,953 [Worker-50: Building] INFO  o.a.m.s.f.DefaultMavenResourcesFiltering - skip non existing resourceDirectory D:\Java_Project\Online_Expanse_Tracker\src\test\resources
2026-05-25 20:53:40,992 [Worker-48: Building] INFO  o.a.m.s.f.DefaultMavenResourcesFiltering - Copying 1 resource from src\main\resources to target\classes
2026-05-25 20:53:40,999 [Worker-48: Building] INFO  o.a.m.s.f.DefaultMavenResourcesFiltering - skip non existing resourceDirectory D:\Java_Project\Online_Expanse_Tracker\src\test\resources
2026-05-25 20:54:17,715 [Worker-51: Building] INFO  o.a.m.s.f.DefaultMavenResourcesFiltering - Copying 0 resource from src\main\resources to target\classes
2026-05-25 20:54:17,718 [Worker-51: Building] INFO  o.a.m.s.f.DefaultMavenResourcesFiltering - skip non existing resourceDirectory D:\Java_Project\Online_Expanse_Tracker\src\test\resources
2026-05-25 20:55:04,332 [Worker-41: Building] INFO  o.a.m.s.f.DefaultMavenResourcesFiltering - Copying 0 resource from src\main\resources to target\classes
2026-05-25 20:55:04,335 [Worker-41: Building] INFO  o.a.m.s.f.DefaultMavenResourcesFiltering - skip non existing resourceDirectory D:\Java_Project\Online_Expanse_Tracker\src\test\resources
2026-05-25 20:55:15,469 [Worker-30: Building] INFO  o.a.m.s.f.DefaultMavenResourcesFiltering - Copying 0 resource from src\main\resources to target\classes
2026-05-25 20:55:15,471 [Worker-30: Building] INFO  o.a.m.s.f.DefaultMavenResourcesFiltering - skip non existing resourceDirectory D:\Java_Project\Online_Expanse_Tracker\src\test\resources
2026-05-25 20:59:40,927 [Worker-51: Building] INFO  o.a.m.s.f.DefaultMavenResourcesFiltering - Copying 0 resource from src\main\resources to target\classes
2026-05-25 20:59:40,930 [Worker-51: Building] INFO  o.a.m.s.f.DefaultMavenResourcesFiltering - skip non existing resourceDirectory D:\Java_Project\Online_Expanse_Tracker\src\test\resources
2026-05-25 20:59:48,315 [Worker-49: Building] INFO  o.a.m.s.f.DefaultMavenResourcesFiltering - Copying 0 resource from src\main\resources to target\classes
2026-05-25 20:59:48,320 [Worker-49: Building] INFO  o.a.m.s.f.DefaultMavenResourcesFiltering - skip non existing resourceDirectory D:\Java_Project\Online_Expanse_Tracker\src\test\resources
2026-05-25 21:01:31,863 [Worker-48: Building] INFO  o.a.m.s.f.DefaultMavenResourcesFiltering - Copying 0 resource from src\main\resources to target\classes
2026-05-25 21:01:31,864 [Worker-48: Building] INFO  o.a.m.s.f.DefaultMavenResourcesFiltering - skip non existing resourceDirectory D:\Java_Project\Online_Expanse_Tracker\src\test\resources
2026-05-25 21:01:48,598 [Worker-50: Building] INFO  o.a.m.s.f.DefaultMavenResourcesFiltering - Copying 0 resource from src\main\resources to target\classes
2026-05-25 21:01:48,600 [Worker-50: Building] INFO  o.a.m.s.f.DefaultMavenResourcesFiltering - skip non existing resourceDirectory D:\Java_Project\Online_Expanse_Tracker\src\test\resources
2026-05-25 21:02:29,066 [Worker-47: Building] INFO  o.a.m.s.f.DefaultMavenResourcesFiltering - Copying 0 resource from src\main\resources to target\classes
2026-05-25 21:02:29,068 [Worker-47: Building] INFO  o.a.m.s.f.DefaultMavenResourcesFiltering - skip non existing resourceDirectory D:\Java_Project\Online_Expanse_Tracker\src\test\resources
2026-05-25 21:02:52,664 [Worker-48: Building] INFO  o.a.m.s.f.DefaultMavenResourcesFiltering - Copying 0 resource from src\main\resources to target\classes
2026-05-25 21:02:52,666 [Worker-48: Building] INFO  o.a.m.s.f.DefaultMavenResourcesFiltering - skip non existing resourceDirectory D:\Java_Project\Online_Expanse_Tracker\src\test\resources
2026-05-25 21:03:47,837 [Worker-50: Building] INFO  o.a.m.s.f.DefaultMavenResourcesFiltering - Copying 0 resource from src\main\resources to target\classes
2026-05-25 21:03:47,838 [Worker-50: Building] INFO  o.a.m.s.f.DefaultMavenResourcesFiltering - skip non existing resourceDirectory D:\Java_Project\Online_Expanse_Tracker\src\test\resources
2026-05-25 21:04:04,916 [Worker-49: Building] INFO  o.a.m.s.f.DefaultMavenResourcesFiltering - Copying 0 resource from src\main\resources to target\classes
2026-05-25 21:04:04,918 [Worker-49: Building] INFO  o.a.m.s.f.DefaultMavenResourcesFiltering - skip non existing resourceDirectory D:\Java_Project\Online_Expanse_Tracker\src\test\resources
2026-05-25 21:33:11,691 [Worker-48: Building] INFO  o.a.m.s.f.DefaultMavenResourcesFiltering - Copying 0 resource from src\main\resources to target\classes
2026-05-25 21:33:11,693 [Worker-48: Building] INFO  o.a.m.s.f.DefaultMavenResourcesFiltering - skip non existing resourceDirectory D:\Java_Project\Online_Expanse_Tracker\src\test\resources
2026-05-25 21:34:33,982 [Worker-49: Building] INFO  o.a.m.s.f.DefaultMavenResourcesFiltering - Copying 0 resource from src\main\resources to target\classes
2026-05-25 21:34:33,983 [Worker-49: Building] INFO  o.a.m.s.f.DefaultMavenResourcesFiltering - skip non existing resourceDirectory D:\Java_Project\Online_Expanse_Tracker\src\test\resources
2026-05-25 21:34:53,527 [Worker-49: Building] INFO  o.a.m.s.f.DefaultMavenResourcesFiltering - Copying 0 resource from src\main\resources to target\classes
2026-05-25 21:34:53,528 [Worker-49: Building] INFO  o.a.m.s.f.DefaultMavenResourcesFiltering - skip non existing resourceDirectory D:\Java_Project\Online_Expanse_Tracker\src\test\resources
2026-05-25 21:35:51,708 [Worker-48: Building] INFO  o.a.m.s.f.DefaultMavenResourcesFiltering - Copying 0 resource from src\main\resources to target\classes
2026-05-25 21:35:51,709 [Worker-48: Building] INFO  o.a.m.s.f.DefaultMavenResourcesFiltering - skip non existing resourceDirectory D:\Java_Project\Online_Expanse_Tracker\src\test\resources
2026-05-25 21:36:21,787 [Worker-54: Building] INFO  o.a.m.s.f.DefaultMavenResourcesFiltering - Copying 0 resource from src\main\resources to target\classes
2026-05-25 21:36:21,788 [Worker-54: Building] INFO  o.a.m.s.f.DefaultMavenResourcesFiltering - skip non existing resourceDirectory D:\Java_Project\Online_Expanse_Tracker\src\test\resources
2026-05-25 21:37:50,644 [Worker-48: Building] INFO  o.a.m.s.f.DefaultMavenResourcesFiltering - Copying 0 resource from src\main\resources to target\classes
2026-05-25 21:37:50,645 [Worker-48: Building] INFO  o.a.m.s.f.DefaultMavenResourcesFiltering - skip non existing resourceDirectory D:\Java_Project\Online_Expanse_Tracker\src\test\resources
2026-05-25 21:39:40,498 [Worker-52: Building] INFO  o.a.m.s.f.DefaultMavenResourcesFiltering - Copying 0 resource from src\main\resources to target\classes
2026-05-25 21:39:40,499 [Worker-52: Building] INFO  o.a.m.s.f.DefaultMavenResourcesFiltering - skip non existing resourceDirectory D:\Java_Project\Online_Expanse_Tracker\src\test\resources
2026-05-25 21:39:53,382 [Worker-54: Building] INFO  o.a.m.s.f.DefaultMavenResourcesFiltering - Copying 0 resource from src\main\resources to target\classes
2026-05-25 21:39:53,383 [Worker-54: Building] INFO  o.a.m.s.f.DefaultMavenResourcesFiltering - skip non existing resourceDirectory D:\Java_Project\Online_Expanse_Tracker\src\test\resources
2026-05-25 21:45:50,948 [Worker-47: Building] INFO  o.a.m.s.f.DefaultMavenResourcesFiltering - Copying 0 resource from src\main\resources to target\classes
2026-05-25 21:45:50,950 [Worker-47: Building] INFO  o.a.m.s.f.DefaultMavenResourcesFiltering - skip non existing resourceDirectory D:\Java_Project\Online_Expanse_Tracker\src\test\resources
2026-05-25 21:45:57,196 [Worker-47: Building] INFO  o.a.m.s.f.DefaultMavenResourcesFiltering - Copying 0 resource from src\main\resources to target\classes
2026-05-25 21:45:57,197 [Worker-47: Building] INFO  o.a.m.s.f.DefaultMavenResourcesFiltering - skip non existing resourceDirectory D:\Java_Project\Online_Expanse_Tracker\src\test\resources
2026-05-25 21:48:04,342 [Worker-52: Building] INFO  o.a.m.s.f.DefaultMavenResourcesFiltering - Copying 0 resource from src\main\resources to target\classes
2026-05-25 21:48:04,344 [Worker-52: Building] INFO  o.a.m.s.f.DefaultMavenResourcesFiltering - skip non existing resourceDirectory D:\Java_Project\Online_Expanse_Tracker\src\test\resources
2026-05-25 21:51:17,019 [Worker-54: Building] INFO  o.a.m.s.f.DefaultMavenResourcesFiltering - Copying 0 resource from src\main\resources to target\classes
2026-05-25 21:51:17,020 [Worker-54: Building] INFO  o.a.m.s.f.DefaultMavenResourcesFiltering - skip non existing resourceDirectory D:\Java_Project\Online_Expanse_Tracker\src\test\resources
2026-05-25 21:53:10,226 [Worker-48: Building] INFO  o.a.m.s.f.DefaultMavenResourcesFiltering - Copying 0 resource from src\main\resources to target\classes
2026-05-25 21:53:10,227 [Worker-48: Building] INFO  o.a.m.s.f.DefaultMavenResourcesFiltering - skip non existing resourceDirectory D:\Java_Project\Online_Expanse_Tracker\src\test\resources
2026-05-25 21:54:17,377 [Worker-54: Building] INFO  o.a.m.s.f.DefaultMavenResourcesFiltering - Copying 0 resource from src\main\resources to target\classes
2026-05-25 21:54:17,379 [Worker-54: Building] INFO  o.a.m.s.f.DefaultMavenResourcesFiltering - skip non existing resourceDirectory D:\Java_Project\Online_Expanse_Tracker\src\test\resources
2026-05-25 21:54:27,145 [Worker-54: Building] INFO  o.a.m.s.f.DefaultMavenResourcesFiltering - Copying 0 resource from src\main\resources to target\classes
2026-05-25 21:54:27,146 [Worker-54: Building] INFO  o.a.m.s.f.DefaultMavenResourcesFiltering - skip non existing resourceDirectory D:\Java_Project\Online_Expanse_Tracker\src\test\resources
2026-05-25 21:55:06,596 [Worker-52: Building] INFO  o.a.m.s.f.DefaultMavenResourcesFiltering - Copying 0 resource from src\main\resources to target\classes
2026-05-25 21:55:06,597 [Worker-52: Building] INFO  o.a.m.s.f.DefaultMavenResourcesFiltering - skip non existing resourceDirectory D:\Java_Project\Online_Expanse_Tracker\src\test\resources
2026-05-25 21:55:54,748 [Worker-34: Building] INFO  o.a.m.s.f.DefaultMavenResourcesFiltering - Copying 0 resource from src\main\resources to target\classes
2026-05-25 21:55:54,749 [Worker-34: Building] INFO  o.a.m.s.f.DefaultMavenResourcesFiltering - skip non existing resourceDirectory D:\Java_Project\Online_Expanse_Tracker\src\test\resources
2026-05-25 21:58:19,270 [Worker-54: Building] INFO  o.a.m.s.f.DefaultMavenResourcesFiltering - Copying 0 resource from src\main\resources to target\classes
2026-05-25 21:58:19,272 [Worker-54: Building] INFO  o.a.m.s.f.DefaultMavenResourcesFiltering - skip non existing resourceDirectory D:\Java_Project\Online_Expanse_Tracker\src\test\resources
2026-05-25 21:59:08,041 [Worker-54: Building] INFO  o.a.m.s.f.DefaultMavenResourcesFiltering - Copying 0 resource from src\main\resources to target\classes
2026-05-25 21:59:08,042 [Worker-54: Building] INFO  o.a.m.s.f.DefaultMavenResourcesFiltering - skip non existing resourceDirectory D:\Java_Project\Online_Expanse_Tracker\src\test\resources
2026-05-25 22:00:49,895 [Worker-54: Building] INFO  o.a.m.s.f.DefaultMavenResourcesFiltering - Copying 0 resource from src\main\resources to target\classes
2026-05-25 22:00:49,896 [Worker-54: Building] INFO  o.a.m.s.f.DefaultMavenResourcesFiltering - skip non existing resourceDirectory D:\Java_Project\Online_Expanse_Tracker\src\test\resources
2026-05-25 22:01:15,726 [Worker-53: Building] INFO  o.a.m.s.f.DefaultMavenResourcesFiltering - Copying 0 resource from src\main\resources to target\classes
2026-05-25 22:01:15,727 [Worker-53: Building] INFO  o.a.m.s.f.DefaultMavenResourcesFiltering - skip non existing resourceDirectory D:\Java_Project\Online_Expanse_Tracker\src\test\resources
2026-05-25 22:01:18,207 [Worker-34: Building] INFO  o.a.m.s.f.DefaultMavenResourcesFiltering - Copying 0 resource from src\main\resources to target\classes
2026-05-25 22:01:18,208 [Worker-34: Building] INFO  o.a.m.s.f.DefaultMavenResourcesFiltering - skip non existing resourceDirectory D:\Java_Project\Online_Expanse_Tracker\src\test\resources
2026-05-25 22:01:39,389 [Worker-56: Building] INFO  o.a.m.s.f.DefaultMavenResourcesFiltering - Copying 0 resource from src\main\resources to target\classes
2026-05-25 22:01:39,390 [Worker-56: Building] INFO  o.a.m.s.f.DefaultMavenResourcesFiltering - skip non existing resourceDirectory D:\Java_Project\Online_Expanse_Tracker\src\test\resources
2026-05-25 22:02:21,847 [Worker-55: Building] INFO  o.a.m.s.f.DefaultMavenResourcesFiltering - Copying 0 resource from src\main\resources to target\classes
2026-05-25 22:02:21,849 [Worker-55: Building] INFO  o.a.m.s.f.DefaultMavenResourcesFiltering - skip non existing resourceDirectory D:\Java_Project\Online_Expanse_Tracker\src\test\resources
2026-05-25 22:03:58,360 [Worker-34: Building] INFO  o.a.m.s.f.DefaultMavenResourcesFiltering - Copying 0 resource from src\main\resources to target\classes
2026-05-25 22:03:58,361 [Worker-34: Building] INFO  o.a.m.s.f.DefaultMavenResourcesFiltering - skip non existing resourceDirectory D:\Java_Project\Online_Expanse_Tracker\src\test\resources
2026-05-25 22:04:14,644 [Worker-48: Building] INFO  o.a.m.s.f.DefaultMavenResourcesFiltering - Copying 0 resource from src\main\resources to target\classes
2026-05-25 22:04:14,645 [Worker-48: Building] INFO  o.a.m.s.f.DefaultMavenResourcesFiltering - skip non existing resourceDirectory D:\Java_Project\Online_Expanse_Tracker\src\test\resources
2026-05-25 22:04:41,430 [Worker-34: Building] INFO  o.a.m.s.f.DefaultMavenResourcesFiltering - Copying 0 resource from src\main\resources to target\classes
2026-05-25 22:04:41,431 [Worker-34: Building] INFO  o.a.m.s.f.DefaultMavenResourcesFiltering - skip non existing resourceDirectory D:\Java_Project\Online_Expanse_Tracker\src\test\resources
2026-05-25 22:04:43,505 [Worker-48: Building] INFO  o.a.m.s.f.DefaultMavenResourcesFiltering - Copying 0 resource from src\main\resources to target\classes
2026-05-25 22:04:43,507 [Worker-48: Building] INFO  o.a.m.s.f.DefaultMavenResourcesFiltering - skip non existing resourceDirectory D:\Java_Project\Online_Expanse_Tracker\src\test\resources
2026-05-25 22:04:51,204 [Worker-48: Building] INFO  o.a.m.s.f.DefaultMavenResourcesFiltering - Copying 0 resource from src\main\resources to target\classes
2026-05-25 22:04:51,205 [Worker-48: Building] INFO  o.a.m.s.f.DefaultMavenResourcesFiltering - skip non existing resourceDirectory D:\Java_Project\Online_Expanse_Tracker\src\test\resources
2026-05-25 22:05:17,014 [Worker-55: Building] INFO  o.a.m.s.f.DefaultMavenResourcesFiltering - Copying 0 resource from src\main\resources to target\classes
2026-05-25 22:05:17,015 [Worker-55: Building] INFO  o.a.m.s.f.DefaultMavenResourcesFiltering - skip non existing resourceDirectory D:\Java_Project\Online_Expanse_Tracker\src\test\resources
2026-05-25 22:05:25,805 [Worker-34: Building] INFO  o.a.m.s.f.DefaultMavenResourcesFiltering - Copying 0 resource from src\main\resources to target\classes
2026-05-25 22:05:25,806 [Worker-34: Building] INFO  o.a.m.s.f.DefaultMavenResourcesFiltering - skip non existing resourceDirectory D:\Java_Project\Online_Expanse_Tracker\src\test\resources
2026-05-25 22:05:30,161 [Worker-48: Building] INFO  o.a.m.s.f.DefaultMavenResourcesFiltering - Copying 0 resource from src\main\resources to target\classes
2026-05-25 22:05:30,161 [Worker-48: Building] INFO  o.a.m.s.f.DefaultMavenResourcesFiltering - skip non existing resourceDirectory D:\Java_Project\Online_Expanse_Tracker\src\test\resources
2026-05-25 22:05:41,981 [Worker-56: Building] INFO  o.a.m.s.f.DefaultMavenResourcesFiltering - Copying 0 resource from src\main\resources to target\classes
2026-05-25 22:05:41,982 [Worker-56: Building] INFO  o.a.m.s.f.DefaultMavenResourcesFiltering - skip non existing resourceDirectory D:\Java_Project\Online_Expanse_Tracker\src\test\resources
2026-05-25 22:05:45,458 [Worker-54: Building] INFO  o.a.m.s.f.DefaultMavenResourcesFiltering - Copying 0 resource from src\main\resources to target\classes
2026-05-25 22:05:45,459 [Worker-54: Building] INFO  o.a.m.s.f.DefaultMavenResourcesFiltering - skip non existing resourceDirectory D:\Java_Project\Online_Expanse_Tracker\src\test\resources
2026-05-25 22:07:39,748 [Worker-52: Building] INFO  o.a.m.s.f.DefaultMavenResourcesFiltering - Copying 0 resource from src\main\resources to target\classes
2026-05-25 22:07:39,749 [Worker-52: Building] INFO  o.a.m.s.f.DefaultMavenResourcesFiltering - skip non existing resourceDirectory D:\Java_Project\Online_Expanse_Tracker\src\test\resources
2026-05-25 22:08:06,917 [Worker-52: Building] INFO  o.a.m.s.f.DefaultMavenResourcesFiltering - Copying 0 resource from src\main\resources to target\classes
2026-05-25 22:08:06,918 [Worker-52: Building] INFO  o.a.m.s.f.DefaultMavenResourcesFiltering - skip non existing resourceDirectory D:\Java_Project\Online_Expanse_Tracker\src\test\resources
2026-05-25 22:08:35,627 [Worker-47: Building] INFO  o.a.m.s.f.DefaultMavenResourcesFiltering - Copying 0 resource from src\main\resources to target\classes
2026-05-25 22:08:35,628 [Worker-47: Building] INFO  o.a.m.s.f.DefaultMavenResourcesFiltering - skip non existing resourceDirectory D:\Java_Project\Online_Expanse_Tracker\src\test\resources
2026-05-25 22:08:51,179 [Worker-52: Building] INFO  o.a.m.s.f.DefaultMavenResourcesFiltering - Copying 0 resource from src\main\resources to target\classes
2026-05-25 22:08:51,180 [Worker-52: Building] INFO  o.a.m.s.f.DefaultMavenResourcesFiltering - skip non existing resourceDirectory D:\Java_Project\Online_Expanse_Tracker\src\test\resources
2026-05-25 22:09:18,794 [Worker-55: Building] INFO  o.a.m.s.f.DefaultMavenResourcesFiltering - Copying 0 resource from src\main\resources to target\classes
2026-05-25 22:09:18,795 [Worker-55: Building] INFO  o.a.m.s.f.DefaultMavenResourcesFiltering - skip non existing resourceDirectory D:\Java_Project\Online_Expanse_Tracker\src\test\resources
2026-05-25 22:09:48,719 [Worker-53: Building] INFO  o.a.m.s.f.DefaultMavenResourcesFiltering - Copying 0 resource from src\main\resources to target\classes
2026-05-25 22:09:48,720 [Worker-53: Building] INFO  o.a.m.s.f.DefaultMavenResourcesFiltering - skip non existing resourceDirectory D:\Java_Project\Online_Expanse_Tracker\src\test\resources
2026-05-25 22:10:18,463 [Worker-55: Building] INFO  o.a.m.s.f.DefaultMavenResourcesFiltering - Copying 0 resource from src\main\resources to target\classes
2026-05-25 22:10:18,464 [Worker-55: Building] INFO  o.a.m.s.f.DefaultMavenResourcesFiltering - skip non existing resourceDirectory D:\Java_Project\Online_Expanse_Tracker\src\test\resources
2026-05-25 22:10:32,675 [Worker-47: Building] INFO  o.a.m.s.f.DefaultMavenResourcesFiltering - Copying 0 resource from src\main\resources to target\classes
2026-05-25 22:10:32,677 [Worker-47: Building] INFO  o.a.m.s.f.DefaultMavenResourcesFiltering - skip non existing resourceDirectory D:\Java_Project\Online_Expanse_Tracker\src\test\resources
2026-05-25 22:11:05,005 [Worker-52: Building] INFO  o.a.m.s.f.DefaultMavenResourcesFiltering - Copying 0 resource from src\main\resources to target\classes
2026-05-25 22:11:05,006 [Worker-52: Building] INFO  o.a.m.s.f.DefaultMavenResourcesFiltering - skip non existing resourceDirectory D:\Java_Project\Online_Expanse_Tracker\src\test\resources
2026-05-25 22:11:22,208 [Worker-52: Building] INFO  o.a.m.s.f.DefaultMavenResourcesFiltering - Copying 0 resource from src\main\resources to target\classes
2026-05-25 22:11:22,209 [Worker-52: Building] INFO  o.a.m.s.f.DefaultMavenResourcesFiltering - skip non existing resourceDirectory D:\Java_Project\Online_Expanse_Tracker\src\test\resources
2026-05-25 22:11:31,440 [Worker-48: Building] INFO  o.a.m.s.f.DefaultMavenResourcesFiltering - Copying 0 resource from src\main\resources to target\classes
2026-05-25 22:11:31,441 [Worker-48: Building] INFO  o.a.m.s.f.DefaultMavenResourcesFiltering - skip non existing resourceDirectory D:\Java_Project\Online_Expanse_Tracker\src\test\resources
2026-05-25 22:11:39,523 [Worker-47: Building] INFO  o.a.m.s.f.DefaultMavenResourcesFiltering - Copying 0 resource from src\main\resources to target\classes
2026-05-25 22:11:39,525 [Worker-47: Building] INFO  o.a.m.s.f.DefaultMavenResourcesFiltering - skip non existing resourceDirectory D:\Java_Project\Online_Expanse_Tracker\src\test\resources
2026-05-25 22:12:07,888 [Worker-53: Building] INFO  o.a.m.s.f.DefaultMavenResourcesFiltering - Copying 0 resource from src\main\resources to target\classes
2026-05-25 22:12:07,889 [Worker-53: Building] INFO  o.a.m.s.f.DefaultMavenResourcesFiltering - skip non existing resourceDirectory D:\Java_Project\Online_Expanse_Tracker\src\test\resources
2026-05-25 22:12:23,668 [Worker-48: Building] INFO  o.a.m.s.f.DefaultMavenResourcesFiltering - Copying 0 resource from src\main\resources to target\classes
2026-05-25 22:12:23,670 [Worker-48: Building] INFO  o.a.m.s.f.DefaultMavenResourcesFiltering - skip non existing resourceDirectory D:\Java_Project\Online_Expanse_Tracker\src\test\resources
2026-05-25 22:13:03,834 [Worker-48: Building] INFO  o.a.m.s.f.DefaultMavenResourcesFiltering - Copying 0 resource from src\main\resources to target\classes
2026-05-25 22:13:03,835 [Worker-48: Building] INFO  o.a.m.s.f.DefaultMavenResourcesFiltering - skip non existing resourceDirectory D:\Java_Project\Online_Expanse_Tracker\src\test\resources
2026-05-25 22:47:51,161 [Worker-55: Building] INFO  o.a.m.s.f.DefaultMavenResourcesFiltering - Copying 0 resource from src\main\resources to target\classes
2026-05-25 22:47:51,162 [Worker-55: Building] INFO  o.a.m.s.f.DefaultMavenResourcesFiltering - skip non existing resourceDirectory D:\Java_Project\Online_Expanse_Tracker\src\test\resources
2026-05-25 22:49:21,456 [Worker-58: Building] INFO  o.a.m.s.f.DefaultMavenResourcesFiltering - Copying 0 resource from src\main\resources to target\classes
2026-05-25 22:49:21,459 [Worker-58: Building] INFO  o.a.m.s.f.DefaultMavenResourcesFiltering - skip non existing resourceDirectory D:\Java_Project\Online_Expanse_Tracker\src\test\resources
2026-05-25 22:49:53,022 [Worker-56: Building] INFO  o.a.m.s.f.DefaultMavenResourcesFiltering - Copying 0 resource from src\main\resources to target\classes
2026-05-25 22:49:53,025 [Worker-56: Building] INFO  o.a.m.s.f.DefaultMavenResourcesFiltering - skip non existing resourceDirectory D:\Java_Project\Online_Expanse_Tracker\src\test\resources
2026-05-25 22:50:33,522 [Worker-55: Building] INFO  o.a.m.s.f.DefaultMavenResourcesFiltering - Copying 0 resource from src\main\resources to target\classes
2026-05-25 22:50:33,525 [Worker-55: Building] INFO  o.a.m.s.f.DefaultMavenResourcesFiltering - skip non existing resourceDirectory D:\Java_Project\Online_Expanse_Tracker\src\test\resources
2026-05-25 22:52:14,473 [Worker-48: Building] INFO  o.a.m.s.f.DefaultMavenResourcesFiltering - Copying 0 resource from src\main\resources to target\classes
2026-05-25 22:52:14,476 [Worker-48: Building] INFO  o.a.m.s.f.DefaultMavenResourcesFiltering - skip non existing resourceDirectory D:\Java_Project\Online_Expanse_Tracker\src\test\resources
2026-05-25 22:52:18,029 [Worker-47: Building] INFO  o.a.m.s.f.DefaultMavenResourcesFiltering - Copying 0 resource from src\main\resources to target\classes
2026-05-25 22:52:18,033 [Worker-47: Building] INFO  o.a.m.s.f.DefaultMavenResourcesFiltering - skip non existing resourceDirectory D:\Java_Project\Online_Expanse_Tracker\src\test\resources
2026-05-25 22:53:45,870 [Worker-56: Building] INFO  o.a.m.s.f.DefaultMavenResourcesFiltering - Copying 0 resource from src\main\resources to target\classes
2026-05-25 22:53:45,874 [Worker-56: Building] INFO  o.a.m.s.f.DefaultMavenResourcesFiltering - skip non existing resourceDirectory D:\Java_Project\Online_Expanse_Tracker\src\test\resources
2026-05-25 22:55:02,831 [Worker-47: Building] INFO  o.a.m.s.f.DefaultMavenResourcesFiltering - Copying 0 resource from src\main\resources to target\classes
2026-05-25 22:55:02,835 [Worker-47: Building] INFO  o.a.m.s.f.DefaultMavenResourcesFiltering - skip non existing resourceDirectory D:\Java_Project\Online_Expanse_Tracker\src\test\resources
2026-05-25 22:55:37,469 [Worker-56: Building] INFO  o.a.m.s.f.DefaultMavenResourcesFiltering - Copying 0 resource from src\main\resources to target\classes
2026-05-25 22:55:37,474 [Worker-56: Building] INFO  o.a.m.s.f.DefaultMavenResourcesFiltering - skip non existing resourceDirectory D:\Java_Project\Online_Expanse_Tracker\src\test\resources
2026-05-25 23:01:05,265 [Worker-56: Building] INFO  o.a.m.s.f.DefaultMavenResourcesFiltering - Copying 0 resource from src\main\resources to target\classes
2026-05-25 23:01:05,268 [Worker-56: Building] INFO  o.a.m.s.f.DefaultMavenResourcesFiltering - skip non existing resourceDirectory D:\Java_Project\Online_Expanse_Tracker\src\test\resources
2026-05-25 23:02:05,746 [Worker-47: Building] INFO  o.a.m.s.f.DefaultMavenResourcesFiltering - Copying 1 resource from src\main\resources to target\classes
2026-05-25 23:02:05,774 [Worker-47: Building] INFO  o.a.m.s.f.DefaultMavenResourcesFiltering - skip non existing resourceDirectory D:\Java_Project\Online_Expanse_Tracker\src\test\resources
2026-05-25 23:07:31,820 [Worker-60: Building] INFO  o.a.m.s.f.DefaultMavenResourcesFiltering - Copying 1 resource from src\main\resources to target\classes
2026-05-25 23:07:31,825 [Worker-60: Building] INFO  o.a.m.s.f.DefaultMavenResourcesFiltering - skip non existing resourceDirectory D:\Java_Project\Online_Expanse_Tracker\src\test\resources
2026-05-25 23:07:38,983 [Worker-55: Building] INFO  o.a.m.s.f.DefaultMavenResourcesFiltering - Copying 1 resource from src\main\resources to target\classes
2026-05-25 23:07:38,986 [Worker-55: Building] INFO  o.a.m.s.f.DefaultMavenResourcesFiltering - skip non existing resourceDirectory D:\Java_Project\Online_Expanse_Tracker\src\test\resources
2026-05-25 23:08:34,883 [Worker-59: Building] INFO  o.a.m.s.f.DefaultMavenResourcesFiltering - Copying 1 resource from src\main\resources to target\classes
2026-05-25 23:08:34,889 [Worker-59: Building] INFO  o.a.m.s.f.DefaultMavenResourcesFiltering - skip non existing resourceDirectory D:\Java_Project\Online_Expanse_Tracker\src\test\resources
2026-05-25 23:13:22,258 [Worker-58: Building] INFO  o.a.m.s.f.DefaultMavenResourcesFiltering - Copying 0 resource from src\main\resources to target\classes
2026-05-25 23:13:22,261 [Worker-58: Building] INFO  o.a.m.s.f.DefaultMavenResourcesFiltering - skip non existing resourceDirectory D:\Java_Project\Online_Expanse_Tracker\src\test\resources
2026-05-25 23:14:01,390 [Worker-47: Building] INFO  o.a.m.s.f.DefaultMavenResourcesFiltering - Copying 0 resource from src\main\resources to target\classes
2026-05-25 23:14:01,393 [Worker-47: Building] INFO  o.a.m.s.f.DefaultMavenResourcesFiltering - skip non existing resourceDirectory D:\Java_Project\Online_Expanse_Tracker\src\test\resources
2026-05-25 23:14:15,340 [Worker-60: Building] INFO  o.a.m.s.f.DefaultMavenResourcesFiltering - Copying 0 resource from src\main\resources to target\classes
2026-05-25 23:14:15,343 [Worker-60: Building] INFO  o.a.m.s.f.DefaultMavenResourcesFiltering - skip non existing resourceDirectory D:\Java_Project\Online_Expanse_Tracker\src\test\resources
2026-05-25 23:14:37,543 [Worker-58: Building] INFO  o.a.m.s.f.DefaultMavenResourcesFiltering - Copying 0 resource from src\main\resources to target\classes
2026-05-25 23:14:37,555 [Worker-58: Building] INFO  o.a.m.s.f.DefaultMavenResourcesFiltering - skip non existing resourceDirectory D:\Java_Project\Online_Expanse_Tracker\src\test\resources
2026-05-25 23:15:25,109 [Worker-60: Building] INFO  o.a.m.s.f.DefaultMavenResourcesFiltering - Copying 0 resource from src\main\resources to target\classes
2026-05-25 23:15:25,111 [Worker-60: Building] INFO  o.a.m.s.f.DefaultMavenResourcesFiltering - skip non existing resourceDirectory D:\Java_Project\Online_Expanse_Tracker\src\test\resources
2026-05-25 23:17:00,194 [Worker-59: Building] INFO  o.a.m.s.f.DefaultMavenResourcesFiltering - Copying 0 resource from src\main\resources to target\classes
2026-05-25 23:17:00,198 [Worker-59: Building] INFO  o.a.m.s.f.DefaultMavenResourcesFiltering - skip non existing resourceDirectory D:\Java_Project\Online_Expanse_Tracker\src\test\resources
2026-05-25 23:17:06,763 [Worker-49: Building] INFO  o.a.m.s.f.DefaultMavenResourcesFiltering - Copying 0 resource from src\main\resources to target\classes
2026-05-25 23:17:06,765 [Worker-49: Building] INFO  o.a.m.s.f.DefaultMavenResourcesFiltering - skip non existing resourceDirectory D:\Java_Project\Online_Expanse_Tracker\src\test\resources
2026-05-25 23:17:09,789 [Worker-59: Building] INFO  o.a.m.s.f.DefaultMavenResourcesFiltering - Copying 0 resource from src\main\resources to target\classes
2026-05-25 23:17:09,791 [Worker-59: Building] INFO  o.a.m.s.f.DefaultMavenResourcesFiltering - skip non existing resourceDirectory D:\Java_Project\Online_Expanse_Tracker\src\test\resources
2026-05-25 23:17:17,488 [Worker-48: Building] INFO  o.a.m.s.f.DefaultMavenResourcesFiltering - Copying 0 resource from src\main\resources to target\classes
2026-05-25 23:17:17,492 [Worker-48: Building] INFO  o.a.m.s.f.DefaultMavenResourcesFiltering - skip non existing resourceDirectory D:\Java_Project\Online_Expanse_Tracker\src\test\resources
2026-05-25 23:17:37,982 [Worker-55: Building] INFO  o.a.m.s.f.DefaultMavenResourcesFiltering - Copying 0 resource from src\main\resources to target\classes
2026-05-25 23:17:37,985 [Worker-55: Building] INFO  o.a.m.s.f.DefaultMavenResourcesFiltering - skip non existing resourceDirectory D:\Java_Project\Online_Expanse_Tracker\src\test\resources
2026-05-25 23:18:07,462 [Worker-48: Building] INFO  o.a.m.s.f.DefaultMavenResourcesFiltering - Copying 1 resource from src\main\resources to target\classes
2026-05-25 23:18:07,469 [Worker-48: Building] INFO  o.a.m.s.f.DefaultMavenResourcesFiltering - skip non existing resourceDirectory D:\Java_Project\Online_Expanse_Tracker\src\test\resources
2026-05-25 23:19:34,490 [Worker-47: Building] INFO  o.a.m.s.f.DefaultMavenResourcesFiltering - Copying 1 resource from src\main\resources to target\classes
2026-05-25 23:19:34,493 [Worker-47: Building] INFO  o.a.m.s.f.DefaultMavenResourcesFiltering - skip non existing resourceDirectory D:\Java_Project\Online_Expanse_Tracker\src\test\resources
2026-05-25 23:19:56,403 [Worker-49: Building] INFO  o.a.m.s.f.DefaultMavenResourcesFiltering - Copying 1 resource from src\main\resources to target\classes
2026-05-25 23:19:56,407 [Worker-49: Building] INFO  o.a.m.s.f.DefaultMavenResourcesFiltering - skip non existing resourceDirectory D:\Java_Project\Online_Expanse_Tracker\src\test\resources
2026-05-25 23:23:55,129 [Worker-59: Building] INFO  o.a.m.s.f.DefaultMavenResourcesFiltering - Copying 1 resource from src\main\resources to target\classes
2026-05-25 23:23:55,138 [Worker-59: Building] INFO  o.a.m.s.f.DefaultMavenResourcesFiltering - skip non existing resourceDirectory D:\Java_Project\Online_Expanse_Tracker\src\test\resources
2026-05-25 23:25:13,038 [Worker-60: Building] INFO  o.a.m.s.f.DefaultMavenResourcesFiltering - Copying 1 resource from src\main\resources to target\classes
2026-05-25 23:25:13,047 [Worker-60: Building] INFO  o.a.m.s.f.DefaultMavenResourcesFiltering - skip non existing resourceDirectory D:\Java_Project\Online_Expanse_Tracker\src\test\resources
2026-05-25 23:26:36,342 [Worker-55: Building] INFO  o.a.m.s.f.DefaultMavenResourcesFiltering - Copying 0 resource from src\main\resources to target\classes
2026-05-25 23:26:36,345 [Worker-55: Building] INFO  o.a.m.s.f.DefaultMavenResourcesFiltering - skip non existing resourceDirectory D:\Java_Project\Online_Expanse_Tracker\src\test\resources
2026-05-25 23:27:35,882 [Worker-47: Building] INFO  o.a.m.s.f.DefaultMavenResourcesFiltering - Copying 0 resource from src\main\resources to target\classes
2026-05-25 23:27:35,886 [Worker-47: Building] INFO  o.a.m.s.f.DefaultMavenResourcesFiltering - skip non existing resourceDirectory D:\Java_Project\Online_Expanse_Tracker\src\test\resources
2026-05-25 23:28:18,092 [Worker-55: Building] INFO  o.a.m.s.f.DefaultMavenResourcesFiltering - Copying 0 resource from src\main\resources to target\classes
2026-05-25 23:28:18,095 [Worker-55: Building] INFO  o.a.m.s.f.DefaultMavenResourcesFiltering - skip non existing resourceDirectory D:\Java_Project\Online_Expanse_Tracker\src\test\resources
2026-05-25 23:28:53,345 [Worker-48: Building] INFO  o.a.m.s.f.DefaultMavenResourcesFiltering - Copying 0 resource from src\main\resources to target\classes
2026-05-25 23:28:53,348 [Worker-48: Building] INFO  o.a.m.s.f.DefaultMavenResourcesFiltering - skip non existing resourceDirectory D:\Java_Project\Online_Expanse_Tracker\src\test\resources
2026-05-25 23:29:51,635 [Worker-55: Building] INFO  o.a.m.s.f.DefaultMavenResourcesFiltering - Copying 0 resource from src\main\resources to target\classes
2026-05-25 23:29:51,638 [Worker-55: Building] INFO  o.a.m.s.f.DefaultMavenResourcesFiltering - skip non existing resourceDirectory D:\Java_Project\Online_Expanse_Tracker\src\test\resources
2026-05-25 23:30:27,862 [Worker-47: Building] INFO  o.a.m.s.f.DefaultMavenResourcesFiltering - Copying 0 resource from src\main\resources to target\classes
2026-05-25 23:30:27,865 [Worker-47: Building] INFO  o.a.m.s.f.DefaultMavenResourcesFiltering - skip non existing resourceDirectory D:\Java_Project\Online_Expanse_Tracker\src\test\resources
2026-05-25 23:31:43,845 [Worker-55: Building] INFO  o.a.m.s.f.DefaultMavenResourcesFiltering - Copying 0 resource from src\main\resources to target\classes
2026-05-25 23:31:43,848 [Worker-55: Building] INFO  o.a.m.s.f.DefaultMavenResourcesFiltering - skip non existing resourceDirectory D:\Java_Project\Online_Expanse_Tracker\src\test\resources
2026-05-25 23:32:04,970 [Worker-48: Building] INFO  o.a.m.s.f.DefaultMavenResourcesFiltering - Copying 0 resource from src\main\resources to target\classes
2026-05-25 23:32:04,973 [Worker-48: Building] INFO  o.a.m.s.f.DefaultMavenResourcesFiltering - skip non existing resourceDirectory D:\Java_Project\Online_Expanse_Tracker\src\test\resources
2026-05-25 23:32:59,988 [Worker-56: Building] INFO  o.a.m.s.f.DefaultMavenResourcesFiltering - Copying 0 resource from src\main\resources to target\classes
2026-05-25 23:32:59,991 [Worker-56: Building] INFO  o.a.m.s.f.DefaultMavenResourcesFiltering - skip non existing resourceDirectory D:\Java_Project\Online_Expanse_Tracker\src\test\resources
2026-05-25 23:50:02,238 [Worker-49: Building] INFO  o.a.m.s.f.DefaultMavenResourcesFiltering - Copying 1 resource from src\main\resources to target\classes
2026-05-25 23:50:02,246 [Worker-49: Building] INFO  o.a.m.s.f.DefaultMavenResourcesFiltering - skip non existing resourceDirectory D:\Java_Project\Online_Expanse_Tracker\src\test\resources
2026-05-25 23:50:24,695 [Worker-59: Updating Maven Project] INFO  o.e.m.c.i.p.ProjectConfigurationManager - Update started
2026-05-25 23:50:25,736 [Worker-59: Updating Maven Project] INFO  o.e.m.c.i.l.LifecycleMappingFactory - Using org.maven.ide.eclipse.wtp.WarLifecycleMapping lifecycle mapping for MavenProject: com.tracker:Online_Expanse_Tracker:0.0.1-SNAPSHOT @ D:\Java_Project\Online_Expanse_Tracker\pom.xml.
2026-05-25 23:50:26,283 [Worker-59: Updating Maven Project] INFO  o.e.m.c.i.l.LifecycleMappingFactory - Using org.maven.ide.eclipse.wtp.WarLifecycleMapping lifecycle mapping for MavenProject: com.form:Registration_Form:0.0.1-SNAPSHOT @ D:\Java_Project\Registraion_Form\pom.xml.
2026-05-25 23:50:26,614 [Worker-59: Updating Maven Project] INFO  o.e.m.c.i.l.LifecycleMappingFactory - Using org.maven.ide.eclipse.wtp.WarLifecycleMapping lifecycle mapping for MavenProject: com.todo:NoteTaker:0.0.1-SNAPSHOT @ D:\Java_Project\Note_Taker\pom.xml.
2026-05-25 23:50:26,783 [Worker-59: Updating Maven Project] INFO  o.e.m.c.i.l.LifecycleMappingFactory - Using org.maven.ide.eclipse.wtp.WarLifecycleMapping lifecycle mapping for MavenProject: com.searchapp:SearchApp:0.0.1-SNAPSHOT @ D:\Java_Project\Search_App\pom.xml.
2026-05-25 23:50:30,636 [Worker-59: Updating Maven Project] INFO  o.e.m.j.i.AbstractJavaProjectConfigurator - Adding source folder /Online_Expanse_Tracker/src/main/java
2026-05-25 23:50:30,639 [Worker-59: Updating Maven Project] INFO  o.e.m.j.i.AbstractJavaProjectConfigurator - Adding resource folder /Online_Expanse_Tracker/src/main/resources
2026-05-25 23:50:30,641 [Worker-59: Updating Maven Project] INFO  o.e.m.j.i.AbstractJavaProjectConfigurator - Adding source folder /Online_Expanse_Tracker/src/test/java
2026-05-25 23:50:30,644 [Worker-59: Updating Maven Project] INFO  o.e.m.j.i.AbstractJavaProjectConfigurator - Adding resource folder /Online_Expanse_Tracker/src/test/resources
2026-05-25 23:50:31,555 [Worker-59: Updating Maven Project] INFO  o.e.m.w.i.f.ResourceFilteringBuildParticipant - Cleaning filtered folder for Online_Expanse_Tracker
2026-05-25 23:50:31,601 [Worker-59: Updating Maven Project] INFO  o.e.m.c.i.p.ProjectConfigurationManager - Update completed for 1 poms: local refresh takes 0.00 sec, refresh facades takes 5.00 sec, update config takes 1.00 sec 
2026-05-25 23:50:32,011 [Worker-58: Building] INFO  o.a.m.s.f.DefaultMavenResourcesFiltering - Copying 1 resource from src\main\resources to target\classes
2026-05-25 23:50:32,038 [Worker-58: Building] INFO  o.a.m.s.f.DefaultMavenResourcesFiltering - skip non existing resourceDirectory D:\Java_Project\Online_Expanse_Tracker\src\test\resources
2026-05-25 23:50:32,039 [Worker-58: Building] INFO  o.e.m.w.i.f.ResourceFilteringBuildParticipant - Changed resources require a complete clean of filtered resources of Online_Expanse_Tracker
2026-05-25 23:50:32,039 [Worker-58: Building] INFO  o.e.m.w.i.f.ResourceFilteringBuildParticipant - Executing resource filtering for Online_Expanse_Tracker
2026-05-25 23:52:21,630 [Worker-60: Building] INFO  o.a.m.s.f.DefaultMavenResourcesFiltering - Copying 0 resource from src\main\resources to target\classes
2026-05-25 23:52:21,633 [Worker-60: Building] INFO  o.a.m.s.f.DefaultMavenResourcesFiltering - skip non existing resourceDirectory D:\Java_Project\Online_Expanse_Tracker\src\test\resources
2026-05-25 23:53:01,748 [Worker-59: Building] INFO  o.a.m.s.f.DefaultMavenResourcesFiltering - Copying 0 resource from src\main\resources to target\classes
2026-05-25 23:53:01,751 [Worker-59: Building] INFO  o.a.m.s.f.DefaultMavenResourcesFiltering - skip non existing resourceDirectory D:\Java_Project\Online_Expanse_Tracker\src\test\resources
2026-05-25 23:53:10,242 [Worker-56: Building] INFO  o.a.m.s.f.DefaultMavenResourcesFiltering - Copying 1 resource from src\main\resources to target\classes
2026-05-25 23:53:10,250 [Worker-56: Building] INFO  o.a.m.s.f.DefaultMavenResourcesFiltering - skip non existing resourceDirectory D:\Java_Project\Online_Expanse_Tracker\src\test\resources
2026-05-25 23:55:14,719 [Worker-49: Building] INFO  o.a.m.s.f.DefaultMavenResourcesFiltering - Copying 0 resource from src\main\resources to target\classes
2026-05-25 23:55:14,723 [Worker-49: Building] INFO  o.a.m.s.f.DefaultMavenResourcesFiltering - skip non existing resourceDirectory D:\Java_Project\Online_Expanse_Tracker\src\test\resources
2026-05-25 23:57:25,587 [Worker-60: Building] INFO  o.a.m.s.f.DefaultMavenResourcesFiltering - Copying 0 resource from src\main\resources to target\classes
2026-05-25 23:57:25,591 [Worker-60: Building] INFO  o.a.m.s.f.DefaultMavenResourcesFiltering - skip non existing resourceDirectory D:\Java_Project\Online_Expanse_Tracker\src\test\resources
2026-05-25 23:57:27,755 [Worker-59: Building] INFO  o.a.m.s.f.DefaultMavenResourcesFiltering - Copying 0 resource from src\main\resources to target\classes
2026-05-25 23:57:27,761 [Worker-59: Building] INFO  o.a.m.s.f.DefaultMavenResourcesFiltering - skip non existing resourceDirectory D:\Java_Project\Online_Expanse_Tracker\src\test\resources
2026-05-25 23:58:32,218 [Worker-56: Building] INFO  o.a.m.s.f.DefaultMavenResourcesFiltering - Copying 0 resource from src\main\resources to target\classes
2026-05-25 23:58:32,223 [Worker-56: Building] INFO  o.a.m.s.f.DefaultMavenResourcesFiltering - skip non existing resourceDirectory D:\Java_Project\Online_Expanse_Tracker\src\test\resources
2026-05-25 23:59:07,195 [Worker-62: Building] INFO  o.a.m.s.f.DefaultMavenResourcesFiltering - Copying 0 resource from src\main\resources to target\classes
2026-05-25 23:59:07,197 [Worker-62: Building] INFO  o.a.m.s.f.DefaultMavenResourcesFiltering - skip non existing resourceDirectory D:\Java_Project\Online_Expanse_Tracker\src\test\resources
2026-05-26 00:00:35,010 [Worker-58: Building] INFO  o.a.m.s.f.DefaultMavenResourcesFiltering - Copying 0 resource from src\main\resources to target\classes
2026-05-26 00:00:35,013 [Worker-58: Building] INFO  o.a.m.s.f.DefaultMavenResourcesFiltering - skip non existing resourceDirectory D:\Java_Project\Online_Expanse_Tracker\src\test\resources
2026-05-26 00:01:32,595 [Worker-61: Building] INFO  o.a.m.s.f.DefaultMavenResourcesFiltering - Copying 0 resource from src\main\resources to target\classes
2026-05-26 00:01:32,599 [Worker-61: Building] INFO  o.a.m.s.f.DefaultMavenResourcesFiltering - skip non existing resourceDirectory D:\Java_Project\Online_Expanse_Tracker\src\test\resources
2026-05-26 00:02:03,989 [Worker-47: Building] INFO  o.a.m.s.f.DefaultMavenResourcesFiltering - Copying 0 resource from src\main\resources to target\classes
2026-05-26 00:02:03,992 [Worker-47: Building] INFO  o.a.m.s.f.DefaultMavenResourcesFiltering - skip non existing resourceDirectory D:\Java_Project\Online_Expanse_Tracker\src\test\resources
2026-05-26 00:02:17,806 [Worker-56: Building] INFO  o.a.m.s.f.DefaultMavenResourcesFiltering - Copying 0 resource from src\main\resources to target\classes
2026-05-26 00:02:17,809 [Worker-56: Building] INFO  o.a.m.s.f.DefaultMavenResourcesFiltering - skip non existing resourceDirectory D:\Java_Project\Online_Expanse_Tracker\src\test\resources
2026-05-26 00:02:34,999 [Worker-60: Building] INFO  o.a.m.s.f.DefaultMavenResourcesFiltering - Copying 0 resource from src\main\resources to target\classes
2026-05-26 00:02:35,003 [Worker-60: Building] INFO  o.a.m.s.f.DefaultMavenResourcesFiltering - skip non existing resourceDirectory D:\Java_Project\Online_Expanse_Tracker\src\test\resources
2026-05-26 00:02:45,852 [Worker-57: Building] INFO  o.a.m.s.f.DefaultMavenResourcesFiltering - Copying 0 resource from src\main\resources to target\classes
2026-05-26 00:02:45,855 [Worker-57: Building] INFO  o.a.m.s.f.DefaultMavenResourcesFiltering - skip non existing resourceDirectory D:\Java_Project\Online_Expanse_Tracker\src\test\resources
2026-05-26 00:02:54,979 [Worker-56: Building] INFO  o.a.m.s.f.DefaultMavenResourcesFiltering - Copying 0 resource from src\main\resources to target\classes
2026-05-26 00:02:54,982 [Worker-56: Building] INFO  o.a.m.s.f.DefaultMavenResourcesFiltering - skip non existing resourceDirectory D:\Java_Project\Online_Expanse_Tracker\src\test\resources
2026-05-26 00:02:59,525 [Worker-47: Building] INFO  o.a.m.s.f.DefaultMavenResourcesFiltering - Copying 0 resource from src\main\resources to target\classes
2026-05-26 00:02:59,528 [Worker-47: Building] INFO  o.a.m.s.f.DefaultMavenResourcesFiltering - skip non existing resourceDirectory D:\Java_Project\Online_Expanse_Tracker\src\test\resources
2026-05-26 00:03:12,099 [Worker-57: Building] INFO  o.a.m.s.f.DefaultMavenResourcesFiltering - Copying 0 resource from src\main\resources to target\classes
2026-05-26 00:03:12,103 [Worker-57: Building] INFO  o.a.m.s.f.DefaultMavenResourcesFiltering - skip non existing resourceDirectory D:\Java_Project\Online_Expanse_Tracker\src\test\resources
2026-05-26 00:03:17,869 [Worker-58: Building] INFO  o.a.m.s.f.DefaultMavenResourcesFiltering - Copying 0 resource from src\main\resources to target\classes
2026-05-26 00:03:17,873 [Worker-58: Building] INFO  o.a.m.s.f.DefaultMavenResourcesFiltering - skip non existing resourceDirectory D:\Java_Project\Online_Expanse_Tracker\src\test\resources
2026-05-26 00:03:28,782 [Worker-56: Building] INFO  o.a.m.s.f.DefaultMavenResourcesFiltering - Copying 0 resource from src\main\resources to target\classes
2026-05-26 00:03:28,784 [Worker-56: Building] INFO  o.a.m.s.f.DefaultMavenResourcesFiltering - skip non existing resourceDirectory D:\Java_Project\Online_Expanse_Tracker\src\test\resources
2026-05-26 00:03:37,608 [Worker-57: Building] INFO  o.a.m.s.f.DefaultMavenResourcesFiltering - Copying 0 resource from src\main\resources to target\classes
2026-05-26 00:03:37,610 [Worker-57: Building] INFO  o.a.m.s.f.DefaultMavenResourcesFiltering - skip non existing resourceDirectory D:\Java_Project\Online_Expanse_Tracker\src\test\resources
2026-05-26 00:03:56,798 [Worker-61: Building] INFO  o.a.m.s.f.DefaultMavenResourcesFiltering - Copying 0 resource from src\main\resources to target\classes
2026-05-26 00:03:56,802 [Worker-61: Building] INFO  o.a.m.s.f.DefaultMavenResourcesFiltering - skip non existing resourceDirectory D:\Java_Project\Online_Expanse_Tracker\src\test\resources
2026-05-26 00:04:07,033 [Worker-55: Building] INFO  o.a.m.s.f.DefaultMavenResourcesFiltering - Copying 0 resource from src\main\resources to target\classes
2026-05-26 00:04:07,035 [Worker-55: Building] INFO  o.a.m.s.f.DefaultMavenResourcesFiltering - skip non existing resourceDirectory D:\Java_Project\Online_Expanse_Tracker\src\test\resources
2026-05-26 00:04:25,828 [Worker-47: Building] INFO  o.a.m.s.f.DefaultMavenResourcesFiltering - Copying 0 resource from src\main\resources to target\classes
2026-05-26 00:04:25,830 [Worker-47: Building] INFO  o.a.m.s.f.DefaultMavenResourcesFiltering - skip non existing resourceDirectory D:\Java_Project\Online_Expanse_Tracker\src\test\resources
2026-05-26 00:04:42,472 [Worker-61: Building] INFO  o.a.m.s.f.DefaultMavenResourcesFiltering - Copying 0 resource from src\main\resources to target\classes
2026-05-26 00:04:42,475 [Worker-61: Building] INFO  o.a.m.s.f.DefaultMavenResourcesFiltering - skip non existing resourceDirectory D:\Java_Project\Online_Expanse_Tracker\src\test\resources
2026-05-26 00:04:57,055 [Worker-49: Building] INFO  o.a.m.s.f.DefaultMavenResourcesFiltering - Copying 0 resource from src\main\resources to target\classes
2026-05-26 00:04:57,058 [Worker-49: Building] INFO  o.a.m.s.f.DefaultMavenResourcesFiltering - skip non existing resourceDirectory D:\Java_Project\Online_Expanse_Tracker\src\test\resources
2026-05-26 00:05:10,398 [Worker-49: Building] INFO  o.a.m.s.f.DefaultMavenResourcesFiltering - Copying 0 resource from src\main\resources to target\classes
2026-05-26 00:05:10,401 [Worker-49: Building] INFO  o.a.m.s.f.DefaultMavenResourcesFiltering - skip non existing resourceDirectory D:\Java_Project\Online_Expanse_Tracker\src\test\resources
2026-05-26 00:05:24,554 [Worker-63: Building] INFO  o.a.m.s.f.DefaultMavenResourcesFiltering - Copying 0 resource from src\main\resources to target\classes
2026-05-26 00:05:24,557 [Worker-63: Building] INFO  o.a.m.s.f.DefaultMavenResourcesFiltering - skip non existing resourceDirectory D:\Java_Project\Online_Expanse_Tracker\src\test\resources
2026-05-26 00:05:57,614 [Worker-61: Building] INFO  o.a.m.s.f.DefaultMavenResourcesFiltering - Copying 0 resource from src\main\resources to target\classes
2026-05-26 00:05:57,619 [Worker-61: Building] INFO  o.a.m.s.f.DefaultMavenResourcesFiltering - skip non existing resourceDirectory D:\Java_Project\Online_Expanse_Tracker\src\test\resources
2026-05-26 00:11:32,421 [Worker-61: Building] INFO  o.a.m.s.f.DefaultMavenResourcesFiltering - Copying 0 resource from src\main\resources to target\classes
2026-05-26 00:11:32,424 [Worker-61: Building] INFO  o.a.m.s.f.DefaultMavenResourcesFiltering - skip non existing resourceDirectory D:\Java_Project\Online_Expanse_Tracker\src\test\resources
2026-05-26 00:11:46,736 [Worker-56: Building] INFO  o.a.m.s.f.DefaultMavenResourcesFiltering - Copying 0 resource from src\main\resources to target\classes
2026-05-26 00:11:46,739 [Worker-56: Building] INFO  o.a.m.s.f.DefaultMavenResourcesFiltering - skip non existing resourceDirectory D:\Java_Project\Online_Expanse_Tracker\src\test\resources
2026-05-26 00:12:06,503 [Worker-56: Building] INFO  o.a.m.s.f.DefaultMavenResourcesFiltering - Copying 0 resource from src\main\resources to target\classes
2026-05-26 00:12:06,506 [Worker-56: Building] INFO  o.a.m.s.f.DefaultMavenResourcesFiltering - skip non existing resourceDirectory D:\Java_Project\Online_Expanse_Tracker\src\test\resources
2026-05-26 00:12:09,281 [Worker-49: Building] INFO  o.a.m.s.f.DefaultMavenResourcesFiltering - Copying 0 resource from src\main\resources to target\classes
2026-05-26 00:12:09,284 [Worker-49: Building] INFO  o.a.m.s.f.DefaultMavenResourcesFiltering - skip non existing resourceDirectory D:\Java_Project\Online_Expanse_Tracker\src\test\resources
2026-05-26 00:12:14,228 [Worker-58: Building] INFO  o.a.m.s.f.DefaultMavenResourcesFiltering - Copying 0 resource from src\main\resources to target\classes
2026-05-26 00:12:14,232 [Worker-58: Building] INFO  o.a.m.s.f.DefaultMavenResourcesFiltering - skip non existing resourceDirectory D:\Java_Project\Online_Expanse_Tracker\src\test\resources
2026-05-26 00:12:33,740 [Worker-61: Building] INFO  o.a.m.s.f.DefaultMavenResourcesFiltering - Copying 0 resource from src\main\resources to target\classes
2026-05-26 00:12:33,742 [Worker-61: Building] INFO  o.a.m.s.f.DefaultMavenResourcesFiltering - skip non existing resourceDirectory D:\Java_Project\Online_Expanse_Tracker\src\test\resources
2026-05-26 00:13:59,110 [Worker-49: Building] INFO  o.a.m.s.f.DefaultMavenResourcesFiltering - Copying 0 resource from src\main\resources to target\classes
2026-05-26 00:13:59,113 [Worker-49: Building] INFO  o.a.m.s.f.DefaultMavenResourcesFiltering - skip non existing resourceDirectory D:\Java_Project\Online_Expanse_Tracker\src\test\resources
2026-05-26 00:15:03,406 [Worker-59: Building] INFO  o.a.m.s.f.DefaultMavenResourcesFiltering - Copying 0 resource from src\main\resources to target\classes
2026-05-26 00:15:03,409 [Worker-59: Building] INFO  o.a.m.s.f.DefaultMavenResourcesFiltering - skip non existing resourceDirectory D:\Java_Project\Online_Expanse_Tracker\src\test\resources
2026-05-26 00:15:17,123 [Worker-63: Building] INFO  o.a.m.s.f.DefaultMavenResourcesFiltering - Copying 0 resource from src\main\resources to target\classes
2026-05-26 00:15:17,126 [Worker-63: Building] INFO  o.a.m.s.f.DefaultMavenResourcesFiltering - skip non existing resourceDirectory D:\Java_Project\Online_Expanse_Tracker\src\test\resources
2026-05-26 00:15:25,284 [Worker-60: Building] INFO  o.a.m.s.f.DefaultMavenResourcesFiltering - Copying 0 resource from src\main\resources to target\classes
2026-05-26 00:15:25,289 [Worker-60: Building] INFO  o.a.m.s.f.DefaultMavenResourcesFiltering - skip non existing resourceDirectory D:\Java_Project\Online_Expanse_Tracker\src\test\resources
2026-05-26 00:15:45,131 [Worker-57: Building] INFO  o.a.m.s.f.DefaultMavenResourcesFiltering - Copying 0 resource from src\main\resources to target\classes
2026-05-26 00:15:45,134 [Worker-57: Building] INFO  o.a.m.s.f.DefaultMavenResourcesFiltering - skip non existing resourceDirectory D:\Java_Project\Online_Expanse_Tracker\src\test\resources
2026-05-26 00:16:01,726 [Worker-56: Building] INFO  o.a.m.s.f.DefaultMavenResourcesFiltering - Copying 0 resource from src\main\resources to target\classes
2026-05-26 00:16:01,728 [Worker-56: Building] INFO  o.a.m.s.f.DefaultMavenResourcesFiltering - skip non existing resourceDirectory D:\Java_Project\Online_Expanse_Tracker\src\test\resources
2026-05-26 00:16:04,178 [Worker-56: Building] INFO  o.a.m.s.f.DefaultMavenResourcesFiltering - Copying 0 resource from src\main\resources to target\classes
2026-05-26 00:16:04,181 [Worker-56: Building] INFO  o.a.m.s.f.DefaultMavenResourcesFiltering - skip non existing resourceDirectory D:\Java_Project\Online_Expanse_Tracker\src\test\resources
2026-05-26 00:16:25,619 [Worker-63: Building] INFO  o.a.m.s.f.DefaultMavenResourcesFiltering - Copying 0 resource from src\main\resources to target\classes
2026-05-26 00:16:25,622 [Worker-63: Building] INFO  o.a.m.s.f.DefaultMavenResourcesFiltering - skip non existing resourceDirectory D:\Java_Project\Online_Expanse_Tracker\src\test\resources
2026-05-26 00:17:09,888 [Worker-56: Building] INFO  o.a.m.s.f.DefaultMavenResourcesFiltering - Copying 0 resource from src\main\resources to target\classes
2026-05-26 00:17:09,891 [Worker-56: Building] INFO  o.a.m.s.f.DefaultMavenResourcesFiltering - skip non existing resourceDirectory D:\Java_Project\Online_Expanse_Tracker\src\test\resources
2026-05-26 00:17:26,057 [Worker-49: Building] INFO  o.a.m.s.f.DefaultMavenResourcesFiltering - Copying 0 resource from src\main\resources to target\classes
2026-05-26 00:17:26,061 [Worker-49: Building] INFO  o.a.m.s.f.DefaultMavenResourcesFiltering - skip non existing resourceDirectory D:\Java_Project\Online_Expanse_Tracker\src\test\resources
2026-05-26 00:17:39,033 [Worker-57: Building] INFO  o.a.m.s.f.DefaultMavenResourcesFiltering - Copying 0 resource from src\main\resources to target\classes
2026-05-26 00:17:39,035 [Worker-57: Building] INFO  o.a.m.s.f.DefaultMavenResourcesFiltering - skip non existing resourceDirectory D:\Java_Project\Online_Expanse_Tracker\src\test\resources
2026-05-26 00:18:04,372 [Worker-58: Building] INFO  o.a.m.s.f.DefaultMavenResourcesFiltering - Copying 0 resource from src\main\resources to target\classes
2026-05-26 00:18:04,374 [Worker-58: Building] INFO  o.a.m.s.f.DefaultMavenResourcesFiltering - skip non existing resourceDirectory D:\Java_Project\Online_Expanse_Tracker\src\test\resources
2026-05-26 00:18:05,453 [Worker-61: Building] INFO  o.a.m.s.f.DefaultMavenResourcesFiltering - Copying 0 resource from src\main\resources to target\classes
2026-05-26 00:18:05,456 [Worker-61: Building] INFO  o.a.m.s.f.DefaultMavenResourcesFiltering - skip non existing resourceDirectory D:\Java_Project\Online_Expanse_Tracker\src\test\resources
2026-05-26 00:18:28,549 [Worker-61: Building] INFO  o.a.m.s.f.DefaultMavenResourcesFiltering - Copying 0 resource from src\main\resources to target\classes
2026-05-26 00:18:28,553 [Worker-61: Building] INFO  o.a.m.s.f.DefaultMavenResourcesFiltering - skip non existing resourceDirectory D:\Java_Project\Online_Expanse_Tracker\src\test\resources
2026-05-26 00:18:43,287 [Worker-47: Building] INFO  o.a.m.s.f.DefaultMavenResourcesFiltering - Copying 0 resource from src\main\resources to target\classes
2026-05-26 00:18:43,291 [Worker-47: Building] INFO  o.a.m.s.f.DefaultMavenResourcesFiltering - skip non existing resourceDirectory D:\Java_Project\Online_Expanse_Tracker\src\test\resources
2026-05-26 00:18:51,416 [Worker-56: Building] INFO  o.a.m.s.f.DefaultMavenResourcesFiltering - Copying 0 resource from src\main\resources to target\classes
2026-05-26 00:18:51,419 [Worker-56: Building] INFO  o.a.m.s.f.DefaultMavenResourcesFiltering - skip non existing resourceDirectory D:\Java_Project\Online_Expanse_Tracker\src\test\resources
2026-05-26 00:19:07,597 [Worker-58: Building] INFO  o.a.m.s.f.DefaultMavenResourcesFiltering - Copying 0 resource from src\main\resources to target\classes
2026-05-26 00:19:07,599 [Worker-58: Building] INFO  o.a.m.s.f.DefaultMavenResourcesFiltering - skip non existing resourceDirectory D:\Java_Project\Online_Expanse_Tracker\src\test\resources
2026-05-26 00:19:16,883 [Worker-63: Building] INFO  o.a.m.s.f.DefaultMavenResourcesFiltering - Copying 0 resource from src\main\resources to target\classes
2026-05-26 00:19:16,886 [Worker-63: Building] INFO  o.a.m.s.f.DefaultMavenResourcesFiltering - skip non existing resourceDirectory D:\Java_Project\Online_Expanse_Tracker\src\test\resources
2026-05-26 00:19:32,888 [Worker-60: Building] INFO  o.a.m.s.f.DefaultMavenResourcesFiltering - Copying 0 resource from src\main\resources to target\classes
2026-05-26 00:19:32,890 [Worker-60: Building] INFO  o.a.m.s.f.DefaultMavenResourcesFiltering - skip non existing resourceDirectory D:\Java_Project\Online_Expanse_Tracker\src\test\resources
2026-05-26 00:19:38,022 [Worker-61: Building] INFO  o.a.m.s.f.DefaultMavenResourcesFiltering - Copying 0 resource from src\main\resources to target\classes
2026-05-26 00:19:38,025 [Worker-61: Building] INFO  o.a.m.s.f.DefaultMavenResourcesFiltering - skip non existing resourceDirectory D:\Java_Project\Online_Expanse_Tracker\src\test\resources
2026-05-26 00:20:03,294 [Worker-59: Building] INFO  o.a.m.s.f.DefaultMavenResourcesFiltering - Copying 0 resource from src\main\resources to target\classes
2026-05-26 00:20:03,297 [Worker-59: Building] INFO  o.a.m.s.f.DefaultMavenResourcesFiltering - skip non existing resourceDirectory D:\Java_Project\Online_Expanse_Tracker\src\test\resources
2026-05-26 00:20:27,100 [Worker-60: Building] INFO  o.a.m.s.f.DefaultMavenResourcesFiltering - Copying 0 resource from src\main\resources to target\classes
2026-05-26 00:20:27,102 [Worker-60: Building] INFO  o.a.m.s.f.DefaultMavenResourcesFiltering - skip non existing resourceDirectory D:\Java_Project\Online_Expanse_Tracker\src\test\resources
2026-05-26 00:20:51,115 [Worker-56: Building] INFO  o.a.m.s.f.DefaultMavenResourcesFiltering - Copying 0 resource from src\main\resources to target\classes
2026-05-26 00:20:51,118 [Worker-56: Building] INFO  o.a.m.s.f.DefaultMavenResourcesFiltering - skip non existing resourceDirectory D:\Java_Project\Online_Expanse_Tracker\src\test\resources
2026-05-26 00:21:12,575 [Worker-55: Building] INFO  o.a.m.s.f.DefaultMavenResourcesFiltering - Copying 0 resource from src\main\resources to target\classes
2026-05-26 00:21:12,578 [Worker-55: Building] INFO  o.a.m.s.f.DefaultMavenResourcesFiltering - skip non existing resourceDirectory D:\Java_Project\Online_Expanse_Tracker\src\test\resources
2026-05-26 00:21:45,676 [Worker-60: Building] INFO  o.a.m.s.f.DefaultMavenResourcesFiltering - Copying 0 resource from src\main\resources to target\classes
2026-05-26 00:21:45,678 [Worker-60: Building] INFO  o.a.m.s.f.DefaultMavenResourcesFiltering - skip non existing resourceDirectory D:\Java_Project\Online_Expanse_Tracker\src\test\resources
2026-05-26 00:25:01,850 [Worker-63: Building] INFO  o.a.m.s.f.DefaultMavenResourcesFiltering - Copying 0 resource from src\main\resources to target\classes
2026-05-26 00:25:01,853 [Worker-63: Building] INFO  o.a.m.s.f.DefaultMavenResourcesFiltering - skip non existing resourceDirectory D:\Java_Project\Online_Expanse_Tracker\src\test\resources
2026-05-26 00:25:38,150 [Worker-57: Building] INFO  o.a.m.s.f.DefaultMavenResourcesFiltering - Copying 0 resource from src\main\resources to target\classes
2026-05-26 00:25:38,153 [Worker-57: Building] INFO  o.a.m.s.f.DefaultMavenResourcesFiltering - skip non existing resourceDirectory D:\Java_Project\Online_Expanse_Tracker\src\test\resources
2026-05-26 00:25:46,979 [Worker-55: Building] INFO  o.a.m.s.f.DefaultMavenResourcesFiltering - Copying 0 resource from src\main\resources to target\classes
2026-05-26 00:25:46,982 [Worker-55: Building] INFO  o.a.m.s.f.DefaultMavenResourcesFiltering - skip non existing resourceDirectory D:\Java_Project\Online_Expanse_Tracker\src\test\resources
2026-05-26 00:25:56,902 [Worker-63: Building] INFO  o.a.m.s.f.DefaultMavenResourcesFiltering - Copying 0 resource from src\main\resources to target\classes
2026-05-26 00:25:56,911 [Worker-63: Building] INFO  o.a.m.s.f.DefaultMavenResourcesFiltering - skip non existing resourceDirectory D:\Java_Project\Online_Expanse_Tracker\src\test\resources
2026-05-26 00:26:01,804 [Worker-57: Building] INFO  o.a.m.s.f.DefaultMavenResourcesFiltering - Copying 0 resource from src\main\resources to target\classes
2026-05-26 00:26:01,808 [Worker-57: Building] INFO  o.a.m.s.f.DefaultMavenResourcesFiltering - skip non existing resourceDirectory D:\Java_Project\Online_Expanse_Tracker\src\test\resources
2026-05-26 00:26:46,274 [Worker-55: Building] INFO  o.a.m.s.f.DefaultMavenResourcesFiltering - Copying 0 resource from src\main\resources to target\classes
2026-05-26 00:26:46,276 [Worker-55: Building] INFO  o.a.m.s.f.DefaultMavenResourcesFiltering - skip non existing resourceDirectory D:\Java_Project\Online_Expanse_Tracker\src\test\resources
2026-05-26 00:31:49,169 [Worker-62: Building] INFO  o.a.m.s.f.DefaultMavenResourcesFiltering - Copying 0 resource from src\main\resources to target\classes
2026-05-26 00:31:49,172 [Worker-62: Building] INFO  o.a.m.s.f.DefaultMavenResourcesFiltering - skip non existing resourceDirectory D:\Java_Project\Online_Expanse_Tracker\src\test\resources
2026-05-26 00:31:51,878 [Worker-57: Building] INFO  o.a.m.s.f.DefaultMavenResourcesFiltering - Copying 0 resource from src\main\resources to target\classes
2026-05-26 00:31:51,881 [Worker-57: Building] INFO  o.a.m.s.f.DefaultMavenResourcesFiltering - skip non existing resourceDirectory D:\Java_Project\Online_Expanse_Tracker\src\test\resources
2026-05-26 00:33:01,531 [Worker-47: Building] INFO  o.a.m.s.f.DefaultMavenResourcesFiltering - Copying 0 resource from src\main\resources to target\classes
2026-05-26 00:33:01,534 [Worker-47: Building] INFO  o.a.m.s.f.DefaultMavenResourcesFiltering - skip non existing resourceDirectory D:\Java_Project\Online_Expanse_Tracker\src\test\resources
2026-05-26 00:33:55,219 [Worker-62: Building] INFO  o.a.m.s.f.DefaultMavenResourcesFiltering - Copying 0 resource from src\main\resources to target\classes
2026-05-26 00:33:55,222 [Worker-62: Building] INFO  o.a.m.s.f.DefaultMavenResourcesFiltering - skip non existing resourceDirectory D:\Java_Project\Online_Expanse_Tracker\src\test\resources
2026-05-26 00:34:16,402 [Worker-57: Building] INFO  o.a.m.s.f.DefaultMavenResourcesFiltering - Copying 0 resource from src\main\resources to target\classes
2026-05-26 00:34:16,405 [Worker-57: Building] INFO  o.a.m.s.f.DefaultMavenResourcesFiltering - skip non existing resourceDirectory D:\Java_Project\Online_Expanse_Tracker\src\test\resources
2026-05-26 00:34:36,454 [Worker-57: Building] INFO  o.a.m.s.f.DefaultMavenResourcesFiltering - Copying 0 resource from src\main\resources to target\classes
2026-05-26 00:34:36,457 [Worker-57: Building] INFO  o.a.m.s.f.DefaultMavenResourcesFiltering - skip non existing resourceDirectory D:\Java_Project\Online_Expanse_Tracker\src\test\resources
2026-05-26 00:35:45,113 [Worker-57: Building] INFO  o.a.m.s.f.DefaultMavenResourcesFiltering - Copying 0 resource from src\main\resources to target\classes
2026-05-26 00:35:45,117 [Worker-57: Building] INFO  o.a.m.s.f.DefaultMavenResourcesFiltering - skip non existing resourceDirectory D:\Java_Project\Online_Expanse_Tracker\src\test\resources
2026-05-26 00:36:18,993 [Worker-63: Building] INFO  o.a.m.s.f.DefaultMavenResourcesFiltering - Copying 0 resource from src\main\resources to target\classes
2026-05-26 00:36:18,996 [Worker-63: Building] INFO  o.a.m.s.f.DefaultMavenResourcesFiltering - skip non existing resourceDirectory D:\Java_Project\Online_Expanse_Tracker\src\test\resources
2026-05-26 00:36:30,542 [Worker-59: Building] INFO  o.a.m.s.f.DefaultMavenResourcesFiltering - Copying 0 resource from src\main\resources to target\classes
2026-05-26 00:36:30,546 [Worker-59: Building] INFO  o.a.m.s.f.DefaultMavenResourcesFiltering - skip non existing resourceDirectory D:\Java_Project\Online_Expanse_Tracker\src\test\resources
2026-05-26 00:36:50,346 [Worker-62: Building] INFO  o.a.m.s.f.DefaultMavenResourcesFiltering - Copying 0 resource from src\main\resources to target\classes
2026-05-26 00:36:50,349 [Worker-62: Building] INFO  o.a.m.s.f.DefaultMavenResourcesFiltering - skip non existing resourceDirectory D:\Java_Project\Online_Expanse_Tracker\src\test\resources
2026-05-26 00:37:08,851 [Worker-57: Building] INFO  o.a.m.s.f.DefaultMavenResourcesFiltering - Copying 0 resource from src\main\resources to target\classes
2026-05-26 00:37:08,853 [Worker-57: Building] INFO  o.a.m.s.f.DefaultMavenResourcesFiltering - skip non existing resourceDirectory D:\Java_Project\Online_Expanse_Tracker\src\test\resources
2026-05-26 00:37:44,395 [Worker-47: Building] INFO  o.a.m.s.f.DefaultMavenResourcesFiltering - Copying 0 resource from src\main\resources to target\classes
2026-05-26 00:37:44,397 [Worker-47: Building] INFO  o.a.m.s.f.DefaultMavenResourcesFiltering - skip non existing resourceDirectory D:\Java_Project\Online_Expanse_Tracker\src\test\resources
2026-05-26 00:38:09,030 [Worker-58: Building] INFO  o.a.m.s.f.DefaultMavenResourcesFiltering - Copying 0 resource from src\main\resources to target\classes
2026-05-26 00:38:09,033 [Worker-58: Building] INFO  o.a.m.s.f.DefaultMavenResourcesFiltering - skip non existing resourceDirectory D:\Java_Project\Online_Expanse_Tracker\src\test\resources
2026-05-26 00:38:40,978 [Worker-57: Building] INFO  o.a.m.s.f.DefaultMavenResourcesFiltering - Copying 0 resource from src\main\resources to target\classes
2026-05-26 00:38:40,981 [Worker-57: Building] INFO  o.a.m.s.f.DefaultMavenResourcesFiltering - skip non existing resourceDirectory D:\Java_Project\Online_Expanse_Tracker\src\test\resources
2026-05-26 00:39:11,667 [Worker-63: Building] INFO  o.a.m.s.f.DefaultMavenResourcesFiltering - Copying 0 resource from src\main\resources to target\classes
2026-05-26 00:39:11,671 [Worker-63: Building] INFO  o.a.m.s.f.DefaultMavenResourcesFiltering - skip non existing resourceDirectory D:\Java_Project\Online_Expanse_Tracker\src\test\resources
2026-05-26 00:39:23,885 [Worker-61: Building] INFO  o.a.m.s.f.DefaultMavenResourcesFiltering - Copying 0 resource from src\main\resources to target\classes
2026-05-26 00:39:23,888 [Worker-61: Building] INFO  o.a.m.s.f.DefaultMavenResourcesFiltering - skip non existing resourceDirectory D:\Java_Project\Online_Expanse_Tracker\src\test\resources
2026-05-26 00:40:10,560 [Worker-60: Building] INFO  o.a.m.s.f.DefaultMavenResourcesFiltering - Copying 0 resource from src\main\resources to target\classes
2026-05-26 00:40:10,564 [Worker-60: Building] INFO  o.a.m.s.f.DefaultMavenResourcesFiltering - skip non existing resourceDirectory D:\Java_Project\Online_Expanse_Tracker\src\test\resources
2026-05-26 00:40:38,358 [Worker-49: Building] INFO  o.a.m.s.f.DefaultMavenResourcesFiltering - Copying 0 resource from src\main\resources to target\classes
2026-05-26 00:40:38,360 [Worker-49: Building] INFO  o.a.m.s.f.DefaultMavenResourcesFiltering - skip non existing resourceDirectory D:\Java_Project\Online_Expanse_Tracker\src\test\resources
2026-05-26 00:40:45,519 [Worker-63: Building] INFO  o.a.m.s.f.DefaultMavenResourcesFiltering - Copying 0 resource from src\main\resources to target\classes
2026-05-26 00:40:45,522 [Worker-63: Building] INFO  o.a.m.s.f.DefaultMavenResourcesFiltering - skip non existing resourceDirectory D:\Java_Project\Online_Expanse_Tracker\src\test\resources
2026-05-26 00:41:10,534 [Worker-61: Building] INFO  o.a.m.s.f.DefaultMavenResourcesFiltering - Copying 0 resource from src\main\resources to target\classes
2026-05-26 00:41:10,538 [Worker-61: Building] INFO  o.a.m.s.f.DefaultMavenResourcesFiltering - skip non existing resourceDirectory D:\Java_Project\Online_Expanse_Tracker\src\test\resources
2026-05-26 00:41:26,861 [Worker-62: Building] INFO  o.a.m.s.f.DefaultMavenResourcesFiltering - Copying 0 resource from src\main\resources to target\classes
2026-05-26 00:41:26,865 [Worker-62: Building] INFO  o.a.m.s.f.DefaultMavenResourcesFiltering - skip non existing resourceDirectory D:\Java_Project\Online_Expanse_Tracker\src\test\resources
2026-05-26 00:41:47,925 [Worker-60: Building] INFO  o.a.m.s.f.DefaultMavenResourcesFiltering - Copying 0 resource from src\main\resources to target\classes
2026-05-26 00:41:47,928 [Worker-60: Building] INFO  o.a.m.s.f.DefaultMavenResourcesFiltering - skip non existing resourceDirectory D:\Java_Project\Online_Expanse_Tracker\src\test\resources
2026-05-26 00:42:23,048 [Worker-49: Building] INFO  o.a.m.s.f.DefaultMavenResourcesFiltering - Copying 0 resource from src\main\resources to target\classes
2026-05-26 00:42:23,051 [Worker-49: Building] INFO  o.a.m.s.f.DefaultMavenResourcesFiltering - skip non existing resourceDirectory D:\Java_Project\Online_Expanse_Tracker\src\test\resources
2026-05-26 00:42:31,038 [Worker-58: Building] INFO  o.a.m.s.f.DefaultMavenResourcesFiltering - Copying 0 resource from src\main\resources to target\classes
2026-05-26 00:42:31,040 [Worker-58: Building] INFO  o.a.m.s.f.DefaultMavenResourcesFiltering - skip non existing resourceDirectory D:\Java_Project\Online_Expanse_Tracker\src\test\resources
2026-05-26 00:42:37,082 [Worker-56: Building] INFO  o.a.m.s.f.DefaultMavenResourcesFiltering - Copying 0 resource from src\main\resources to target\classes
2026-05-26 00:42:37,086 [Worker-56: Building] INFO  o.a.m.s.f.DefaultMavenResourcesFiltering - skip non existing resourceDirectory D:\Java_Project\Online_Expanse_Tracker\src\test\resources
2026-05-26 00:43:05,831 [Worker-57: Building] INFO  o.a.m.s.f.DefaultMavenResourcesFiltering - Copying 0 resource from src\main\resources to target\classes
2026-05-26 00:43:05,834 [Worker-57: Building] INFO  o.a.m.s.f.DefaultMavenResourcesFiltering - skip non existing resourceDirectory D:\Java_Project\Online_Expanse_Tracker\src\test\resources
2026-05-26 00:43:17,122 [Worker-63: Building] INFO  o.a.m.s.f.DefaultMavenResourcesFiltering - Copying 0 resource from src\main\resources to target\classes
2026-05-26 00:43:17,126 [Worker-63: Building] INFO  o.a.m.s.f.DefaultMavenResourcesFiltering - skip non existing resourceDirectory D:\Java_Project\Online_Expanse_Tracker\src\test\resources
2026-05-26 00:44:28,083 [Worker-59: Building] INFO  o.a.m.s.f.DefaultMavenResourcesFiltering - Copying 0 resource from src\main\resources to target\classes
2026-05-26 00:44:28,087 [Worker-59: Building] INFO  o.a.m.s.f.DefaultMavenResourcesFiltering - skip non existing resourceDirectory D:\Java_Project\Online_Expanse_Tracker\src\test\resources
2026-05-26 00:45:51,940 [Worker-62: Building] INFO  o.a.m.s.f.DefaultMavenResourcesFiltering - Copying 0 resource from src\main\resources to target\classes
2026-05-26 00:45:51,943 [Worker-62: Building] INFO  o.a.m.s.f.DefaultMavenResourcesFiltering - skip non existing resourceDirectory D:\Java_Project\Online_Expanse_Tracker\src\test\resources
2026-05-26 00:46:28,519 [Worker-49: Building] INFO  o.a.m.s.f.DefaultMavenResourcesFiltering - Copying 0 resource from src\main\resources to target\classes
2026-05-26 00:46:28,522 [Worker-49: Building] INFO  o.a.m.s.f.DefaultMavenResourcesFiltering - skip non existing resourceDirectory D:\Java_Project\Online_Expanse_Tracker\src\test\resources
2026-05-26 00:46:38,521 [Worker-61: Building] INFO  o.a.m.s.f.DefaultMavenResourcesFiltering - Copying 0 resource from src\main\resources to target\classes
2026-05-26 00:46:38,524 [Worker-61: Building] INFO  o.a.m.s.f.DefaultMavenResourcesFiltering - skip non existing resourceDirectory D:\Java_Project\Online_Expanse_Tracker\src\test\resources
2026-05-26 00:46:50,132 [Worker-63: Building] INFO  o.a.m.s.f.DefaultMavenResourcesFiltering - Copying 0 resource from src\main\resources to target\classes
2026-05-26 00:46:50,136 [Worker-63: Building] INFO  o.a.m.s.f.DefaultMavenResourcesFiltering - skip non existing resourceDirectory D:\Java_Project\Online_Expanse_Tracker\src\test\resources
2026-05-26 00:47:18,682 [Worker-58: Building] INFO  o.a.m.s.f.DefaultMavenResourcesFiltering - Copying 0 resource from src\main\resources to target\classes
2026-05-26 00:47:18,685 [Worker-58: Building] INFO  o.a.m.s.f.DefaultMavenResourcesFiltering - skip non existing resourceDirectory D:\Java_Project\Online_Expanse_Tracker\src\test\resources
2026-05-26 00:48:55,373 [Worker-61: Building] INFO  o.a.m.s.f.DefaultMavenResourcesFiltering - Copying 0 resource from src\main\resources to target\classes
2026-05-26 00:48:55,376 [Worker-61: Building] INFO  o.a.m.s.f.DefaultMavenResourcesFiltering - skip non existing resourceDirectory D:\Java_Project\Online_Expanse_Tracker\src\test\resources
2026-05-26 00:51:36,648 [Worker-58: Building] INFO  o.a.m.s.f.DefaultMavenResourcesFiltering - Copying 0 resource from src\main\resources to target\classes
2026-05-26 00:51:36,650 [Worker-58: Building] INFO  o.a.m.s.f.DefaultMavenResourcesFiltering - skip non existing resourceDirectory D:\Java_Project\Online_Expanse_Tracker\src\test\resources
2026-05-26 00:51:47,683 [Worker-56: Building] INFO  o.a.m.s.f.DefaultMavenResourcesFiltering - Copying 0 resource from src\main\resources to target\classes
2026-05-26 00:51:47,686 [Worker-56: Building] INFO  o.a.m.s.f.DefaultMavenResourcesFiltering - skip non existing resourceDirectory D:\Java_Project\Online_Expanse_Tracker\src\test\resources
2026-05-26 00:52:01,325 [Worker-57: Building] INFO  o.a.m.s.f.DefaultMavenResourcesFiltering - Copying 0 resource from src\main\resources to target\classes
2026-05-26 00:52:01,328 [Worker-57: Building] INFO  o.a.m.s.f.DefaultMavenResourcesFiltering - skip non existing resourceDirectory D:\Java_Project\Online_Expanse_Tracker\src\test\resources
2026-05-26 00:53:48,041 [Stop Help Server] INFO  org.eclipse.jetty.server.Server - Stopped oejs.Server@15aa0c7c{STOPPING}[12.0.21,sto=0]
2026-05-26 00:53:48,061 [Stop Help Server] INFO  o.e.jetty.server.AbstractConnector - Stopped ServerConnector@76589f5f{HTTP/1.1, (http/1.1)}{127.0.0.1:0}
2026-05-26 12:28:27,680 [Worker-7: Loading available Gradle versions] INFO  o.e.b.c.i.u.g.PublishedGradleVersions - Gradle version information cache is out-of-date. Trying to update.
2026-05-26 12:28:42,693 [Worker-17: Building] INFO  o.a.m.s.f.DefaultMavenResourcesFiltering - Copying 1 resource from src\main\resources to target\classes
2026-05-26 12:28:42,708 [Worker-17: Building] INFO  o.a.m.s.f.DefaultMavenResourcesFiltering - skip non existing resourceDirectory D:\Java_Project\Online_Expanse_Tracker\src\test\resources
2026-05-26 12:30:15,987 [Worker-18: Building] INFO  o.a.m.s.f.DefaultMavenResourcesFiltering - Copying 0 resource from src\main\resources to target\classes
2026-05-26 12:30:15,994 [Worker-18: Building] INFO  o.a.m.s.f.DefaultMavenResourcesFiltering - skip non existing resourceDirectory D:\Java_Project\Online_Expanse_Tracker\src\test\resources
2026-05-26 12:30:51,927 [Worker-16: Building] INFO  o.a.m.s.f.DefaultMavenResourcesFiltering - Copying 0 resource from src\main\resources to target\classes
2026-05-26 12:30:51,931 [Worker-16: Building] INFO  o.a.m.s.f.DefaultMavenResourcesFiltering - skip non existing resourceDirectory D:\Java_Project\Online_Expanse_Tracker\src\test\resources
2026-05-26 12:31:39,422 [Worker-20: Building] INFO  o.a.m.s.f.DefaultMavenResourcesFiltering - Copying 0 resource from src\main\resources to target\classes
2026-05-26 12:31:39,425 [Worker-20: Building] INFO  o.a.m.s.f.DefaultMavenResourcesFiltering - skip non existing resourceDirectory D:\Java_Project\Online_Expanse_Tracker\src\test\resources
2026-05-26 12:32:28,707 [Worker-8: Building] INFO  o.a.m.s.f.DefaultMavenResourcesFiltering - Copying 0 resource from src\main\resources to target\classes
2026-05-26 12:32:28,713 [Worker-8: Building] INFO  o.a.m.s.f.DefaultMavenResourcesFiltering - skip non existing resourceDirectory D:\Java_Project\Online_Expanse_Tracker\src\test\resources
2026-05-26 12:32:48,340 [Worker-11: Building] INFO  o.a.m.s.f.DefaultMavenResourcesFiltering - Copying 0 resource from src\main\resources to target\classes
2026-05-26 12:32:48,344 [Worker-11: Building] INFO  o.a.m.s.f.DefaultMavenResourcesFiltering - skip non existing resourceDirectory D:\Java_Project\Online_Expanse_Tracker\src\test\resources
2026-05-26 12:32:59,886 [Worker-20: Building] INFO  o.a.m.s.f.DefaultMavenResourcesFiltering - Copying 0 resource from src\main\resources to target\classes
2026-05-26 12:32:59,888 [Worker-20: Building] INFO  o.a.m.s.f.DefaultMavenResourcesFiltering - skip non existing resourceDirectory D:\Java_Project\Online_Expanse_Tracker\src\test\resources
2026-05-26 12:37:33,378 [Worker-15: Building] INFO  o.a.m.s.f.DefaultMavenResourcesFiltering - Copying 0 resource from src\main\resources to target\classes
2026-05-26 12:37:33,383 [Worker-15: Building] INFO  o.a.m.s.f.DefaultMavenResourcesFiltering - skip non existing resourceDirectory D:\Java_Project\Online_Expanse_Tracker\src\test\resources
2026-05-26 12:38:15,714 [Worker-14: Building] INFO  o.a.m.s.f.DefaultMavenResourcesFiltering - Copying 0 resource from src\main\resources to target\classes
2026-05-26 12:38:15,719 [Worker-14: Building] INFO  o.a.m.s.f.DefaultMavenResourcesFiltering - skip non existing resourceDirectory D:\Java_Project\Online_Expanse_Tracker\src\test\resources
2026-05-26 12:38:42,848 [Worker-6: Building] INFO  o.a.m.s.f.DefaultMavenResourcesFiltering - Copying 0 resource from src\main\resources to target\classes
2026-05-26 12:38:42,851 [Worker-6: Building] INFO  o.a.m.s.f.DefaultMavenResourcesFiltering - skip non existing resourceDirectory D:\Java_Project\Online_Expanse_Tracker\src\test\resources
2026-05-26 12:38:51,135 [Worker-21: Building] INFO  o.a.m.s.f.DefaultMavenResourcesFiltering - Copying 0 resource from src\main\resources to target\classes
2026-05-26 12:38:51,138 [Worker-21: Building] INFO  o.a.m.s.f.DefaultMavenResourcesFiltering - skip non existing resourceDirectory D:\Java_Project\Online_Expanse_Tracker\src\test\resources
2026-05-26 12:39:31,873 [Worker-19: Building] INFO  o.a.m.s.f.DefaultMavenResourcesFiltering - Copying 0 resource from src\main\resources to target\classes
2026-05-26 12:39:31,876 [Worker-19: Building] INFO  o.a.m.s.f.DefaultMavenResourcesFiltering - skip non existing resourceDirectory D:\Java_Project\Online_Expanse_Tracker\src\test\resources
2026-05-26 12:40:00,697 [Worker-1: Building] INFO  o.a.m.s.f.DefaultMavenResourcesFiltering - Copying 0 resource from src\main\resources to target\classes
2026-05-26 12:40:00,699 [Worker-1: Building] INFO  o.a.m.s.f.DefaultMavenResourcesFiltering - skip non existing resourceDirectory D:\Java_Project\Online_Expanse_Tracker\src\test\resources
2026-05-26 12:44:05,553 [Worker-0: Building] INFO  o.a.m.s.f.DefaultMavenResourcesFiltering - Copying 1 resource from src\main\resources to target\classes
2026-05-26 12:44:05,558 [Worker-0: Building] INFO  o.a.m.s.f.DefaultMavenResourcesFiltering - skip non existing resourceDirectory D:\Java_Project\Online_Expanse_Tracker\src\test\resources
2026-05-26 12:44:35,356 [Worker-13: Building] INFO  o.a.m.s.f.DefaultMavenResourcesFiltering - Copying 1 resource from src\main\resources to target\classes
2026-05-26 12:44:35,359 [Worker-13: Building] INFO  o.a.m.s.f.DefaultMavenResourcesFiltering - skip non existing resourceDirectory D:\Java_Project\Online_Expanse_Tracker\src\test\resources
2026-05-26 12:44:41,213 [Worker-0: Building] INFO  o.a.m.s.f.DefaultMavenResourcesFiltering - Copying 1 resource from src\main\resources to target\classes
2026-05-26 12:44:41,215 [Worker-0: Building] INFO  o.a.m.s.f.DefaultMavenResourcesFiltering - skip non existing resourceDirectory D:\Java_Project\Online_Expanse_Tracker\src\test\resources
2026-05-26 12:45:03,945 [Worker-1: Building] INFO  o.a.m.s.f.DefaultMavenResourcesFiltering - Copying 1 resource from src\main\resources to target\classes
2026-05-26 12:45:03,953 [Worker-1: Building] INFO  o.a.m.s.f.DefaultMavenResourcesFiltering - skip non existing resourceDirectory D:\Java_Project\Online_Expanse_Tracker\src\test\resources
2026-05-26 12:47:29,737 [Worker-16: Building] INFO  o.a.m.s.f.DefaultMavenResourcesFiltering - Copying 1 resource from src\main\resources to target\classes
2026-05-26 12:47:29,740 [Worker-16: Building] INFO  o.a.m.s.f.DefaultMavenResourcesFiltering - skip non existing resourceDirectory D:\Java_Project\Online_Expanse_Tracker\src\test\resources
2026-05-26 12:48:25,766 [Worker-0: Building] INFO  o.a.m.s.f.DefaultMavenResourcesFiltering - Copying 0 resource from src\main\resources to target\classes
2026-05-26 12:48:25,769 [Worker-0: Building] INFO  o.a.m.s.f.DefaultMavenResourcesFiltering - skip non existing resourceDirectory D:\Java_Project\Online_Expanse_Tracker\src\test\resources
2026-05-26 12:49:35,189 [Worker-10: Building] INFO  o.a.m.s.f.DefaultMavenResourcesFiltering - Copying 0 resource from src\main\resources to target\classes
2026-05-26 12:49:35,193 [Worker-10: Building] INFO  o.a.m.s.f.DefaultMavenResourcesFiltering - skip non existing resourceDirectory D:\Java_Project\Online_Expanse_Tracker\src\test\resources
2026-05-26 12:49:59,787 [Worker-19: Building] INFO  o.a.m.s.f.DefaultMavenResourcesFiltering - Copying 0 resource from src\main\resources to target\classes
2026-05-26 12:49:59,789 [Worker-19: Building] INFO  o.a.m.s.f.DefaultMavenResourcesFiltering - skip non existing resourceDirectory D:\Java_Project\Online_Expanse_Tracker\src\test\resources
2026-05-26 12:51:11,453 [Worker-6: Building] INFO  o.a.m.s.f.DefaultMavenResourcesFiltering - Copying 0 resource from src\main\resources to target\classes
2026-05-26 12:51:11,456 [Worker-6: Building] INFO  o.a.m.s.f.DefaultMavenResourcesFiltering - skip non existing resourceDirectory D:\Java_Project\Online_Expanse_Tracker\src\test\resources
2026-05-26 12:51:18,906 [Worker-10: Building] INFO  o.a.m.s.f.DefaultMavenResourcesFiltering - Copying 0 resource from src\main\resources to target\classes
2026-05-26 12:51:18,908 [Worker-10: Building] INFO  o.a.m.s.f.DefaultMavenResourcesFiltering - skip non existing resourceDirectory D:\Java_Project\Online_Expanse_Tracker\src\test\resources
2026-05-26 12:51:21,357 [Worker-8: Building] INFO  o.a.m.s.f.DefaultMavenResourcesFiltering - Copying 0 resource from src\main\resources to target\classes
2026-05-26 12:51:21,359 [Worker-8: Building] INFO  o.a.m.s.f.DefaultMavenResourcesFiltering - skip non existing resourceDirectory D:\Java_Project\Online_Expanse_Tracker\src\test\resources
2026-05-26 12:52:12,843 [Worker-5: Building] INFO  o.a.m.s.f.DefaultMavenResourcesFiltering - Copying 0 resource from src\main\resources to target\classes
2026-05-26 12:52:12,844 [Worker-5: Building] INFO  o.a.m.s.f.DefaultMavenResourcesFiltering - skip non existing resourceDirectory D:\Java_Project\Online_Expanse_Tracker\src\test\resources
2026-05-26 12:53:51,321 [Worker-14: Building] INFO  o.a.m.s.f.DefaultMavenResourcesFiltering - Copying 0 resource from src\main\resources to target\classes
2026-05-26 12:53:51,323 [Worker-14: Building] INFO  o.a.m.s.f.DefaultMavenResourcesFiltering - skip non existing resourceDirectory D:\Java_Project\Online_Expanse_Tracker\src\test\resources
2026-05-26 13:02:35,113 [Worker-11: Building] INFO  o.a.m.s.f.DefaultMavenResourcesFiltering - Copying 0 resource from src\main\resources to target\classes
2026-05-26 13:02:35,116 [Worker-11: Building] INFO  o.a.m.s.f.DefaultMavenResourcesFiltering - skip non existing resourceDirectory D:\Java_Project\Online_Expanse_Tracker\src\test\resources
2026-05-26 13:03:28,756 [Worker-22: Building] INFO  o.a.m.s.f.DefaultMavenResourcesFiltering - Copying 0 resource from src\main\resources to target\classes
2026-05-26 13:03:28,759 [Worker-22: Building] INFO  o.a.m.s.f.DefaultMavenResourcesFiltering - skip non existing resourceDirectory D:\Java_Project\Online_Expanse_Tracker\src\test\resources
2026-05-26 13:03:42,499 [Worker-11: Building] INFO  o.a.m.s.f.DefaultMavenResourcesFiltering - Copying 0 resource from src\main\resources to target\classes
2026-05-26 13:03:42,501 [Worker-11: Building] INFO  o.a.m.s.f.DefaultMavenResourcesFiltering - skip non existing resourceDirectory D:\Java_Project\Online_Expanse_Tracker\src\test\resources
2026-05-26 13:04:23,991 [Worker-1: Building] INFO  o.a.m.s.f.DefaultMavenResourcesFiltering - Copying 0 resource from src\main\resources to target\classes
2026-05-26 13:04:23,994 [Worker-1: Building] INFO  o.a.m.s.f.DefaultMavenResourcesFiltering - skip non existing resourceDirectory D:\Java_Project\Online_Expanse_Tracker\src\test\resources
2026-05-26 13:05:17,245 [Worker-18: Building] INFO  o.a.m.s.f.DefaultMavenResourcesFiltering - Copying 0 resource from src\main\resources to target\classes
2026-05-26 13:05:17,247 [Worker-18: Building] INFO  o.a.m.s.f.DefaultMavenResourcesFiltering - skip non existing resourceDirectory D:\Java_Project\Online_Expanse_Tracker\src\test\resources
2026-05-26 13:05:28,180 [Worker-13: Building] INFO  o.a.m.s.f.DefaultMavenResourcesFiltering - Copying 0 resource from src\main\resources to target\classes
2026-05-26 13:05:28,183 [Worker-13: Building] INFO  o.a.m.s.f.DefaultMavenResourcesFiltering - skip non existing resourceDirectory D:\Java_Project\Online_Expanse_Tracker\src\test\resources
2026-05-26 13:05:32,077 [Worker-16: Building] INFO  o.a.m.s.f.DefaultMavenResourcesFiltering - Copying 0 resource from src\main\resources to target\classes
2026-05-26 13:05:32,079 [Worker-16: Building] INFO  o.a.m.s.f.DefaultMavenResourcesFiltering - skip non existing resourceDirectory D:\Java_Project\Online_Expanse_Tracker\src\test\resources
2026-05-26 13:05:46,941 [Worker-1: Building] INFO  o.a.m.s.f.DefaultMavenResourcesFiltering - Copying 0 resource from src\main\resources to target\classes
2026-05-26 13:05:46,943 [Worker-1: Building] INFO  o.a.m.s.f.DefaultMavenResourcesFiltering - skip non existing resourceDirectory D:\Java_Project\Online_Expanse_Tracker\src\test\resources
2026-05-26 13:05:50,356 [Worker-11: Building] INFO  o.a.m.s.f.DefaultMavenResourcesFiltering - Copying 0 resource from src\main\resources to target\classes
2026-05-26 13:05:50,358 [Worker-11: Building] INFO  o.a.m.s.f.DefaultMavenResourcesFiltering - skip non existing resourceDirectory D:\Java_Project\Online_Expanse_Tracker\src\test\resources
2026-05-26 13:06:23,220 [Worker-16: Building] INFO  o.a.m.s.f.DefaultMavenResourcesFiltering - Copying 0 resource from src\main\resources to target\classes
2026-05-26 13:06:23,236 [Worker-16: Building] INFO  o.a.m.s.f.DefaultMavenResourcesFiltering - skip non existing resourceDirectory D:\Java_Project\Online_Expanse_Tracker\src\test\resources
2026-05-26 13:06:48,234 [Worker-19: Building] INFO  o.a.m.s.f.DefaultMavenResourcesFiltering - Copying 0 resource from src\main\resources to target\classes
2026-05-26 13:06:48,236 [Worker-19: Building] INFO  o.a.m.s.f.DefaultMavenResourcesFiltering - skip non existing resourceDirectory D:\Java_Project\Online_Expanse_Tracker\src\test\resources
2026-05-26 13:06:58,560 [Worker-19: Building] INFO  o.a.m.s.f.DefaultMavenResourcesFiltering - Copying 0 resource from src\main\resources to target\classes
2026-05-26 13:06:58,562 [Worker-19: Building] INFO  o.a.m.s.f.DefaultMavenResourcesFiltering - skip non existing resourceDirectory D:\Java_Project\Online_Expanse_Tracker\src\test\resources
2026-05-26 13:07:14,689 [Worker-18: Building] INFO  o.a.m.s.f.DefaultMavenResourcesFiltering - Copying 0 resource from src\main\resources to target\classes
2026-05-26 13:07:14,691 [Worker-18: Building] INFO  o.a.m.s.f.DefaultMavenResourcesFiltering - skip non existing resourceDirectory D:\Java_Project\Online_Expanse_Tracker\src\test\resources
2026-05-26 13:07:30,468 [Worker-1: Building] INFO  o.a.m.s.f.DefaultMavenResourcesFiltering - Copying 0 resource from src\main\resources to target\classes
2026-05-26 13:07:30,470 [Worker-1: Building] INFO  o.a.m.s.f.DefaultMavenResourcesFiltering - skip non existing resourceDirectory D:\Java_Project\Online_Expanse_Tracker\src\test\resources
2026-05-26 13:08:10,598 [Worker-1: Building] INFO  o.a.m.s.f.DefaultMavenResourcesFiltering - Copying 0 resource from src\main\resources to target\classes
2026-05-26 13:08:10,600 [Worker-1: Building] INFO  o.a.m.s.f.DefaultMavenResourcesFiltering - skip non existing resourceDirectory D:\Java_Project\Online_Expanse_Tracker\src\test\resources
2026-05-26 13:08:28,994 [Worker-5: Building] INFO  o.a.m.s.f.DefaultMavenResourcesFiltering - Copying 0 resource from src\main\resources to target\classes
2026-05-26 13:08:28,996 [Worker-5: Building] INFO  o.a.m.s.f.DefaultMavenResourcesFiltering - skip non existing resourceDirectory D:\Java_Project\Online_Expanse_Tracker\src\test\resources
2026-05-26 13:09:15,482 [Worker-21: Building] INFO  o.a.m.s.f.DefaultMavenResourcesFiltering - Copying 0 resource from src\main\resources to target\classes
2026-05-26 13:09:15,484 [Worker-21: Building] INFO  o.a.m.s.f.DefaultMavenResourcesFiltering - skip non existing resourceDirectory D:\Java_Project\Online_Expanse_Tracker\src\test\resources
2026-05-26 13:09:56,562 [Worker-11: Building] INFO  o.a.m.s.f.DefaultMavenResourcesFiltering - Copying 0 resource from src\main\resources to target\classes
2026-05-26 13:09:56,564 [Worker-11: Building] INFO  o.a.m.s.f.DefaultMavenResourcesFiltering - skip non existing resourceDirectory D:\Java_Project\Online_Expanse_Tracker\src\test\resources
2026-05-26 13:10:57,911 [Worker-15: Building] INFO  o.a.m.s.f.DefaultMavenResourcesFiltering - Copying 0 resource from src\main\resources to target\classes
2026-05-26 13:10:57,913 [Worker-15: Building] INFO  o.a.m.s.f.DefaultMavenResourcesFiltering - skip non existing resourceDirectory D:\Java_Project\Online_Expanse_Tracker\src\test\resources
2026-05-26 13:12:58,453 [Worker-11: Building] INFO  o.a.m.s.f.DefaultMavenResourcesFiltering - Copying 0 resource from src\main\resources to target\classes
2026-05-26 13:12:58,456 [Worker-11: Building] INFO  o.a.m.s.f.DefaultMavenResourcesFiltering - skip non existing resourceDirectory D:\Java_Project\Online_Expanse_Tracker\src\test\resources
2026-05-26 13:18:16,171 [Worker-5: Building] INFO  o.a.m.s.f.DefaultMavenResourcesFiltering - Copying 0 resource from src\main\resources to target\classes
2026-05-26 13:18:16,174 [Worker-5: Building] INFO  o.a.m.s.f.DefaultMavenResourcesFiltering - skip non existing resourceDirectory D:\Java_Project\Online_Expanse_Tracker\src\test\resources
2026-05-26 13:21:02,568 [Worker-11: Building] INFO  o.a.m.s.f.DefaultMavenResourcesFiltering - Copying 1 resource from src\main\resources to target\classes
2026-05-26 13:21:02,572 [Worker-11: Building] INFO  o.a.m.s.f.DefaultMavenResourcesFiltering - skip non existing resourceDirectory D:\Java_Project\Online_Expanse_Tracker\src\test\resources
2026-05-26 13:23:38,263 [Worker-13: Building] INFO  o.a.m.s.f.DefaultMavenResourcesFiltering - Copying 1 resource from src\main\resources to target\classes
2026-05-26 13:23:38,267 [Worker-13: Building] INFO  o.a.m.s.f.DefaultMavenResourcesFiltering - skip non existing resourceDirectory D:\Java_Project\Online_Expanse_Tracker\src\test\resources
2026-05-26 13:23:57,615 [Worker-22: Building] INFO  o.a.m.s.f.DefaultMavenResourcesFiltering - Copying 1 resource from src\main\resources to target\classes
2026-05-26 13:23:57,618 [Worker-22: Building] INFO  o.a.m.s.f.DefaultMavenResourcesFiltering - skip non existing resourceDirectory D:\Java_Project\Online_Expanse_Tracker\src\test\resources
2026-05-26 13:24:09,127 [Worker-21: Building] INFO  o.a.m.s.f.DefaultMavenResourcesFiltering - Copying 1 resource from src\main\resources to target\classes
2026-05-26 13:24:09,129 [Worker-21: Building] INFO  o.a.m.s.f.DefaultMavenResourcesFiltering - skip non existing resourceDirectory D:\Java_Project\Online_Expanse_Tracker\src\test\resources
2026-05-26 13:24:15,990 [Worker-22: Building] INFO  o.a.m.s.f.DefaultMavenResourcesFiltering - Copying 1 resource from src\main\resources to target\classes
2026-05-26 13:24:15,993 [Worker-22: Building] INFO  o.a.m.s.f.DefaultMavenResourcesFiltering - skip non existing resourceDirectory D:\Java_Project\Online_Expanse_Tracker\src\test\resources
2026-05-26 13:24:33,189 [Worker-7: Building] INFO  o.a.m.s.f.DefaultMavenResourcesFiltering - Copying 1 resource from src\main\resources to target\classes
2026-05-26 13:24:33,191 [Worker-7: Building] INFO  o.a.m.s.f.DefaultMavenResourcesFiltering - skip non existing resourceDirectory D:\Java_Project\Online_Expanse_Tracker\src\test\resources
2026-05-26 13:24:59,410 [Worker-4: Building] INFO  o.a.m.s.f.DefaultMavenResourcesFiltering - Copying 1 resource from src\main\resources to target\classes
2026-05-26 13:24:59,411 [Worker-4: Building] INFO  o.a.m.s.f.DefaultMavenResourcesFiltering - skip non existing resourceDirectory D:\Java_Project\Online_Expanse_Tracker\src\test\resources
2026-05-26 13:25:12,925 [Worker-10: Building] INFO  o.a.m.s.f.DefaultMavenResourcesFiltering - Copying 1 resource from src\main\resources to target\classes
2026-05-26 13:25:12,926 [Worker-10: Building] INFO  o.a.m.s.f.DefaultMavenResourcesFiltering - skip non existing resourceDirectory D:\Java_Project\Online_Expanse_Tracker\src\test\resources
2026-05-26 13:26:45,434 [Worker-16: Building] INFO  o.a.m.s.f.DefaultMavenResourcesFiltering - Copying 1 resource from src\main\resources to target\classes
2026-05-26 13:26:45,437 [Worker-16: Building] INFO  o.a.m.s.f.DefaultMavenResourcesFiltering - skip non existing resourceDirectory D:\Java_Project\Online_Expanse_Tracker\src\test\resources
2026-05-26 13:27:06,427 [Worker-1: Building] INFO  o.a.m.s.f.DefaultMavenResourcesFiltering - Copying 1 resource from src\main\resources to target\classes
2026-05-26 13:27:06,429 [Worker-1: Building] INFO  o.a.m.s.f.DefaultMavenResourcesFiltering - skip non existing resourceDirectory D:\Java_Project\Online_Expanse_Tracker\src\test\resources
2026-05-26 13:29:29,772 [Worker-21: Building] INFO  o.a.m.s.f.DefaultMavenResourcesFiltering - Copying 1 resource from src\main\resources to target\classes
2026-05-26 13:29:29,774 [Worker-21: Building] INFO  o.a.m.s.f.DefaultMavenResourcesFiltering - skip non existing resourceDirectory D:\Java_Project\Online_Expanse_Tracker\src\test\resources
2026-05-26 14:20:31,152 [Worker-0: Building] INFO  o.a.m.s.f.DefaultMavenResourcesFiltering - Copying 0 resource from src\main\resources to target\classes
2026-05-26 14:20:31,157 [Worker-0: Building] INFO  o.a.m.s.f.DefaultMavenResourcesFiltering - skip non existing resourceDirectory D:\Java_Project\Online_Expanse_Tracker\src\test\resources
2026-05-26 14:20:36,410 [Worker-7: Building] INFO  o.a.m.s.f.DefaultMavenResourcesFiltering - Copying 0 resource from src\main\resources to target\classes
2026-05-26 14:20:36,414 [Worker-7: Building] INFO  o.a.m.s.f.DefaultMavenResourcesFiltering - skip non existing resourceDirectory D:\Java_Project\Online_Expanse_Tracker\src\test\resources
2026-05-26 14:21:38,658 [Worker-7: Building] INFO  o.a.m.s.f.DefaultMavenResourcesFiltering - Copying 0 resource from src\main\resources to target\classes
2026-05-26 14:21:38,662 [Worker-7: Building] INFO  o.a.m.s.f.DefaultMavenResourcesFiltering - skip non existing resourceDirectory D:\Java_Project\Online_Expanse_Tracker\src\test\resources
2026-05-26 14:21:51,263 [Worker-25: Building] INFO  o.a.m.s.f.DefaultMavenResourcesFiltering - Copying 0 resource from src\main\resources to target\classes
2026-05-26 14:21:51,269 [Worker-25: Building] INFO  o.a.m.s.f.DefaultMavenResourcesFiltering - skip non existing resourceDirectory D:\Java_Project\Online_Expanse_Tracker\src\test\resources
2026-05-26 14:22:06,239 [Worker-7: Building] INFO  o.a.m.s.f.DefaultMavenResourcesFiltering - Copying 0 resource from src\main\resources to target\classes
2026-05-26 14:22:06,244 [Worker-7: Building] INFO  o.a.m.s.f.DefaultMavenResourcesFiltering - skip non existing resourceDirectory D:\Java_Project\Online_Expanse_Tracker\src\test\resources
2026-05-26 14:22:20,884 [Worker-0: Building] INFO  o.a.m.s.f.DefaultMavenResourcesFiltering - Copying 0 resource from src\main\resources to target\classes
2026-05-26 14:22:20,896 [Worker-0: Building] INFO  o.a.m.s.f.DefaultMavenResourcesFiltering - skip non existing resourceDirectory D:\Java_Project\Online_Expanse_Tracker\src\test\resources
2026-05-26 14:22:24,891 [Worker-24: Building] INFO  o.a.m.s.f.DefaultMavenResourcesFiltering - Copying 0 resource from src\main\resources to target\classes
2026-05-26 14:22:24,896 [Worker-24: Building] INFO  o.a.m.s.f.DefaultMavenResourcesFiltering - skip non existing resourceDirectory D:\Java_Project\Online_Expanse_Tracker\src\test\resources
2026-05-26 14:22:37,182 [Worker-7: Building] INFO  o.a.m.s.f.DefaultMavenResourcesFiltering - Copying 0 resource from src\main\resources to target\classes
2026-05-26 14:22:37,187 [Worker-7: Building] INFO  o.a.m.s.f.DefaultMavenResourcesFiltering - skip non existing resourceDirectory D:\Java_Project\Online_Expanse_Tracker\src\test\resources
2026-05-26 14:22:41,342 [Worker-7: Building] INFO  o.a.m.s.f.DefaultMavenResourcesFiltering - Copying 0 resource from src\main\resources to target\classes
2026-05-26 14:22:41,345 [Worker-7: Building] INFO  o.a.m.s.f.DefaultMavenResourcesFiltering - skip non existing resourceDirectory D:\Java_Project\Online_Expanse_Tracker\src\test\resources
2026-05-26 14:24:44,084 [Worker-23: Building] INFO  o.a.m.s.f.DefaultMavenResourcesFiltering - Copying 0 resource from src\main\resources to target\classes
2026-05-26 14:24:44,089 [Worker-23: Building] INFO  o.a.m.s.f.DefaultMavenResourcesFiltering - skip non existing resourceDirectory D:\Java_Project\Online_Expanse_Tracker\src\test\resources
2026-05-26 14:24:50,438 [Worker-7: Building] INFO  o.a.m.s.f.DefaultMavenResourcesFiltering - Copying 0 resource from src\main\resources to target\classes
2026-05-26 14:24:50,443 [Worker-7: Building] INFO  o.a.m.s.f.DefaultMavenResourcesFiltering - skip non existing resourceDirectory D:\Java_Project\Online_Expanse_Tracker\src\test\resources
2026-05-26 14:24:55,434 [Worker-25: Building] INFO  o.a.m.s.f.DefaultMavenResourcesFiltering - Copying 0 resource from src\main\resources to target\classes
2026-05-26 14:24:55,438 [Worker-25: Building] INFO  o.a.m.s.f.DefaultMavenResourcesFiltering - skip non existing resourceDirectory D:\Java_Project\Online_Expanse_Tracker\src\test\resources
2026-05-26 14:26:14,346 [Worker-26: Building] INFO  o.a.m.s.f.DefaultMavenResourcesFiltering - Copying 0 resource from src\main\resources to target\classes
2026-05-26 14:26:14,350 [Worker-26: Building] INFO  o.a.m.s.f.DefaultMavenResourcesFiltering - skip non existing resourceDirectory D:\Java_Project\Online_Expanse_Tracker\src\test\resources
2026-05-26 14:26:39,956 [Worker-25: Building] INFO  o.a.m.s.f.DefaultMavenResourcesFiltering - Copying 0 resource from src\main\resources to target\classes
2026-05-26 14:26:39,960 [Worker-25: Building] INFO  o.a.m.s.f.DefaultMavenResourcesFiltering - skip non existing resourceDirectory D:\Java_Project\Online_Expanse_Tracker\src\test\resources
2026-05-26 14:32:24,737 [Worker-5: Building] INFO  o.a.m.s.f.DefaultMavenResourcesFiltering - Copying 0 resource from src\main\resources to target\classes
2026-05-26 14:32:24,743 [Worker-5: Building] INFO  o.a.m.s.f.DefaultMavenResourcesFiltering - skip non existing resourceDirectory D:\Java_Project\Online_Expanse_Tracker\src\test\resources
2026-05-26 14:32:28,592 [Worker-0: Building] INFO  o.a.m.s.f.DefaultMavenResourcesFiltering - Copying 0 resource from src\main\resources to target\classes
2026-05-26 14:32:28,597 [Worker-0: Building] INFO  o.a.m.s.f.DefaultMavenResourcesFiltering - skip non existing resourceDirectory D:\Java_Project\Online_Expanse_Tracker\src\test\resources
2026-05-26 14:32:58,896 [Worker-0: Building] INFO  o.a.m.s.f.DefaultMavenResourcesFiltering - Copying 0 resource from src\main\resources to target\classes
2026-05-26 14:32:58,901 [Worker-0: Building] INFO  o.a.m.s.f.DefaultMavenResourcesFiltering - skip non existing resourceDirectory D:\Java_Project\Online_Expanse_Tracker\src\test\resources
2026-05-26 14:33:29,255 [Worker-26: Building] INFO  o.a.m.s.f.DefaultMavenResourcesFiltering - Copying 0 resource from src\main\resources to target\classes
2026-05-26 14:33:29,259 [Worker-26: Building] INFO  o.a.m.s.f.DefaultMavenResourcesFiltering - skip non existing resourceDirectory D:\Java_Project\Online_Expanse_Tracker\src\test\resources
2026-05-26 14:33:38,143 [Worker-0: Building] INFO  o.a.m.s.f.DefaultMavenResourcesFiltering - Copying 0 resource from src\main\resources to target\classes
2026-05-26 14:33:38,147 [Worker-0: Building] INFO  o.a.m.s.f.DefaultMavenResourcesFiltering - skip non existing resourceDirectory D:\Java_Project\Online_Expanse_Tracker\src\test\resources
2026-05-26 14:34:50,976 [Worker-5: Building] INFO  o.a.m.s.f.DefaultMavenResourcesFiltering - Copying 0 resource from src\main\resources to target\classes
2026-05-26 14:34:51,005 [Worker-5: Building] INFO  o.a.m.s.f.DefaultMavenResourcesFiltering - skip non existing resourceDirectory D:\Java_Project\Online_Expanse_Tracker\src\test\resources
2026-05-26 14:35:01,590 [Worker-5: Building] INFO  o.a.m.s.f.DefaultMavenResourcesFiltering - Copying 0 resource from src\main\resources to target\classes
2026-05-26 14:35:01,595 [Worker-5: Building] INFO  o.a.m.s.f.DefaultMavenResourcesFiltering - skip non existing resourceDirectory D:\Java_Project\Online_Expanse_Tracker\src\test\resources
2026-05-26 14:36:43,016 [Worker-0: Building] INFO  o.a.m.s.f.DefaultMavenResourcesFiltering - Copying 0 resource from src\main\resources to target\classes
2026-05-26 14:36:43,021 [Worker-0: Building] INFO  o.a.m.s.f.DefaultMavenResourcesFiltering - skip non existing resourceDirectory D:\Java_Project\Online_Expanse_Tracker\src\test\resources
2026-05-26 14:36:55,697 [Worker-23: Building] INFO  o.a.m.s.f.DefaultMavenResourcesFiltering - Copying 0 resource from src\main\resources to target\classes
2026-05-26 14:36:55,703 [Worker-23: Building] INFO  o.a.m.s.f.DefaultMavenResourcesFiltering - skip non existing resourceDirectory D:\Java_Project\Online_Expanse_Tracker\src\test\resources
2026-05-26 14:37:09,545 [Worker-24: Building] INFO  o.a.m.s.f.DefaultMavenResourcesFiltering - Copying 0 resource from src\main\resources to target\classes
2026-05-26 14:37:09,550 [Worker-24: Building] INFO  o.a.m.s.f.DefaultMavenResourcesFiltering - skip non existing resourceDirectory D:\Java_Project\Online_Expanse_Tracker\src\test\resources
2026-05-26 14:37:12,481 [Worker-27: Building] INFO  o.a.m.s.f.DefaultMavenResourcesFiltering - Copying 0 resource from src\main\resources to target\classes
2026-05-26 14:37:12,485 [Worker-27: Building] INFO  o.a.m.s.f.DefaultMavenResourcesFiltering - skip non existing resourceDirectory D:\Java_Project\Online_Expanse_Tracker\src\test\resources
2026-05-26 14:37:33,278 [Worker-27: Building] INFO  o.a.m.s.f.DefaultMavenResourcesFiltering - Copying 0 resource from src\main\resources to target\classes
2026-05-26 14:37:33,282 [Worker-27: Building] INFO  o.a.m.s.f.DefaultMavenResourcesFiltering - skip non existing resourceDirectory D:\Java_Project\Online_Expanse_Tracker\src\test\resources
2026-05-26 14:37:50,748 [Worker-27: Building] INFO  o.a.m.s.f.DefaultMavenResourcesFiltering - Copying 0 resource from src\main\resources to target\classes
2026-05-26 14:37:50,752 [Worker-27: Building] INFO  o.a.m.s.f.DefaultMavenResourcesFiltering - skip non existing resourceDirectory D:\Java_Project\Online_Expanse_Tracker\src\test\resources
2026-05-26 14:39:03,943 [Worker-23: Building] INFO  o.a.m.s.f.DefaultMavenResourcesFiltering - Copying 0 resource from src\main\resources to target\classes
2026-05-26 14:39:03,947 [Worker-23: Building] INFO  o.a.m.s.f.DefaultMavenResourcesFiltering - skip non existing resourceDirectory D:\Java_Project\Online_Expanse_Tracker\src\test\resources
2026-05-26 14:39:24,601 [Worker-5: Building] INFO  o.a.m.s.f.DefaultMavenResourcesFiltering - Copying 0 resource from src\main\resources to target\classes
2026-05-26 14:39:24,605 [Worker-5: Building] INFO  o.a.m.s.f.DefaultMavenResourcesFiltering - skip non existing resourceDirectory D:\Java_Project\Online_Expanse_Tracker\src\test\resources
2026-05-26 14:39:35,292 [Worker-26: Building] INFO  o.a.m.s.f.DefaultMavenResourcesFiltering - Copying 0 resource from src\main\resources to target\classes
2026-05-26 14:39:35,296 [Worker-26: Building] INFO  o.a.m.s.f.DefaultMavenResourcesFiltering - skip non existing resourceDirectory D:\Java_Project\Online_Expanse_Tracker\src\test\resources
2026-05-26 14:39:42,904 [Worker-25: Building] INFO  o.a.m.s.f.DefaultMavenResourcesFiltering - Copying 0 resource from src\main\resources to target\classes
2026-05-26 14:39:42,909 [Worker-25: Building] INFO  o.a.m.s.f.DefaultMavenResourcesFiltering - skip non existing resourceDirectory D:\Java_Project\Online_Expanse_Tracker\src\test\resources
2026-05-26 14:39:50,143 [Worker-5: Building] INFO  o.a.m.s.f.DefaultMavenResourcesFiltering - Copying 0 resource from src\main\resources to target\classes
2026-05-26 14:39:50,148 [Worker-5: Building] INFO  o.a.m.s.f.DefaultMavenResourcesFiltering - skip non existing resourceDirectory D:\Java_Project\Online_Expanse_Tracker\src\test\resources
2026-05-26 14:40:03,234 [Worker-25: Building] INFO  o.a.m.s.f.DefaultMavenResourcesFiltering - Copying 0 resource from src\main\resources to target\classes
2026-05-26 14:40:03,239 [Worker-25: Building] INFO  o.a.m.s.f.DefaultMavenResourcesFiltering - skip non existing resourceDirectory D:\Java_Project\Online_Expanse_Tracker\src\test\resources
2026-05-26 14:40:11,660 [Worker-25: Building] INFO  o.a.m.s.f.DefaultMavenResourcesFiltering - Copying 0 resource from src\main\resources to target\classes
2026-05-26 14:40:11,663 [Worker-25: Building] INFO  o.a.m.s.f.DefaultMavenResourcesFiltering - skip non existing resourceDirectory D:\Java_Project\Online_Expanse_Tracker\src\test\resources
2026-05-26 14:40:24,335 [Worker-25: Building] INFO  o.a.m.s.f.DefaultMavenResourcesFiltering - Copying 0 resource from src\main\resources to target\classes
2026-05-26 14:40:24,339 [Worker-25: Building] INFO  o.a.m.s.f.DefaultMavenResourcesFiltering - skip non existing resourceDirectory D:\Java_Project\Online_Expanse_Tracker\src\test\resources
2026-05-26 14:42:35,439 [Worker-23: Building] INFO  o.a.m.s.f.DefaultMavenResourcesFiltering - Copying 0 resource from src\main\resources to target\classes
2026-05-26 14:42:35,442 [Worker-23: Building] INFO  o.a.m.s.f.DefaultMavenResourcesFiltering - skip non existing resourceDirectory D:\Java_Project\Online_Expanse_Tracker\src\test\resources
2026-05-26 14:42:53,314 [Worker-26: Building] INFO  o.a.m.s.f.DefaultMavenResourcesFiltering - Copying 0 resource from src\main\resources to target\classes
2026-05-26 14:42:53,319 [Worker-26: Building] INFO  o.a.m.s.f.DefaultMavenResourcesFiltering - skip non existing resourceDirectory D:\Java_Project\Online_Expanse_Tracker\src\test\resources
2026-05-26 14:42:58,921 [Worker-25: Building] INFO  o.a.m.s.f.DefaultMavenResourcesFiltering - Copying 0 resource from src\main\resources to target\classes
2026-05-26 14:42:58,927 [Worker-25: Building] INFO  o.a.m.s.f.DefaultMavenResourcesFiltering - skip non existing resourceDirectory D:\Java_Project\Online_Expanse_Tracker\src\test\resources
2026-05-26 14:45:14,972 [Worker-26: Building] INFO  o.a.m.s.f.DefaultMavenResourcesFiltering - Copying 0 resource from src\main\resources to target\classes
2026-05-26 14:45:14,976 [Worker-26: Building] INFO  o.a.m.s.f.DefaultMavenResourcesFiltering - skip non existing resourceDirectory D:\Java_Project\Online_Expanse_Tracker\src\test\resources
2026-05-26 14:45:42,778 [Worker-0: Building] INFO  o.a.m.s.f.DefaultMavenResourcesFiltering - Copying 0 resource from src\main\resources to target\classes
2026-05-26 14:45:42,783 [Worker-0: Building] INFO  o.a.m.s.f.DefaultMavenResourcesFiltering - skip non existing resourceDirectory D:\Java_Project\Online_Expanse_Tracker\src\test\resources
2026-05-26 14:46:00,966 [Worker-27: Building] INFO  o.a.m.s.f.DefaultMavenResourcesFiltering - Copying 0 resource from src\main\resources to target\classes
2026-05-26 14:46:00,971 [Worker-27: Building] INFO  o.a.m.s.f.DefaultMavenResourcesFiltering - skip non existing resourceDirectory D:\Java_Project\Online_Expanse_Tracker\src\test\resources
2026-05-26 14:46:13,707 [Worker-24: Building] INFO  o.a.m.s.f.DefaultMavenResourcesFiltering - Copying 0 resource from src\main\resources to target\classes
2026-05-26 14:46:13,712 [Worker-24: Building] INFO  o.a.m.s.f.DefaultMavenResourcesFiltering - skip non existing resourceDirectory D:\Java_Project\Online_Expanse_Tracker\src\test\resources
2026-05-26 14:46:21,813 [Worker-27: Building] INFO  o.a.m.s.f.DefaultMavenResourcesFiltering - Copying 0 resource from src\main\resources to target\classes
2026-05-26 14:46:21,819 [Worker-27: Building] INFO  o.a.m.s.f.DefaultMavenResourcesFiltering - skip non existing resourceDirectory D:\Java_Project\Online_Expanse_Tracker\src\test\resources
2026-05-26 14:46:31,956 [Worker-24: Building] INFO  o.a.m.s.f.DefaultMavenResourcesFiltering - Copying 0 resource from src\main\resources to target\classes
2026-05-26 14:46:31,959 [Worker-24: Building] INFO  o.a.m.s.f.DefaultMavenResourcesFiltering - skip non existing resourceDirectory D:\Java_Project\Online_Expanse_Tracker\src\test\resources
2026-05-26 14:46:39,237 [Worker-24: Building] INFO  o.a.m.s.f.DefaultMavenResourcesFiltering - Copying 0 resource from src\main\resources to target\classes
2026-05-26 14:46:39,241 [Worker-24: Building] INFO  o.a.m.s.f.DefaultMavenResourcesFiltering - skip non existing resourceDirectory D:\Java_Project\Online_Expanse_Tracker\src\test\resources
2026-05-26 14:48:21,507 [Worker-27: Building] INFO  o.a.m.s.f.DefaultMavenResourcesFiltering - Copying 0 resource from src\main\resources to target\classes
2026-05-26 14:48:21,511 [Worker-27: Building] INFO  o.a.m.s.f.DefaultMavenResourcesFiltering - skip non existing resourceDirectory D:\Java_Project\Online_Expanse_Tracker\src\test\resources
2026-05-26 14:48:29,144 [Worker-23: Building] INFO  o.a.m.s.f.DefaultMavenResourcesFiltering - Copying 0 resource from src\main\resources to target\classes
2026-05-26 14:48:29,148 [Worker-23: Building] INFO  o.a.m.s.f.DefaultMavenResourcesFiltering - skip non existing resourceDirectory D:\Java_Project\Online_Expanse_Tracker\src\test\resources
2026-05-26 14:48:57,665 [Worker-23: Building] INFO  o.a.m.s.f.DefaultMavenResourcesFiltering - Copying 0 resource from src\main\resources to target\classes
2026-05-26 14:48:57,669 [Worker-23: Building] INFO  o.a.m.s.f.DefaultMavenResourcesFiltering - skip non existing resourceDirectory D:\Java_Project\Online_Expanse_Tracker\src\test\resources
2026-05-26 14:49:18,556 [Worker-26: Building] INFO  o.a.m.s.f.DefaultMavenResourcesFiltering - Copying 0 resource from src\main\resources to target\classes
2026-05-26 14:49:18,562 [Worker-26: Building] INFO  o.a.m.s.f.DefaultMavenResourcesFiltering - skip non existing resourceDirectory D:\Java_Project\Online_Expanse_Tracker\src\test\resources
2026-05-26 14:49:54,794 [Worker-24: Building] INFO  o.a.m.s.f.DefaultMavenResourcesFiltering - Copying 0 resource from src\main\resources to target\classes
2026-05-26 14:49:54,798 [Worker-24: Building] INFO  o.a.m.s.f.DefaultMavenResourcesFiltering - skip non existing resourceDirectory D:\Java_Project\Online_Expanse_Tracker\src\test\resources
2026-05-26 14:50:18,569 [Worker-24: Building] INFO  o.a.m.s.f.DefaultMavenResourcesFiltering - Copying 0 resource from src\main\resources to target\classes
2026-05-26 14:50:18,573 [Worker-24: Building] INFO  o.a.m.s.f.DefaultMavenResourcesFiltering - skip non existing resourceDirectory D:\Java_Project\Online_Expanse_Tracker\src\test\resources
2026-05-26 14:50:33,306 [Worker-0: Building] INFO  o.a.m.s.f.DefaultMavenResourcesFiltering - Copying 0 resource from src\main\resources to target\classes
2026-05-26 14:50:33,309 [Worker-0: Building] INFO  o.a.m.s.f.DefaultMavenResourcesFiltering - skip non existing resourceDirectory D:\Java_Project\Online_Expanse_Tracker\src\test\resources
2026-05-26 14:50:42,576 [Worker-27: Building] INFO  o.a.m.s.f.DefaultMavenResourcesFiltering - Copying 0 resource from src\main\resources to target\classes
2026-05-26 14:50:42,581 [Worker-27: Building] INFO  o.a.m.s.f.DefaultMavenResourcesFiltering - skip non existing resourceDirectory D:\Java_Project\Online_Expanse_Tracker\src\test\resources
2026-05-26 14:50:46,963 [Worker-0: Building] INFO  o.a.m.s.f.DefaultMavenResourcesFiltering - Copying 0 resource from src\main\resources to target\classes
2026-05-26 14:50:46,966 [Worker-0: Building] INFO  o.a.m.s.f.DefaultMavenResourcesFiltering - skip non existing resourceDirectory D:\Java_Project\Online_Expanse_Tracker\src\test\resources
2026-05-26 14:50:56,244 [Worker-24: Building] INFO  o.a.m.s.f.DefaultMavenResourcesFiltering - Copying 0 resource from src\main\resources to target\classes
2026-05-26 14:50:56,249 [Worker-24: Building] INFO  o.a.m.s.f.DefaultMavenResourcesFiltering - skip non existing resourceDirectory D:\Java_Project\Online_Expanse_Tracker\src\test\resources
2026-05-26 14:51:32,752 [Worker-23: Building] INFO  o.a.m.s.f.DefaultMavenResourcesFiltering - Copying 0 resource from src\main\resources to target\classes
2026-05-26 14:51:32,757 [Worker-23: Building] INFO  o.a.m.s.f.DefaultMavenResourcesFiltering - skip non existing resourceDirectory D:\Java_Project\Online_Expanse_Tracker\src\test\resources
2026-05-26 14:51:41,149 [Worker-26: Building] INFO  o.a.m.s.f.DefaultMavenResourcesFiltering - Copying 0 resource from src\main\resources to target\classes
2026-05-26 14:51:41,154 [Worker-26: Building] INFO  o.a.m.s.f.DefaultMavenResourcesFiltering - skip non existing resourceDirectory D:\Java_Project\Online_Expanse_Tracker\src\test\resources
2026-05-26 14:51:49,559 [Worker-24: Building] INFO  o.a.m.s.f.DefaultMavenResourcesFiltering - Copying 0 resource from src\main\resources to target\classes
2026-05-26 14:51:49,563 [Worker-24: Building] INFO  o.a.m.s.f.DefaultMavenResourcesFiltering - skip non existing resourceDirectory D:\Java_Project\Online_Expanse_Tracker\src\test\resources
2026-05-26 14:53:11,193 [Worker-26: Building] INFO  o.a.m.s.f.DefaultMavenResourcesFiltering - Copying 0 resource from src\main\resources to target\classes
2026-05-26 14:53:11,197 [Worker-26: Building] INFO  o.a.m.s.f.DefaultMavenResourcesFiltering - skip non existing resourceDirectory D:\Java_Project\Online_Expanse_Tracker\src\test\resources
2026-05-26 14:55:07,154 [Worker-5: Building] INFO  o.a.m.s.f.DefaultMavenResourcesFiltering - Copying 0 resource from src\main\resources to target\classes
2026-05-26 14:55:07,158 [Worker-5: Building] INFO  o.a.m.s.f.DefaultMavenResourcesFiltering - skip non existing resourceDirectory D:\Java_Project\Online_Expanse_Tracker\src\test\resources
2026-05-26 14:55:41,619 [Worker-26: Building] INFO  o.a.m.s.f.DefaultMavenResourcesFiltering - Copying 0 resource from src\main\resources to target\classes
2026-05-26 14:55:41,624 [Worker-26: Building] INFO  o.a.m.s.f.DefaultMavenResourcesFiltering - skip non existing resourceDirectory D:\Java_Project\Online_Expanse_Tracker\src\test\resources
2026-05-26 14:56:23,107 [Worker-5: Building] INFO  o.a.m.s.f.DefaultMavenResourcesFiltering - Copying 0 resource from src\main\resources to target\classes
2026-05-26 14:56:23,112 [Worker-5: Building] INFO  o.a.m.s.f.DefaultMavenResourcesFiltering - skip non existing resourceDirectory D:\Java_Project\Online_Expanse_Tracker\src\test\resources
2026-05-26 14:56:40,646 [Worker-0: Building] INFO  o.a.m.s.f.DefaultMavenResourcesFiltering - Copying 0 resource from src\main\resources to target\classes
2026-05-26 14:56:40,650 [Worker-0: Building] INFO  o.a.m.s.f.DefaultMavenResourcesFiltering - skip non existing resourceDirectory D:\Java_Project\Online_Expanse_Tracker\src\test\resources
2026-05-26 14:57:24,030 [Worker-26: Building] INFO  o.a.m.s.f.DefaultMavenResourcesFiltering - Copying 0 resource from src\main\resources to target\classes
2026-05-26 14:57:24,035 [Worker-26: Building] INFO  o.a.m.s.f.DefaultMavenResourcesFiltering - skip non existing resourceDirectory D:\Java_Project\Online_Expanse_Tracker\src\test\resources
2026-05-26 14:57:50,812 [Worker-23: Building] INFO  o.a.m.s.f.DefaultMavenResourcesFiltering - Copying 0 resource from src\main\resources to target\classes
2026-05-26 14:57:50,816 [Worker-23: Building] INFO  o.a.m.s.f.DefaultMavenResourcesFiltering - skip non existing resourceDirectory D:\Java_Project\Online_Expanse_Tracker\src\test\resources
2026-05-26 14:57:58,728 [Worker-24: Building] INFO  o.a.m.s.f.DefaultMavenResourcesFiltering - Copying 0 resource from src\main\resources to target\classes
2026-05-26 14:57:58,733 [Worker-24: Building] INFO  o.a.m.s.f.DefaultMavenResourcesFiltering - skip non existing resourceDirectory D:\Java_Project\Online_Expanse_Tracker\src\test\resources
2026-05-26 14:58:46,992 [Worker-25: Building] INFO  o.a.m.s.f.DefaultMavenResourcesFiltering - Copying 0 resource from src\main\resources to target\classes
2026-05-26 14:58:46,996 [Worker-25: Building] INFO  o.a.m.s.f.DefaultMavenResourcesFiltering - skip non existing resourceDirectory D:\Java_Project\Online_Expanse_Tracker\src\test\resources
2026-05-26 15:02:25,481 [Worker-26: Building] INFO  o.a.m.s.f.DefaultMavenResourcesFiltering - Copying 0 resource from src\main\resources to target\classes
2026-05-26 15:02:25,488 [Worker-26: Building] INFO  o.a.m.s.f.DefaultMavenResourcesFiltering - skip non existing resourceDirectory D:\Java_Project\Online_Expanse_Tracker\src\test\resources
2026-05-26 15:03:54,366 [Worker-23: Building] INFO  o.a.m.s.f.DefaultMavenResourcesFiltering - Copying 0 resource from src\main\resources to target\classes
2026-05-26 15:03:54,370 [Worker-23: Building] INFO  o.a.m.s.f.DefaultMavenResourcesFiltering - skip non existing resourceDirectory D:\Java_Project\Online_Expanse_Tracker\src\test\resources
2026-05-26 15:04:23,308 [Worker-5: Building] INFO  o.a.m.s.f.DefaultMavenResourcesFiltering - Copying 0 resource from src\main\resources to target\classes
2026-05-26 15:04:23,316 [Worker-5: Building] INFO  o.a.m.s.f.DefaultMavenResourcesFiltering - skip non existing resourceDirectory D:\Java_Project\Online_Expanse_Tracker\src\test\resources
2026-05-26 15:12:35,248 [Worker-28: Building] INFO  o.a.m.s.f.DefaultMavenResourcesFiltering - Copying 0 resource from src\main\resources to target\classes
2026-05-26 15:12:35,252 [Worker-28: Building] INFO  o.a.m.s.f.DefaultMavenResourcesFiltering - skip non existing resourceDirectory D:\Java_Project\Online_Expanse_Tracker\src\test\resources
2026-05-26 15:15:40,028 [Worker-5: Building] INFO  o.a.m.s.f.DefaultMavenResourcesFiltering - Copying 0 resource from src\main\resources to target\classes
2026-05-26 15:15:40,035 [Worker-5: Building] INFO  o.a.m.s.f.DefaultMavenResourcesFiltering - skip non existing resourceDirectory D:\Java_Project\Online_Expanse_Tracker\src\test\resources
2026-05-26 15:15:47,758 [Worker-27: Building] INFO  o.a.m.s.f.DefaultMavenResourcesFiltering - Copying 0 resource from src\main\resources to target\classes
2026-05-26 15:15:47,764 [Worker-27: Building] INFO  o.a.m.s.f.DefaultMavenResourcesFiltering - skip non existing resourceDirectory D:\Java_Project\Online_Expanse_Tracker\src\test\resources
2026-05-26 15:16:09,756 [Worker-23: Building] INFO  o.a.m.s.f.DefaultMavenResourcesFiltering - Copying 0 resource from src\main\resources to target\classes
2026-05-26 15:16:09,763 [Worker-23: Building] INFO  o.a.m.s.f.DefaultMavenResourcesFiltering - skip non existing resourceDirectory D:\Java_Project\Online_Expanse_Tracker\src\test\resources
2026-05-26 15:16:19,458 [Worker-24: Building] INFO  o.a.m.s.f.DefaultMavenResourcesFiltering - Copying 0 resource from src\main\resources to target\classes
2026-05-26 15:16:19,466 [Worker-24: Building] INFO  o.a.m.s.f.DefaultMavenResourcesFiltering - skip non existing resourceDirectory D:\Java_Project\Online_Expanse_Tracker\src\test\resources
2026-05-26 15:16:31,491 [Worker-23: Building] INFO  o.a.m.s.f.DefaultMavenResourcesFiltering - Copying 0 resource from src\main\resources to target\classes
2026-05-26 15:16:31,497 [Worker-23: Building] INFO  o.a.m.s.f.DefaultMavenResourcesFiltering - skip non existing resourceDirectory D:\Java_Project\Online_Expanse_Tracker\src\test\resources
2026-05-26 15:17:05,489 [Worker-28: Building] INFO  o.a.m.s.f.DefaultMavenResourcesFiltering - Copying 0 resource from src\main\resources to target\classes
2026-05-26 15:17:05,495 [Worker-28: Building] INFO  o.a.m.s.f.DefaultMavenResourcesFiltering - skip non existing resourceDirectory D:\Java_Project\Online_Expanse_Tracker\src\test\resources
2026-05-26 15:17:09,550 [Worker-5: Building] INFO  o.a.m.s.f.DefaultMavenResourcesFiltering - Copying 0 resource from src\main\resources to target\classes
2026-05-26 15:17:09,555 [Worker-5: Building] INFO  o.a.m.s.f.DefaultMavenResourcesFiltering - skip non existing resourceDirectory D:\Java_Project\Online_Expanse_Tracker\src\test\resources
2026-05-26 15:17:13,695 [Worker-5: Building] INFO  o.a.m.s.f.DefaultMavenResourcesFiltering - Copying 0 resource from src\main\resources to target\classes
2026-05-26 15:17:13,700 [Worker-5: Building] INFO  o.a.m.s.f.DefaultMavenResourcesFiltering - skip non existing resourceDirectory D:\Java_Project\Online_Expanse_Tracker\src\test\resources
2026-05-26 15:17:38,880 [Worker-26: Building] INFO  o.a.m.s.f.DefaultMavenResourcesFiltering - Copying 0 resource from src\main\resources to target\classes
2026-05-26 15:17:38,885 [Worker-26: Building] INFO  o.a.m.s.f.DefaultMavenResourcesFiltering - skip non existing resourceDirectory D:\Java_Project\Online_Expanse_Tracker\src\test\resources
2026-05-26 15:17:44,397 [Worker-27: Building] INFO  o.a.m.s.f.DefaultMavenResourcesFiltering - Copying 0 resource from src\main\resources to target\classes
2026-05-26 15:17:44,401 [Worker-27: Building] INFO  o.a.m.s.f.DefaultMavenResourcesFiltering - skip non existing resourceDirectory D:\Java_Project\Online_Expanse_Tracker\src\test\resources
2026-05-26 15:18:30,263 [Worker-25: Building] INFO  o.a.m.s.f.DefaultMavenResourcesFiltering - Copying 0 resource from src\main\resources to target\classes
2026-05-26 15:18:30,269 [Worker-25: Building] INFO  o.a.m.s.f.DefaultMavenResourcesFiltering - skip non existing resourceDirectory D:\Java_Project\Online_Expanse_Tracker\src\test\resources
2026-05-26 15:18:53,675 [Worker-27: Building] INFO  o.a.m.s.f.DefaultMavenResourcesFiltering - Copying 0 resource from src\main\resources to target\classes
2026-05-26 15:18:53,679 [Worker-27: Building] INFO  o.a.m.s.f.DefaultMavenResourcesFiltering - skip non existing resourceDirectory D:\Java_Project\Online_Expanse_Tracker\src\test\resources
2026-05-26 15:19:16,137 [Worker-5: Building] INFO  o.a.m.s.f.DefaultMavenResourcesFiltering - Copying 0 resource from src\main\resources to target\classes
2026-05-26 15:19:16,142 [Worker-5: Building] INFO  o.a.m.s.f.DefaultMavenResourcesFiltering - skip non existing resourceDirectory D:\Java_Project\Online_Expanse_Tracker\src\test\resources
2026-05-26 15:20:04,176 [Worker-28: Building] INFO  o.a.m.s.f.DefaultMavenResourcesFiltering - Copying 0 resource from src\main\resources to target\classes
2026-05-26 15:20:04,181 [Worker-28: Building] INFO  o.a.m.s.f.DefaultMavenResourcesFiltering - skip non existing resourceDirectory D:\Java_Project\Online_Expanse_Tracker\src\test\resources
2026-05-26 15:20:17,661 [Worker-0: Building] INFO  o.a.m.s.f.DefaultMavenResourcesFiltering - Copying 0 resource from src\main\resources to target\classes
2026-05-26 15:20:17,667 [Worker-0: Building] INFO  o.a.m.s.f.DefaultMavenResourcesFiltering - skip non existing resourceDirectory D:\Java_Project\Online_Expanse_Tracker\src\test\resources
2026-05-26 15:20:52,494 [Worker-24: Building] INFO  o.a.m.s.f.DefaultMavenResourcesFiltering - Copying 0 resource from src\main\resources to target\classes
2026-05-26 15:20:52,498 [Worker-24: Building] INFO  o.a.m.s.f.DefaultMavenResourcesFiltering - skip non existing resourceDirectory D:\Java_Project\Online_Expanse_Tracker\src\test\resources
2026-05-26 15:21:09,396 [Worker-24: Building] INFO  o.a.m.s.f.DefaultMavenResourcesFiltering - Copying 0 resource from src\main\resources to target\classes
2026-05-26 15:21:09,401 [Worker-24: Building] INFO  o.a.m.s.f.DefaultMavenResourcesFiltering - skip non existing resourceDirectory D:\Java_Project\Online_Expanse_Tracker\src\test\resources
2026-05-26 15:21:14,223 [Worker-23: Building] INFO  o.a.m.s.f.DefaultMavenResourcesFiltering - Copying 0 resource from src\main\resources to target\classes
2026-05-26 15:21:14,226 [Worker-23: Building] INFO  o.a.m.s.f.DefaultMavenResourcesFiltering - skip non existing resourceDirectory D:\Java_Project\Online_Expanse_Tracker\src\test\resources
2026-05-26 15:28:20,421 [Worker-27: Building] INFO  o.a.m.s.f.DefaultMavenResourcesFiltering - Copying 1 resource from src\main\resources to target\classes
2026-05-26 15:28:20,432 [Worker-27: Building] INFO  o.a.m.s.f.DefaultMavenResourcesFiltering - skip non existing resourceDirectory D:\Java_Project\Online_Expanse_Tracker\src\test\resources
2026-05-26 15:30:39,429 [Start Help Server] INFO  org.eclipse.jetty.server.Server - jetty-12.0.21; built: 2025-05-09T00:32:00.688Z; git: 1c4719601e31b05b7d68910d2edd980259f1f53c; jvm 21.0.8+9-LTS
2026-05-26 15:30:39,630 [Start Help Server] INFO  o.e.j.server.handler.ContextHandler - Started oeje8n.ContextHandler$CoreContextHandler@3bd4ffef{/help,/help,b=null,a=AVAILABLE,h=oeje8n.ContextHandler$CoreContextHandler$CoreToNestedHandler@1870f8c9{STARTED}}
2026-05-26 15:30:39,633 [Start Help Server] INFO  o.e.j.s.DefaultSessionIdManager - Session workerName=node0
2026-05-26 15:30:39,687 [Start Help Server] INFO  o.e.jetty.server.AbstractConnector - Started ServerConnector@69213775{HTTP/1.1, (http/1.1)}{127.0.0.1:61973}
2026-05-26 15:30:39,748 [Start Help Server] INFO  org.eclipse.jetty.server.Server - Started oejs.Server@47f595f9{STARTING}[12.0.21,sto=0] @10951936ms
2026-05-26 15:31:31,646 [Worker-24: Building] INFO  o.a.m.s.f.DefaultMavenResourcesFiltering - Copying 1 resource from src\main\resources to target\classes
2026-05-26 15:31:31,653 [Worker-24: Building] INFO  o.a.m.s.f.DefaultMavenResourcesFiltering - skip non existing resourceDirectory D:\Java_Project\Online_Expanse_Tracker\src\test\resources
2026-05-26 15:31:55,240 [Worker-25: Building] INFO  o.a.m.s.f.DefaultMavenResourcesFiltering - Copying 1 resource from src\main\resources to target\classes
2026-05-26 15:31:55,246 [Worker-25: Building] INFO  o.a.m.s.f.DefaultMavenResourcesFiltering - skip non existing resourceDirectory D:\Java_Project\Online_Expanse_Tracker\src\test\resources
2026-05-26 15:32:51,199 [Worker-25: Building] INFO  o.a.m.s.f.DefaultMavenResourcesFiltering - Copying 1 resource from src\main\resources to target\classes
2026-05-26 15:32:51,204 [Worker-25: Building] INFO  o.a.m.s.f.DefaultMavenResourcesFiltering - skip non existing resourceDirectory D:\Java_Project\Online_Expanse_Tracker\src\test\resources
2026-05-26 15:33:24,561 [Worker-27: Building] INFO  o.a.m.s.f.DefaultMavenResourcesFiltering - Copying 1 resource from src\main\resources to target\classes
2026-05-26 15:33:24,566 [Worker-27: Building] INFO  o.a.m.s.f.DefaultMavenResourcesFiltering - skip non existing resourceDirectory D:\Java_Project\Online_Expanse_Tracker\src\test\resources
2026-05-26 15:33:29,998 [Worker-0: Building] INFO  o.a.m.s.f.DefaultMavenResourcesFiltering - Copying 1 resource from src\main\resources to target\classes
2026-05-26 15:33:30,004 [Worker-0: Building] INFO  o.a.m.s.f.DefaultMavenResourcesFiltering - skip non existing resourceDirectory D:\Java_Project\Online_Expanse_Tracker\src\test\resources
2026-05-26 15:37:18,641 [Worker-30: Building] INFO  o.a.m.s.f.DefaultMavenResourcesFiltering - Copying 1 resource from src\main\resources to target\classes
2026-05-26 15:37:18,646 [Worker-30: Building] INFO  o.a.m.s.f.DefaultMavenResourcesFiltering - skip non existing resourceDirectory D:\Java_Project\Online_Expanse_Tracker\src\test\resources
2026-05-26 15:39:22,717 [Worker-28: Building] INFO  o.a.m.s.f.DefaultMavenResourcesFiltering - Copying 1 resource from src\main\resources to target\classes
2026-05-26 15:39:22,722 [Worker-28: Building] INFO  o.a.m.s.f.DefaultMavenResourcesFiltering - skip non existing resourceDirectory D:\Java_Project\Online_Expanse_Tracker\src\test\resources
2026-05-26 15:45:49,685 [Worker-11: Building] INFO  o.a.m.s.f.DefaultMavenResourcesFiltering - Copying 1 resource from src\main\resources to target\classes
2026-05-26 15:45:49,690 [Worker-11: Building] INFO  o.a.m.s.f.DefaultMavenResourcesFiltering - skip non existing resourceDirectory D:\Java_Project\Online_Expanse_Tracker\src\test\resources
2026-05-26 15:45:54,791 [Worker-28: Building] INFO  o.a.m.s.f.DefaultMavenResourcesFiltering - Copying 1 resource from src\main\resources to target\classes
2026-05-26 15:45:54,796 [Worker-28: Building] INFO  o.a.m.s.f.DefaultMavenResourcesFiltering - skip non existing resourceDirectory D:\Java_Project\Online_Expanse_Tracker\src\test\resources
2026-05-26 15:49:10,225 [Worker-0: Building] INFO  o.a.m.s.f.DefaultMavenResourcesFiltering - Copying 1 resource from src\main\resources to target\classes
2026-05-26 15:49:10,230 [Worker-0: Building] INFO  o.a.m.s.f.DefaultMavenResourcesFiltering - skip non existing resourceDirectory D:\Java_Project\Online_Expanse_Tracker\src\test\resources
2026-05-26 15:55:43,770 [Worker-24: Building] INFO  o.a.m.s.f.DefaultMavenResourcesFiltering - Copying 1 resource from src\main\resources to target\classes
2026-05-26 15:55:43,776 [Worker-24: Building] INFO  o.a.m.s.f.DefaultMavenResourcesFiltering - skip non existing resourceDirectory D:\Java_Project\Online_Expanse_Tracker\src\test\resources
2026-05-26 15:55:52,586 [Worker-11: Building] INFO  o.a.m.s.f.DefaultMavenResourcesFiltering - Copying 1 resource from src\main\resources to target\classes
2026-05-26 15:55:52,593 [Worker-11: Building] INFO  o.a.m.s.f.DefaultMavenResourcesFiltering - skip non existing resourceDirectory D:\Java_Project\Online_Expanse_Tracker\src\test\resources
2026-05-26 15:56:21,064 [Worker-27: Building] INFO  o.a.m.s.f.DefaultMavenResourcesFiltering - Copying 1 resource from src\main\resources to target\classes
2026-05-26 15:56:21,076 [Worker-27: Building] INFO  o.a.m.s.f.DefaultMavenResourcesFiltering - skip non existing resourceDirectory D:\Java_Project\Online_Expanse_Tracker\src\test\resources
2026-05-26 15:57:05,461 [Worker-31: Building] INFO  o.a.m.s.f.DefaultMavenResourcesFiltering - Copying 1 resource from src\main\resources to target\classes
2026-05-26 15:57:05,466 [Worker-31: Building] INFO  o.a.m.s.f.DefaultMavenResourcesFiltering - skip non existing resourceDirectory D:\Java_Project\Online_Expanse_Tracker\src\test\resources
2026-05-26 16:05:21,613 [Worker-25: Building] INFO  o.a.m.s.f.DefaultMavenResourcesFiltering - Copying 1 resource from src\main\resources to target\classes
2026-05-26 16:05:21,618 [Worker-25: Building] INFO  o.a.m.s.f.DefaultMavenResourcesFiltering - skip non existing resourceDirectory D:\Java_Project\Online_Expanse_Tracker\src\test\resources
2026-05-26 16:06:48,836 [Worker-24: Building] INFO  o.a.m.s.f.DefaultMavenResourcesFiltering - Copying 1 resource from src\main\resources to target\classes
2026-05-26 16:06:48,842 [Worker-24: Building] INFO  o.a.m.s.f.DefaultMavenResourcesFiltering - skip non existing resourceDirectory D:\Java_Project\Online_Expanse_Tracker\src\test\resources
2026-05-26 16:12:29,205 [Worker-26: Building] INFO  o.a.m.s.f.DefaultMavenResourcesFiltering - Copying 1 resource from src\main\resources to target\classes
2026-05-26 16:12:29,209 [Worker-26: Building] INFO  o.a.m.s.f.DefaultMavenResourcesFiltering - skip non existing resourceDirectory D:\Java_Project\Online_Expanse_Tracker\src\test\resources
2026-05-26 16:12:48,086 [Worker-25: Building] INFO  o.a.m.s.f.DefaultMavenResourcesFiltering - Copying 1 resource from src\main\resources to target\classes
2026-05-26 16:12:48,091 [Worker-25: Building] INFO  o.a.m.s.f.DefaultMavenResourcesFiltering - skip non existing resourceDirectory D:\Java_Project\Online_Expanse_Tracker\src\test\resources
2026-05-26 16:14:02,425 [Worker-24: Building] INFO  o.a.m.s.f.DefaultMavenResourcesFiltering - Copying 1 resource from src\main\resources to target\classes
2026-05-26 16:14:02,433 [Worker-24: Building] INFO  o.a.m.s.f.DefaultMavenResourcesFiltering - skip non existing resourceDirectory D:\Java_Project\Online_Expanse_Tracker\src\test\resources
2026-05-26 16:14:43,371 [Worker-29: Building] INFO  o.a.m.s.f.DefaultMavenResourcesFiltering - Copying 1 resource from src\main\resources to target\classes
2026-05-26 16:14:43,377 [Worker-29: Building] INFO  o.a.m.s.f.DefaultMavenResourcesFiltering - skip non existing resourceDirectory D:\Java_Project\Online_Expanse_Tracker\src\test\resources
2026-05-26 16:15:17,444 [Worker-11: Building] INFO  o.a.m.s.f.DefaultMavenResourcesFiltering - Copying 1 resource from src\main\resources to target\classes
2026-05-26 16:15:17,449 [Worker-11: Building] INFO  o.a.m.s.f.DefaultMavenResourcesFiltering - skip non existing resourceDirectory D:\Java_Project\Online_Expanse_Tracker\src\test\resources
2026-05-26 16:15:22,043 [Worker-24: Building] INFO  o.a.m.s.f.DefaultMavenResourcesFiltering - Copying 1 resource from src\main\resources to target\classes
2026-05-26 16:15:22,049 [Worker-24: Building] INFO  o.a.m.s.f.DefaultMavenResourcesFiltering - skip non existing resourceDirectory D:\Java_Project\Online_Expanse_Tracker\src\test\resources
2026-05-26 16:15:29,161 [Worker-27: Building] INFO  o.a.m.s.f.DefaultMavenResourcesFiltering - Copying 1 resource from src\main\resources to target\classes
2026-05-26 16:15:29,206 [Worker-27: Building] INFO  o.a.m.s.f.DefaultMavenResourcesFiltering - skip non existing resourceDirectory D:\Java_Project\Online_Expanse_Tracker\src\test\resources
2026-05-26 16:15:33,837 [Worker-26: Building] INFO  o.a.m.s.f.DefaultMavenResourcesFiltering - Copying 1 resource from src\main\resources to target\classes
2026-05-26 16:15:33,842 [Worker-26: Building] INFO  o.a.m.s.f.DefaultMavenResourcesFiltering - skip non existing resourceDirectory D:\Java_Project\Online_Expanse_Tracker\src\test\resources
2026-05-26 16:15:57,917 [Worker-23: Building] INFO  o.a.m.s.f.DefaultMavenResourcesFiltering - Copying 1 resource from src\main\resources to target\classes
2026-05-26 16:15:57,922 [Worker-23: Building] INFO  o.a.m.s.f.DefaultMavenResourcesFiltering - skip non existing resourceDirectory D:\Java_Project\Online_Expanse_Tracker\src\test\resources
2026-05-26 16:18:02,188 [Worker-25: Building] INFO  o.a.m.s.f.DefaultMavenResourcesFiltering - Copying 1 resource from src\main\resources to target\classes
2026-05-26 16:18:02,193 [Worker-25: Building] INFO  o.a.m.s.f.DefaultMavenResourcesFiltering - skip non existing resourceDirectory D:\Java_Project\Online_Expanse_Tracker\src\test\resources
2026-05-26 16:19:52,531 [Worker-25: Building] INFO  o.a.m.s.f.DefaultMavenResourcesFiltering - Copying 1 resource from src\main\resources to target\classes
2026-05-26 16:19:52,536 [Worker-25: Building] INFO  o.a.m.s.f.DefaultMavenResourcesFiltering - skip non existing resourceDirectory D:\Java_Project\Online_Expanse_Tracker\src\test\resources
2026-05-26 16:20:03,537 [Worker-27: Building] INFO  o.a.m.s.f.DefaultMavenResourcesFiltering - Copying 1 resource from src\main\resources to target\classes
2026-05-26 16:20:03,543 [Worker-27: Building] INFO  o.a.m.s.f.DefaultMavenResourcesFiltering - skip non existing resourceDirectory D:\Java_Project\Online_Expanse_Tracker\src\test\resources
2026-05-26 16:21:16,456 [Worker-0: Building] INFO  o.a.m.s.f.DefaultMavenResourcesFiltering - Copying 1 resource from src\main\resources to target\classes
2026-05-26 16:21:16,461 [Worker-0: Building] INFO  o.a.m.s.f.DefaultMavenResourcesFiltering - skip non existing resourceDirectory D:\Java_Project\Online_Expanse_Tracker\src\test\resources
2026-05-26 16:21:30,783 [Worker-0: Building] INFO  o.a.m.s.f.DefaultMavenResourcesFiltering - Copying 1 resource from src\main\resources to target\classes
2026-05-26 16:21:30,787 [Worker-0: Building] INFO  o.a.m.s.f.DefaultMavenResourcesFiltering - skip non existing resourceDirectory D:\Java_Project\Online_Expanse_Tracker\src\test\resources
2026-05-26 16:21:34,379 [Worker-25: Building] INFO  o.a.m.s.f.DefaultMavenResourcesFiltering - Copying 1 resource from src\main\resources to target\classes
2026-05-26 16:21:34,383 [Worker-25: Building] INFO  o.a.m.s.f.DefaultMavenResourcesFiltering - skip non existing resourceDirectory D:\Java_Project\Online_Expanse_Tracker\src\test\resources
2026-05-26 16:21:47,913 [Worker-31: Building] INFO  o.a.m.s.f.DefaultMavenResourcesFiltering - Copying 1 resource from src\main\resources to target\classes
2026-05-26 16:21:47,921 [Worker-31: Building] INFO  o.a.m.s.f.DefaultMavenResourcesFiltering - skip non existing resourceDirectory D:\Java_Project\Online_Expanse_Tracker\src\test\resources
2026-05-26 16:23:59,247 [Worker-23: Building] INFO  o.a.m.s.f.DefaultMavenResourcesFiltering - Copying 1 resource from src\main\resources to target\classes
2026-05-26 16:23:59,252 [Worker-23: Building] INFO  o.a.m.s.f.DefaultMavenResourcesFiltering - skip non existing resourceDirectory D:\Java_Project\Online_Expanse_Tracker\src\test\resources
2026-05-26 16:28:11,659 [Worker-28: Building] INFO  o.a.m.s.f.DefaultMavenResourcesFiltering - Copying 1 resource from src\main\resources to target\classes
2026-05-26 16:28:11,666 [Worker-28: Building] INFO  o.a.m.s.f.DefaultMavenResourcesFiltering - skip non existing resourceDirectory D:\Java_Project\Online_Expanse_Tracker\src\test\resources
2026-05-26 16:28:22,365 [Worker-28: Building] INFO  o.a.m.s.f.DefaultMavenResourcesFiltering - Copying 1 resource from src\main\resources to target\classes
2026-05-26 16:28:22,369 [Worker-28: Building] INFO  o.a.m.s.f.DefaultMavenResourcesFiltering - skip non existing resourceDirectory D:\Java_Project\Online_Expanse_Tracker\src\test\resources
2026-05-26 16:29:30,217 [Worker-28: Building] INFO  o.a.m.s.f.DefaultMavenResourcesFiltering - Copying 1 resource from src\main\resources to target\classes
2026-05-26 16:29:30,221 [Worker-28: Building] INFO  o.a.m.s.f.DefaultMavenResourcesFiltering - skip non existing resourceDirectory D:\Java_Project\Online_Expanse_Tracker\src\test\resources
2026-05-26 16:29:33,321 [Worker-26: Building] INFO  o.a.m.s.f.DefaultMavenResourcesFiltering - Copying 1 resource from src\main\resources to target\classes
2026-05-26 16:29:33,328 [Worker-26: Building] INFO  o.a.m.s.f.DefaultMavenResourcesFiltering - skip non existing resourceDirectory D:\Java_Project\Online_Expanse_Tracker\src\test\resources
2026-05-26 16:30:55,453 [Worker-0: Building] INFO  o.a.m.s.f.DefaultMavenResourcesFiltering - Copying 1 resource from src\main\resources to target\classes
2026-05-26 16:30:55,459 [Worker-0: Building] INFO  o.a.m.s.f.DefaultMavenResourcesFiltering - skip non existing resourceDirectory D:\Java_Project\Online_Expanse_Tracker\src\test\resources
2026-05-26 16:30:59,213 [Worker-11: Building] INFO  o.a.m.s.f.DefaultMavenResourcesFiltering - Copying 1 resource from src\main\resources to target\classes
2026-05-26 16:30:59,219 [Worker-11: Building] INFO  o.a.m.s.f.DefaultMavenResourcesFiltering - skip non existing resourceDirectory D:\Java_Project\Online_Expanse_Tracker\src\test\resources
2026-05-26 16:31:24,107 [Worker-25: Building] INFO  o.a.m.s.f.DefaultMavenResourcesFiltering - Copying 1 resource from src\main\resources to target\classes
2026-05-26 16:31:24,112 [Worker-25: Building] INFO  o.a.m.s.f.DefaultMavenResourcesFiltering - skip non existing resourceDirectory D:\Java_Project\Online_Expanse_Tracker\src\test\resources
2026-05-26 16:31:34,708 [Worker-0: Building] INFO  o.a.m.s.f.DefaultMavenResourcesFiltering - Copying 1 resource from src\main\resources to target\classes
2026-05-26 16:31:34,713 [Worker-0: Building] INFO  o.a.m.s.f.DefaultMavenResourcesFiltering - skip non existing resourceDirectory D:\Java_Project\Online_Expanse_Tracker\src\test\resources
2026-05-26 16:31:50,947 [Worker-11: Building] INFO  o.a.m.s.f.DefaultMavenResourcesFiltering - Copying 1 resource from src\main\resources to target\classes
2026-05-26 16:31:50,954 [Worker-11: Building] INFO  o.a.m.s.f.DefaultMavenResourcesFiltering - skip non existing resourceDirectory D:\Java_Project\Online_Expanse_Tracker\src\test\resources
2026-05-26 16:32:05,517 [Worker-25: Building] INFO  o.a.m.s.f.DefaultMavenResourcesFiltering - Copying 1 resource from src\main\resources to target\classes
2026-05-26 16:32:05,524 [Worker-25: Building] INFO  o.a.m.s.f.DefaultMavenResourcesFiltering - skip non existing resourceDirectory D:\Java_Project\Online_Expanse_Tracker\src\test\resources
2026-05-26 16:32:26,811 [Worker-31: Building] INFO  o.a.m.s.f.DefaultMavenResourcesFiltering - Copying 1 resource from src\main\resources to target\classes
2026-05-26 16:32:26,817 [Worker-31: Building] INFO  o.a.m.s.f.DefaultMavenResourcesFiltering - skip non existing resourceDirectory D:\Java_Project\Online_Expanse_Tracker\src\test\resources
2026-05-26 16:33:15,409 [Worker-29: Building] INFO  o.a.m.s.f.DefaultMavenResourcesFiltering - Copying 1 resource from src\main\resources to target\classes
2026-05-26 16:33:15,415 [Worker-29: Building] INFO  o.a.m.s.f.DefaultMavenResourcesFiltering - skip non existing resourceDirectory D:\Java_Project\Online_Expanse_Tracker\src\test\resources
2026-05-26 16:34:00,700 [Worker-28: Building] INFO  o.a.m.s.f.DefaultMavenResourcesFiltering - Copying 1 resource from src\main\resources to target\classes
2026-05-26 16:34:00,705 [Worker-28: Building] INFO  o.a.m.s.f.DefaultMavenResourcesFiltering - skip non existing resourceDirectory D:\Java_Project\Online_Expanse_Tracker\src\test\resources
2026-05-26 16:36:40,805 [Worker-27: Building] INFO  o.a.m.s.f.DefaultMavenResourcesFiltering - Copying 0 resource from src\main\resources to target\classes
2026-05-26 16:36:40,814 [Worker-27: Building] INFO  o.a.m.s.f.DefaultMavenResourcesFiltering - skip non existing resourceDirectory D:\Java_Project\Online_Expanse_Tracker\src\test\resources
2026-05-26 16:39:22,872 [Worker-5: Building] INFO  o.a.m.s.f.DefaultMavenResourcesFiltering - Copying 0 resource from src\main\resources to target\classes
2026-05-26 16:39:22,877 [Worker-5: Building] INFO  o.a.m.s.f.DefaultMavenResourcesFiltering - skip non existing resourceDirectory D:\Java_Project\Online_Expanse_Tracker\src\test\resources
2026-05-26 16:39:36,483 [Worker-5: Building] INFO  o.a.m.s.f.DefaultMavenResourcesFiltering - Copying 1 resource from src\main\resources to target\classes
2026-05-26 16:39:36,487 [Worker-5: Building] INFO  o.a.m.s.f.DefaultMavenResourcesFiltering - skip non existing resourceDirectory D:\Java_Project\Online_Expanse_Tracker\src\test\resources
2026-05-26 16:39:57,119 [Worker-24: Building] INFO  o.a.m.s.f.DefaultMavenResourcesFiltering - Copying 1 resource from src\main\resources to target\classes
2026-05-26 16:39:57,124 [Worker-24: Building] INFO  o.a.m.s.f.DefaultMavenResourcesFiltering - skip non existing resourceDirectory D:\Java_Project\Online_Expanse_Tracker\src\test\resources
2026-05-26 16:40:35,487 [Worker-5: Building] INFO  o.a.m.s.f.DefaultMavenResourcesFiltering - Copying 0 resource from src\main\resources to target\classes
2026-05-26 16:40:35,492 [Worker-5: Building] INFO  o.a.m.s.f.DefaultMavenResourcesFiltering - skip non existing resourceDirectory D:\Java_Project\Online_Expanse_Tracker\src\test\resources
2026-05-26 16:41:41,938 [Worker-0: Building] INFO  o.a.m.s.f.DefaultMavenResourcesFiltering - Copying 0 resource from src\main\resources to target\classes
2026-05-26 16:41:41,942 [Worker-0: Building] INFO  o.a.m.s.f.DefaultMavenResourcesFiltering - skip non existing resourceDirectory D:\Java_Project\Online_Expanse_Tracker\src\test\resources
2026-05-26 16:43:55,512 [Worker-25: Building] INFO  o.a.m.s.f.DefaultMavenResourcesFiltering - Copying 0 resource from src\main\resources to target\classes
2026-05-26 16:43:55,516 [Worker-25: Building] INFO  o.a.m.s.f.DefaultMavenResourcesFiltering - skip non existing resourceDirectory D:\Java_Project\Online_Expanse_Tracker\src\test\resources
2026-05-26 16:44:04,145 [Worker-29: Building] INFO  o.a.m.s.f.DefaultMavenResourcesFiltering - Copying 1 resource from src\main\resources to target\classes
2026-05-26 16:44:04,149 [Worker-29: Building] INFO  o.a.m.s.f.DefaultMavenResourcesFiltering - skip non existing resourceDirectory D:\Java_Project\Online_Expanse_Tracker\src\test\resources
2026-05-26 16:46:45,400 [Worker-0: Building] INFO  o.a.m.s.f.DefaultMavenResourcesFiltering - Copying 0 resource from src\main\resources to target\classes
2026-05-26 16:46:45,403 [Worker-0: Building] INFO  o.a.m.s.f.DefaultMavenResourcesFiltering - skip non existing resourceDirectory D:\Java_Project\Online_Expanse_Tracker\src\test\resources
2026-05-26 16:51:25,443 [Worker-30: Building] INFO  o.a.m.s.f.DefaultMavenResourcesFiltering - Copying 1 resource from src\main\resources to target\classes
2026-05-26 16:51:25,447 [Worker-30: Building] INFO  o.a.m.s.f.DefaultMavenResourcesFiltering - skip non existing resourceDirectory D:\Java_Project\Online_Expanse_Tracker\src\test\resources
2026-05-26 16:51:39,374 [Worker-5: Building] INFO  o.a.m.s.f.DefaultMavenResourcesFiltering - Copying 1 resource from src\main\resources to target\classes
2026-05-26 16:51:39,406 [Worker-5: Building] INFO  o.a.m.s.f.DefaultMavenResourcesFiltering - skip non existing resourceDirectory D:\Java_Project\Online_Expanse_Tracker\src\test\resources
2026-05-26 16:53:07,160 [Worker-30: Building] INFO  o.a.m.s.f.DefaultMavenResourcesFiltering - Copying 1 resource from src\main\resources to target\classes
2026-05-26 16:53:07,162 [Worker-30: Building] INFO  o.a.m.s.f.DefaultMavenResourcesFiltering - skip non existing resourceDirectory D:\Java_Project\Online_Expanse_Tracker\src\test\resources
2026-05-26 16:58:22,676 [Worker-31: Building] INFO  o.a.m.s.f.DefaultMavenResourcesFiltering - Copying 1 resource from src\main\resources to target\classes
2026-05-26 16:58:22,678 [Worker-31: Building] INFO  o.a.m.s.f.DefaultMavenResourcesFiltering - skip non existing resourceDirectory D:\Java_Project\Online_Expanse_Tracker\src\test\resources
2026-05-26 16:58:43,721 [Worker-27: Building] INFO  o.a.m.s.f.DefaultMavenResourcesFiltering - Copying 1 resource from src\main\resources to target\classes
2026-05-26 16:58:43,723 [Worker-27: Building] INFO  o.a.m.s.f.DefaultMavenResourcesFiltering - skip non existing resourceDirectory D:\Java_Project\Online_Expanse_Tracker\src\test\resources
2026-05-26 16:59:28,253 [Worker-31: Building] INFO  o.a.m.s.f.DefaultMavenResourcesFiltering - Copying 1 resource from src\main\resources to target\classes
2026-05-26 16:59:28,255 [Worker-31: Building] INFO  o.a.m.s.f.DefaultMavenResourcesFiltering - skip non existing resourceDirectory D:\Java_Project\Online_Expanse_Tracker\src\test\resources
2026-05-26 16:59:52,185 [Worker-0: Building] INFO  o.a.m.s.f.DefaultMavenResourcesFiltering - Copying 1 resource from src\main\resources to target\classes
2026-05-26 16:59:52,186 [Worker-0: Building] INFO  o.a.m.s.f.DefaultMavenResourcesFiltering - skip non existing resourceDirectory D:\Java_Project\Online_Expanse_Tracker\src\test\resources
2026-05-26 17:02:55,220 [Worker-31: Building] INFO  o.a.m.s.f.DefaultMavenResourcesFiltering - Copying 1 resource from src\main\resources to target\classes
2026-05-26 17:02:55,222 [Worker-31: Building] INFO  o.a.m.s.f.DefaultMavenResourcesFiltering - skip non existing resourceDirectory D:\Java_Project\Online_Expanse_Tracker\src\test\resources
2026-05-26 17:03:54,908 [Worker-30: Building] INFO  o.a.m.s.f.DefaultMavenResourcesFiltering - Copying 1 resource from src\main\resources to target\classes
2026-05-26 17:03:54,911 [Worker-30: Building] INFO  o.a.m.s.f.DefaultMavenResourcesFiltering - skip non existing resourceDirectory D:\Java_Project\Online_Expanse_Tracker\src\test\resources
2026-05-26 17:04:08,177 [Worker-31: Building] INFO  o.a.m.s.f.DefaultMavenResourcesFiltering - Copying 1 resource from src\main\resources to target\classes
2026-05-26 17:04:08,179 [Worker-31: Building] INFO  o.a.m.s.f.DefaultMavenResourcesFiltering - skip non existing resourceDirectory D:\Java_Project\Online_Expanse_Tracker\src\test\resources
2026-05-26 17:04:56,517 [Worker-30: Building] INFO  o.a.m.s.f.DefaultMavenResourcesFiltering - Copying 1 resource from src\main\resources to target\classes
2026-05-26 17:04:56,519 [Worker-30: Building] INFO  o.a.m.s.f.DefaultMavenResourcesFiltering - skip non existing resourceDirectory D:\Java_Project\Online_Expanse_Tracker\src\test\resources
2026-05-26 17:05:20,346 [Worker-23: Building] INFO  o.a.m.s.f.DefaultMavenResourcesFiltering - Copying 1 resource from src\main\resources to target\classes
2026-05-26 17:05:20,347 [Worker-23: Building] INFO  o.a.m.s.f.DefaultMavenResourcesFiltering - skip non existing resourceDirectory D:\Java_Project\Online_Expanse_Tracker\src\test\resources
2026-05-26 17:09:06,680 [Worker-26: Building] INFO  o.a.m.s.f.DefaultMavenResourcesFiltering - Copying 1 resource from src\main\resources to target\classes
2026-05-26 17:09:06,681 [Worker-26: Building] INFO  o.a.m.s.f.DefaultMavenResourcesFiltering - skip non existing resourceDirectory D:\Java_Project\Online_Expanse_Tracker\src\test\resources
2026-05-26 17:09:43,300 [Worker-28: Building] INFO  o.a.m.s.f.DefaultMavenResourcesFiltering - Copying 1 resource from src\main\resources to target\classes
2026-05-26 17:09:43,301 [Worker-28: Building] INFO  o.a.m.s.f.DefaultMavenResourcesFiltering - skip non existing resourceDirectory D:\Java_Project\Online_Expanse_Tracker\src\test\resources
2026-05-26 17:11:39,949 [Worker-28: Building] INFO  o.a.m.s.f.DefaultMavenResourcesFiltering - Copying 1 resource from src\main\resources to target\classes
2026-05-26 17:11:39,950 [Worker-28: Building] INFO  o.a.m.s.f.DefaultMavenResourcesFiltering - skip non existing resourceDirectory D:\Java_Project\Online_Expanse_Tracker\src\test\resources
2026-05-26 17:12:22,911 [Worker-27: Building] INFO  o.a.m.s.f.DefaultMavenResourcesFiltering - Copying 1 resource from src\main\resources to target\classes
2026-05-26 17:12:22,913 [Worker-27: Building] INFO  o.a.m.s.f.DefaultMavenResourcesFiltering - skip non existing resourceDirectory D:\Java_Project\Online_Expanse_Tracker\src\test\resources
2026-05-26 17:13:05,490 [Worker-27: Building] INFO  o.a.m.s.f.DefaultMavenResourcesFiltering - Copying 1 resource from src\main\resources to target\classes
2026-05-26 17:13:05,492 [Worker-27: Building] INFO  o.a.m.s.f.DefaultMavenResourcesFiltering - skip non existing resourceDirectory D:\Java_Project\Online_Expanse_Tracker\src\test\resources
2026-05-26 17:13:07,828 [Worker-25: Building] INFO  o.a.m.s.f.DefaultMavenResourcesFiltering - Copying 1 resource from src\main\resources to target\classes
2026-05-26 17:13:07,830 [Worker-25: Building] INFO  o.a.m.s.f.DefaultMavenResourcesFiltering - skip non existing resourceDirectory D:\Java_Project\Online_Expanse_Tracker\src\test\resources
2026-05-26 17:13:09,881 [Worker-25: Building] INFO  o.a.m.s.f.DefaultMavenResourcesFiltering - Copying 1 resource from src\main\resources to target\classes
2026-05-26 17:13:09,883 [Worker-25: Building] INFO  o.a.m.s.f.DefaultMavenResourcesFiltering - skip non existing resourceDirectory D:\Java_Project\Online_Expanse_Tracker\src\test\resources
2026-05-26 17:13:26,370 [Worker-28: Building] INFO  o.a.m.s.f.DefaultMavenResourcesFiltering - Copying 1 resource from src\main\resources to target\classes
2026-05-26 17:13:26,372 [Worker-28: Building] INFO  o.a.m.s.f.DefaultMavenResourcesFiltering - skip non existing resourceDirectory D:\Java_Project\Online_Expanse_Tracker\src\test\resources
2026-05-26 17:13:39,290 [Worker-0: Building] INFO  o.a.m.s.f.DefaultMavenResourcesFiltering - Copying 1 resource from src\main\resources to target\classes
2026-05-26 17:13:39,292 [Worker-0: Building] INFO  o.a.m.s.f.DefaultMavenResourcesFiltering - skip non existing resourceDirectory D:\Java_Project\Online_Expanse_Tracker\src\test\resources
2026-05-26 17:14:16,442 [Worker-23: Building] INFO  o.a.m.s.f.DefaultMavenResourcesFiltering - Copying 1 resource from src\main\resources to target\classes
2026-05-26 17:14:16,444 [Worker-23: Building] INFO  o.a.m.s.f.DefaultMavenResourcesFiltering - skip non existing resourceDirectory D:\Java_Project\Online_Expanse_Tracker\src\test\resources
2026-05-26 17:16:17,397 [Worker-29: Building] INFO  o.a.m.s.f.DefaultMavenResourcesFiltering - Copying 1 resource from src\main\resources to target\classes
2026-05-26 17:16:17,398 [Worker-29: Building] INFO  o.a.m.s.f.DefaultMavenResourcesFiltering - skip non existing resourceDirectory D:\Java_Project\Online_Expanse_Tracker\src\test\resources
2026-05-26 17:31:23,995 [Worker-0: Building] INFO  o.a.m.s.f.DefaultMavenResourcesFiltering - Copying 1 resource from src\main\resources to target\classes
2026-05-26 17:31:23,997 [Worker-0: Building] INFO  o.a.m.s.f.DefaultMavenResourcesFiltering - skip non existing resourceDirectory D:\Java_Project\Online_Expanse_Tracker\src\test\resources
2026-05-26 17:34:30,127 [Worker-11: Building] INFO  o.a.m.s.f.DefaultMavenResourcesFiltering - Copying 1 resource from src\main\resources to target\classes
2026-05-26 17:34:30,128 [Worker-11: Building] INFO  o.a.m.s.f.DefaultMavenResourcesFiltering - skip non existing resourceDirectory D:\Java_Project\Online_Expanse_Tracker\src\test\resources
2026-05-26 17:35:38,280 [Worker-11: Building] INFO  o.a.m.s.f.DefaultMavenResourcesFiltering - Copying 1 resource from src\main\resources to target\classes
2026-05-26 17:35:38,282 [Worker-11: Building] INFO  o.a.m.s.f.DefaultMavenResourcesFiltering - skip non existing resourceDirectory D:\Java_Project\Online_Expanse_Tracker\src\test\resources
2026-05-26 17:35:41,697 [Worker-25: Building] INFO  o.a.m.s.f.DefaultMavenResourcesFiltering - Copying 1 resource from src\main\resources to target\classes
2026-05-26 17:35:41,699 [Worker-25: Building] INFO  o.a.m.s.f.DefaultMavenResourcesFiltering - skip non existing resourceDirectory D:\Java_Project\Online_Expanse_Tracker\src\test\resources
2026-05-26 17:36:31,924 [Worker-31: Building] INFO  o.a.m.s.f.DefaultMavenResourcesFiltering - Copying 0 resource from src\main\resources to target\classes
2026-05-26 17:36:31,925 [Worker-31: Building] INFO  o.a.m.s.f.DefaultMavenResourcesFiltering - skip non existing resourceDirectory D:\Java_Project\Online_Expanse_Tracker\src\test\resources
2026-05-26 17:40:08,831 [Worker-0: Building] INFO  o.a.m.s.f.DefaultMavenResourcesFiltering - Copying 0 resource from src\main\resources to target\classes
2026-05-26 17:40:08,832 [Worker-0: Building] INFO  o.a.m.s.f.DefaultMavenResourcesFiltering - skip non existing resourceDirectory D:\Java_Project\Online_Expanse_Tracker\src\test\resources
2026-05-26 17:40:36,343 [Worker-25: Building] INFO  o.a.m.s.f.DefaultMavenResourcesFiltering - Copying 0 resource from src\main\resources to target\classes
2026-05-26 17:40:36,344 [Worker-25: Building] INFO  o.a.m.s.f.DefaultMavenResourcesFiltering - skip non existing resourceDirectory D:\Java_Project\Online_Expanse_Tracker\src\test\resources
2026-05-26 17:41:06,285 [Worker-23: Building] INFO  o.a.m.s.f.DefaultMavenResourcesFiltering - Copying 1 resource from src\main\resources to target\classes
2026-05-26 17:41:06,287 [Worker-23: Building] INFO  o.a.m.s.f.DefaultMavenResourcesFiltering - skip non existing resourceDirectory D:\Java_Project\Online_Expanse_Tracker\src\test\resources
2026-05-26 17:41:29,069 [Worker-11: Building] INFO  o.a.m.s.f.DefaultMavenResourcesFiltering - Copying 1 resource from src\main\resources to target\classes
2026-05-26 17:41:29,071 [Worker-11: Building] INFO  o.a.m.s.f.DefaultMavenResourcesFiltering - skip non existing resourceDirectory D:\Java_Project\Online_Expanse_Tracker\src\test\resources
2026-05-26 17:42:10,315 [Worker-11: Building] INFO  o.a.m.s.f.DefaultMavenResourcesFiltering - Copying 0 resource from src\main\resources to target\classes
2026-05-26 17:42:10,317 [Worker-11: Building] INFO  o.a.m.s.f.DefaultMavenResourcesFiltering - skip non existing resourceDirectory D:\Java_Project\Online_Expanse_Tracker\src\test\resources
2026-05-26 17:44:28,263 [Worker-31: Building] INFO  o.a.m.s.f.DefaultMavenResourcesFiltering - Copying 0 resource from src\main\resources to target\classes
2026-05-26 17:44:28,264 [Worker-31: Building] INFO  o.a.m.s.f.DefaultMavenResourcesFiltering - skip non existing resourceDirectory D:\Java_Project\Online_Expanse_Tracker\src\test\resources
2026-05-26 17:45:42,246 [Worker-11: Building] INFO  o.a.m.s.f.DefaultMavenResourcesFiltering - Copying 0 resource from src\main\resources to target\classes
2026-05-26 17:45:42,247 [Worker-11: Building] INFO  o.a.m.s.f.DefaultMavenResourcesFiltering - skip non existing resourceDirectory D:\Java_Project\Online_Expanse_Tracker\src\test\resources
2026-05-26 17:45:51,085 [Worker-25: Building] INFO  o.a.m.s.f.DefaultMavenResourcesFiltering - Copying 0 resource from src\main\resources to target\classes
2026-05-26 17:45:51,087 [Worker-25: Building] INFO  o.a.m.s.f.DefaultMavenResourcesFiltering - skip non existing resourceDirectory D:\Java_Project\Online_Expanse_Tracker\src\test\resources
2026-05-26 17:46:02,189 [Worker-26: Building] INFO  o.a.m.s.f.DefaultMavenResourcesFiltering - Copying 0 resource from src\main\resources to target\classes
2026-05-26 17:46:02,191 [Worker-26: Building] INFO  o.a.m.s.f.DefaultMavenResourcesFiltering - skip non existing resourceDirectory D:\Java_Project\Online_Expanse_Tracker\src\test\resources
2026-05-26 17:46:15,420 [Worker-11: Building] INFO  o.a.m.s.f.DefaultMavenResourcesFiltering - Copying 0 resource from src\main\resources to target\classes
2026-05-26 17:46:15,421 [Worker-11: Building] INFO  o.a.m.s.f.DefaultMavenResourcesFiltering - skip non existing resourceDirectory D:\Java_Project\Online_Expanse_Tracker\src\test\resources
2026-05-26 17:46:29,128 [Worker-26: Building] INFO  o.a.m.s.f.DefaultMavenResourcesFiltering - Copying 0 resource from src\main\resources to target\classes
2026-05-26 17:46:29,130 [Worker-26: Building] INFO  o.a.m.s.f.DefaultMavenResourcesFiltering - skip non existing resourceDirectory D:\Java_Project\Online_Expanse_Tracker\src\test\resources
2026-05-26 17:46:39,615 [Worker-0: Building] INFO  o.a.m.s.f.DefaultMavenResourcesFiltering - Copying 0 resource from src\main\resources to target\classes
2026-05-26 17:46:39,617 [Worker-0: Building] INFO  o.a.m.s.f.DefaultMavenResourcesFiltering - skip non existing resourceDirectory D:\Java_Project\Online_Expanse_Tracker\src\test\resources
2026-05-26 17:47:17,550 [Worker-28: Building] INFO  o.a.m.s.f.DefaultMavenResourcesFiltering - Copying 0 resource from src\main\resources to target\classes
2026-05-26 17:47:17,551 [Worker-28: Building] INFO  o.a.m.s.f.DefaultMavenResourcesFiltering - skip non existing resourceDirectory D:\Java_Project\Online_Expanse_Tracker\src\test\resources
2026-05-26 17:47:25,098 [Worker-0: Building] INFO  o.a.m.s.f.DefaultMavenResourcesFiltering - Copying 0 resource from src\main\resources to target\classes
2026-05-26 17:47:25,099 [Worker-0: Building] INFO  o.a.m.s.f.DefaultMavenResourcesFiltering - skip non existing resourceDirectory D:\Java_Project\Online_Expanse_Tracker\src\test\resources
2026-05-26 17:47:40,265 [Worker-28: Building] INFO  o.a.m.s.f.DefaultMavenResourcesFiltering - Copying 0 resource from src\main\resources to target\classes
2026-05-26 17:47:40,266 [Worker-28: Building] INFO  o.a.m.s.f.DefaultMavenResourcesFiltering - skip non existing resourceDirectory D:\Java_Project\Online_Expanse_Tracker\src\test\resources
2026-05-26 18:10:05,977 [Worker-0: Building] INFO  o.a.m.s.f.DefaultMavenResourcesFiltering - Copying 1 resource from src\main\resources to target\classes
2026-05-26 18:10:05,983 [Worker-0: Building] INFO  o.a.m.s.f.DefaultMavenResourcesFiltering - skip non existing resourceDirectory D:\Java_Project\Online_Expanse_Tracker\src\test\resources
2026-05-26 18:10:16,440 [Worker-11: Building] INFO  o.a.m.s.f.DefaultMavenResourcesFiltering - Copying 1 resource from src\main\resources to target\classes
2026-05-26 18:10:16,443 [Worker-11: Building] INFO  o.a.m.s.f.DefaultMavenResourcesFiltering - skip non existing resourceDirectory D:\Java_Project\Online_Expanse_Tracker\src\test\resources
2026-05-26 18:35:36,106 [Worker-31: Building] INFO  o.a.m.s.f.DefaultMavenResourcesFiltering - Copying 0 resource from src\main\resources to target\classes
2026-05-26 18:35:36,110 [Worker-31: Building] INFO  o.a.m.s.f.DefaultMavenResourcesFiltering - skip non existing resourceDirectory D:\Java_Project\Online_Expanse_Tracker\src\test\resources
2026-05-26 18:35:58,579 [Worker-11: Cleaning all projects] INFO  o.e.m.w.i.f.ResourceFilteringBuildParticipant - Cleaning filtered folder for Note_Taker
2026-05-26 18:35:58,669 [Worker-11: Cleaning all projects] INFO  o.e.m.w.i.f.ResourceFilteringBuildParticipant - Cleaning filtered folder for Online_Expanse_Tracker
2026-05-26 18:35:58,757 [Worker-11: Cleaning all projects] INFO  o.e.m.w.i.f.ResourceFilteringBuildParticipant - Cleaning filtered folder for Registraion_Form
2026-05-26 18:35:58,834 [Worker-11: Cleaning all projects] INFO  o.e.m.w.i.f.ResourceFilteringBuildParticipant - Cleaning filtered folder for Search_App
2026-05-26 18:35:59,428 [Worker-33: Building] WARN  o.a.m.s.f.DefaultMavenResourcesFiltering - Using platform encoding (UTF-8 actually) to copy filtered resources, i.e. build is platform dependent!
2026-05-26 18:35:59,432 [Worker-33: Building] INFO  o.a.m.s.f.DefaultMavenResourcesFiltering - Copying 2 resources from src\main\resources to target\classes
2026-05-26 18:35:59,452 [Worker-33: Building] WARN  o.a.m.s.f.DefaultMavenResourcesFiltering - Using platform encoding (UTF-8 actually) to copy filtered resources, i.e. build is platform dependent!
2026-05-26 18:35:59,455 [Worker-33: Building] INFO  o.a.m.s.f.DefaultMavenResourcesFiltering - Copying 0 resource from src\test\resources to target\test-classes
2026-05-26 18:35:59,456 [Worker-33: Building] INFO  o.e.m.w.i.f.ResourceFilteringBuildParticipant - Changed resources require a complete clean of filtered resources of Note_Taker
2026-05-26 18:35:59,460 [Worker-33: Building] INFO  o.e.m.w.i.f.ResourceFilteringBuildParticipant - Executing resource filtering for Note_Taker
2026-05-26 18:35:59,826 [Worker-33: Building] INFO  o.a.m.s.f.DefaultMavenResourcesFiltering - Copying 1 resource from src\main\resources to target\classes
2026-05-26 18:35:59,834 [Worker-33: Building] INFO  o.a.m.s.f.DefaultMavenResourcesFiltering - skip non existing resourceDirectory D:\Java_Project\Online_Expanse_Tracker\src\test\resources
2026-05-26 18:35:59,834 [Worker-33: Building] INFO  o.e.m.w.i.f.ResourceFilteringBuildParticipant - Changed resources require a complete clean of filtered resources of Online_Expanse_Tracker
2026-05-26 18:35:59,834 [Worker-33: Building] INFO  o.e.m.w.i.f.ResourceFilteringBuildParticipant - Executing resource filtering for Online_Expanse_Tracker
2026-05-26 18:36:00,380 [Worker-33: Building] INFO  o.a.m.s.f.DefaultMavenResourcesFiltering - Copying 1 resource from src\main\resources to target\classes
2026-05-26 18:36:00,386 [Worker-33: Building] INFO  o.a.m.s.f.DefaultMavenResourcesFiltering - Copying 0 resource from src\test\resources to target\test-classes
2026-05-26 18:36:00,387 [Worker-33: Building] INFO  o.e.m.w.i.f.ResourceFilteringBuildParticipant - Changed resources require a complete clean of filtered resources of Registraion_Form
2026-05-26 18:36:00,387 [Worker-33: Building] INFO  o.e.m.w.i.f.ResourceFilteringBuildParticipant - Executing resource filtering for Registraion_Form
2026-05-26 18:36:02,901 [Worker-32: Building] WARN  o.a.m.s.f.DefaultMavenResourcesFiltering - Using platform encoding (UTF-8 actually) to copy filtered resources, i.e. build is platform dependent!
2026-05-26 18:36:02,903 [Worker-32: Building] INFO  o.a.m.s.f.DefaultMavenResourcesFiltering - Copying 0 resource from src\main\resources to target\classes
2026-05-26 18:36:02,907 [Worker-32: Building] WARN  o.a.m.s.f.DefaultMavenResourcesFiltering - Using platform encoding (UTF-8 actually) to copy filtered resources, i.e. build is platform dependent!
2026-05-26 18:36:02,912 [Worker-32: Building] INFO  o.a.m.s.f.DefaultMavenResourcesFiltering - Copying 0 resource from src\test\resources to target\test-classes
2026-05-26 18:36:02,913 [Worker-32: Building] INFO  o.e.m.w.i.f.ResourceFilteringBuildParticipant - Changed resources require a complete clean of filtered resources of Search_App
2026-05-26 18:36:02,914 [Worker-32: Building] INFO  o.e.m.w.i.f.ResourceFilteringBuildParticipant - Executing resource filtering for Search_App
2026-05-26 18:38:47,293 [Worker-33: Building] INFO  o.a.m.s.f.DefaultMavenResourcesFiltering - Copying 0 resource from src\main\resources to target\classes
2026-05-26 18:38:47,297 [Worker-33: Building] INFO  o.a.m.s.f.DefaultMavenResourcesFiltering - skip non existing resourceDirectory D:\Java_Project\Online_Expanse_Tracker\src\test\resources
2026-05-26 18:39:37,040 [Worker-27: Building] INFO  o.a.m.s.f.DefaultMavenResourcesFiltering - Copying 1 resource from src\main\resources to target\classes
2026-05-26 18:39:37,044 [Worker-27: Building] INFO  o.a.m.s.f.DefaultMavenResourcesFiltering - skip non existing resourceDirectory D:\Java_Project\Online_Expanse_Tracker\src\test\resources
2026-05-26 18:39:53,875 [Worker-23: Building] INFO  o.a.m.s.f.DefaultMavenResourcesFiltering - Copying 1 resource from src\main\resources to target\classes
2026-05-26 18:39:53,880 [Worker-23: Building] INFO  o.a.m.s.f.DefaultMavenResourcesFiltering - skip non existing resourceDirectory D:\Java_Project\Online_Expanse_Tracker\src\test\resources
2026-05-26 18:47:30,905 [Worker-34: Building] INFO  o.a.m.s.f.DefaultMavenResourcesFiltering - Copying 0 resource from src\main\resources to target\classes
2026-05-26 18:47:30,908 [Worker-34: Building] INFO  o.a.m.s.f.DefaultMavenResourcesFiltering - skip non existing resourceDirectory D:\Java_Project\Online_Expanse_Tracker\src\test\resources
2026-05-26 18:51:30,699 [Worker-11: Building] INFO  o.a.m.s.f.DefaultMavenResourcesFiltering - Copying 0 resource from src\main\resources to target\classes
2026-05-26 18:51:30,703 [Worker-11: Building] INFO  o.a.m.s.f.DefaultMavenResourcesFiltering - skip non existing resourceDirectory D:\Java_Project\Online_Expanse_Tracker\src\test\resources
2026-05-26 18:52:13,868 [Worker-31: Building] INFO  o.a.m.s.f.DefaultMavenResourcesFiltering - Copying 0 resource from src\main\resources to target\classes
2026-05-26 18:52:13,870 [Worker-31: Building] INFO  o.a.m.s.f.DefaultMavenResourcesFiltering - skip non existing resourceDirectory D:\Java_Project\Online_Expanse_Tracker\src\test\resources
2026-05-26 18:52:17,137 [Worker-31: Building] INFO  o.a.m.s.f.DefaultMavenResourcesFiltering - Copying 0 resource from src\main\resources to target\classes
2026-05-26 18:52:17,141 [Worker-31: Building] INFO  o.a.m.s.f.DefaultMavenResourcesFiltering - skip non existing resourceDirectory D:\Java_Project\Online_Expanse_Tracker\src\test\resources
2026-05-26 18:52:49,332 [Worker-31: Building] INFO  o.a.m.s.f.DefaultMavenResourcesFiltering - Copying 0 resource from src\main\resources to target\classes
2026-05-26 18:52:49,334 [Worker-31: Building] INFO  o.a.m.s.f.DefaultMavenResourcesFiltering - skip non existing resourceDirectory D:\Java_Project\Online_Expanse_Tracker\src\test\resources
2026-05-26 18:53:47,776 [Worker-11: Building] INFO  o.a.m.s.f.DefaultMavenResourcesFiltering - Copying 0 resource from src\main\resources to target\classes
2026-05-26 18:53:47,780 [Worker-11: Building] INFO  o.a.m.s.f.DefaultMavenResourcesFiltering - skip non existing resourceDirectory D:\Java_Project\Online_Expanse_Tracker\src\test\resources
2026-05-26 18:54:08,786 [Worker-33: Building] INFO  o.a.m.s.f.DefaultMavenResourcesFiltering - Copying 0 resource from src\main\resources to target\classes
2026-05-26 18:54:08,790 [Worker-33: Building] INFO  o.a.m.s.f.DefaultMavenResourcesFiltering - skip non existing resourceDirectory D:\Java_Project\Online_Expanse_Tracker\src\test\resources
2026-05-26 18:55:35,455 [Worker-35: Building] INFO  o.a.m.s.f.DefaultMavenResourcesFiltering - Copying 0 resource from src\main\resources to target\classes
2026-05-26 18:55:35,458 [Worker-35: Building] INFO  o.a.m.s.f.DefaultMavenResourcesFiltering - skip non existing resourceDirectory D:\Java_Project\Online_Expanse_Tracker\src\test\resources
2026-05-26 18:56:01,214 [Worker-0: Building] INFO  o.a.m.s.f.DefaultMavenResourcesFiltering - Copying 0 resource from src\main\resources to target\classes
2026-05-26 18:56:01,217 [Worker-0: Building] INFO  o.a.m.s.f.DefaultMavenResourcesFiltering - skip non existing resourceDirectory D:\Java_Project\Online_Expanse_Tracker\src\test\resources
2026-05-26 18:56:55,804 [Worker-35: Building] INFO  o.a.m.s.f.DefaultMavenResourcesFiltering - Copying 0 resource from src\main\resources to target\classes
2026-05-26 18:56:55,806 [Worker-35: Building] INFO  o.a.m.s.f.DefaultMavenResourcesFiltering - skip non existing resourceDirectory D:\Java_Project\Online_Expanse_Tracker\src\test\resources
2026-05-26 18:57:06,493 [Worker-35: Building] INFO  o.a.m.s.f.DefaultMavenResourcesFiltering - Copying 0 resource from src\main\resources to target\classes
2026-05-26 18:57:06,496 [Worker-35: Building] INFO  o.a.m.s.f.DefaultMavenResourcesFiltering - skip non existing resourceDirectory D:\Java_Project\Online_Expanse_Tracker\src\test\resources
2026-05-26 18:58:07,057 [Worker-23: Building] INFO  o.a.m.s.f.DefaultMavenResourcesFiltering - Copying 0 resource from src\main\resources to target\classes
2026-05-26 18:58:07,060 [Worker-23: Building] INFO  o.a.m.s.f.DefaultMavenResourcesFiltering - skip non existing resourceDirectory D:\Java_Project\Online_Expanse_Tracker\src\test\resources
2026-05-26 18:58:27,132 [Worker-35: Building] INFO  o.a.m.s.f.DefaultMavenResourcesFiltering - Copying 0 resource from src\main\resources to target\classes
2026-05-26 18:58:27,134 [Worker-35: Building] INFO  o.a.m.s.f.DefaultMavenResourcesFiltering - skip non existing resourceDirectory D:\Java_Project\Online_Expanse_Tracker\src\test\resources
2026-05-26 19:14:57,643 [Worker-32: Building] INFO  o.a.m.s.f.DefaultMavenResourcesFiltering - Copying 0 resource from src\main\resources to target\classes
2026-05-26 19:14:57,647 [Worker-32: Building] INFO  o.a.m.s.f.DefaultMavenResourcesFiltering - skip non existing resourceDirectory D:\Java_Project\Online_Expanse_Tracker\src\test\resources
2026-05-26 19:15:16,533 [Worker-11: Building] INFO  o.a.m.s.f.DefaultMavenResourcesFiltering - Copying 0 resource from src\main\resources to target\classes
2026-05-26 19:15:16,536 [Worker-11: Building] INFO  o.a.m.s.f.DefaultMavenResourcesFiltering - skip non existing resourceDirectory D:\Java_Project\Online_Expanse_Tracker\src\test\resources
2026-05-26 19:16:00,165 [Worker-32: Building] INFO  o.a.m.s.f.DefaultMavenResourcesFiltering - Copying 0 resource from src\main\resources to target\classes
2026-05-26 19:16:00,167 [Worker-32: Building] INFO  o.a.m.s.f.DefaultMavenResourcesFiltering - skip non existing resourceDirectory D:\Java_Project\Online_Expanse_Tracker\src\test\resources
2026-05-26 19:16:47,665 [Worker-25: Building] INFO  o.a.m.s.f.DefaultMavenResourcesFiltering - Copying 0 resource from src\main\resources to target\classes
2026-05-26 19:16:47,668 [Worker-25: Building] INFO  o.a.m.s.f.DefaultMavenResourcesFiltering - skip non existing resourceDirectory D:\Java_Project\Online_Expanse_Tracker\src\test\resources
2026-05-26 19:17:07,779 [Worker-23: Building] INFO  o.a.m.s.f.DefaultMavenResourcesFiltering - Copying 0 resource from src\main\resources to target\classes
2026-05-26 19:17:07,782 [Worker-23: Building] INFO  o.a.m.s.f.DefaultMavenResourcesFiltering - skip non existing resourceDirectory D:\Java_Project\Online_Expanse_Tracker\src\test\resources
2026-05-26 19:17:21,342 [Worker-11: Building] INFO  o.a.m.s.f.DefaultMavenResourcesFiltering - Copying 0 resource from src\main\resources to target\classes
2026-05-26 19:17:21,345 [Worker-11: Building] INFO  o.a.m.s.f.DefaultMavenResourcesFiltering - skip non existing resourceDirectory D:\Java_Project\Online_Expanse_Tracker\src\test\resources
2026-05-26 19:17:40,117 [Worker-0: Building] INFO  o.a.m.s.f.DefaultMavenResourcesFiltering - Copying 0 resource from src\main\resources to target\classes
2026-05-26 19:17:40,120 [Worker-0: Building] INFO  o.a.m.s.f.DefaultMavenResourcesFiltering - skip non existing resourceDirectory D:\Java_Project\Online_Expanse_Tracker\src\test\resources
2026-05-26 19:20:20,524 [Worker-23: Building] INFO  o.a.m.s.f.DefaultMavenResourcesFiltering - Copying 0 resource from src\main\resources to target\classes
2026-05-26 19:20:20,526 [Worker-23: Building] INFO  o.a.m.s.f.DefaultMavenResourcesFiltering - skip non existing resourceDirectory D:\Java_Project\Online_Expanse_Tracker\src\test\resources
2026-05-26 19:20:40,898 [Stop Help Server] INFO  org.eclipse.jetty.server.Server - Stopped oejs.Server@47f595f9{STOPPING}[12.0.21,sto=0]
2026-05-26 19:20:40,912 [Stop Help Server] INFO  o.e.jetty.server.AbstractConnector - Stopped ServerConnector@69213775{HTTP/1.1, (http/1.1)}{127.0.0.1:0}
2026-05-26 23:49:54,931 [Worker-5: Loading available Gradle versions] INFO  o.e.b.c.i.u.g.PublishedGradleVersions - Gradle version information cache is up-to-date. Trying to read.
2026-05-27 00:14:27,585 [Worker-23: Building] INFO  o.a.m.s.f.DefaultMavenResourcesFiltering - Copying 1 resource from src\main\resources to target\classes
2026-05-27 00:14:27,599 [Worker-23: Building] INFO  o.a.m.s.f.DefaultMavenResourcesFiltering - skip non existing resourceDirectory D:\Java_Project\Online_Expanse_Tracker\src\test\resources
2026-05-27 00:14:31,977 [Worker-26: Building] INFO  o.a.m.s.f.DefaultMavenResourcesFiltering - Copying 0 resource from src\main\resources to target\classes
2026-05-27 00:14:31,980 [Worker-26: Building] INFO  o.a.m.s.f.DefaultMavenResourcesFiltering - skip non existing resourceDirectory D:\Java_Project\Online_Expanse_Tracker\src\test\resources
2026-05-27 00:14:41,275 [Worker-26: Building] INFO  o.a.m.s.f.DefaultMavenResourcesFiltering - Copying 1 resource from src\main\resources to target\classes
2026-05-27 00:14:41,279 [Worker-26: Building] INFO  o.a.m.s.f.DefaultMavenResourcesFiltering - skip non existing resourceDirectory D:\Java_Project\Online_Expanse_Tracker\src\test\resources
2026-05-27 00:14:50,664 [Worker-24: Building] INFO  o.a.m.s.f.DefaultMavenResourcesFiltering - Copying 1 resource from src\main\resources to target\classes
2026-05-27 00:14:50,680 [Worker-24: Building] INFO  o.a.m.s.f.DefaultMavenResourcesFiltering - skip non existing resourceDirectory D:\Java_Project\Online_Expanse_Tracker\src\test\resources
2026-05-27 00:15:47,385 [Worker-23: Building] INFO  o.a.m.s.f.DefaultMavenResourcesFiltering - Copying 0 resource from src\main\resources to target\classes
2026-05-27 00:15:47,388 [Worker-23: Building] INFO  o.a.m.s.f.DefaultMavenResourcesFiltering - skip non existing resourceDirectory D:\Java_Project\Online_Expanse_Tracker\src\test\resources
2026-05-27 00:20:08,119 [Worker-23: Building] INFO  o.a.m.s.f.DefaultMavenResourcesFiltering - Copying 1 resource from src\main\resources to target\classes
2026-05-27 00:20:08,122 [Worker-23: Building] INFO  o.a.m.s.f.DefaultMavenResourcesFiltering - skip non existing resourceDirectory D:\Java_Project\Online_Expanse_Tracker\src\test\resources
2026-05-27 00:20:43,293 [Worker-23: Building] INFO  o.a.m.s.f.DefaultMavenResourcesFiltering - Copying 1 resource from src\main\resources to target\classes
2026-05-27 00:20:43,296 [Worker-23: Building] INFO  o.a.m.s.f.DefaultMavenResourcesFiltering - skip non existing resourceDirectory D:\Java_Project\Online_Expanse_Tracker\src\test\resources
2026-05-27 00:22:22,125 [Worker-19: Building] INFO  o.a.m.s.f.DefaultMavenResourcesFiltering - Copying 1 resource from src\main\resources to target\classes
2026-05-27 00:22:22,128 [Worker-19: Building] INFO  o.a.m.s.f.DefaultMavenResourcesFiltering - skip non existing resourceDirectory D:\Java_Project\Online_Expanse_Tracker\src\test\resources
2026-05-27 00:23:24,125 [Worker-23: Building] INFO  o.a.m.s.f.DefaultMavenResourcesFiltering - Copying 1 resource from src\main\resources to target\classes
2026-05-27 00:23:24,129 [Worker-23: Building] INFO  o.a.m.s.f.DefaultMavenResourcesFiltering - skip non existing resourceDirectory D:\Java_Project\Online_Expanse_Tracker\src\test\resources
2026-05-27 00:25:56,720 [Worker-19: Building] INFO  o.a.m.s.f.DefaultMavenResourcesFiltering - Copying 1 resource from src\main\resources to target\classes
2026-05-27 00:25:56,724 [Worker-19: Building] INFO  o.a.m.s.f.DefaultMavenResourcesFiltering - skip non existing resourceDirectory D:\Java_Project\Online_Expanse_Tracker\src\test\resources
2026-05-27 00:26:58,708 [Worker-27: Building] INFO  o.a.m.s.f.DefaultMavenResourcesFiltering - Copying 0 resource from src\main\resources to target\classes
2026-05-27 00:26:58,712 [Worker-27: Building] INFO  o.a.m.s.f.DefaultMavenResourcesFiltering - skip non existing resourceDirectory D:\Java_Project\Online_Expanse_Tracker\src\test\resources
2026-05-27 00:28:15,133 [Worker-26: Building] INFO  o.a.m.s.f.DefaultMavenResourcesFiltering - Copying 0 resource from src\main\resources to target\classes
2026-05-27 00:28:15,135 [Worker-26: Building] INFO  o.a.m.s.f.DefaultMavenResourcesFiltering - skip non existing resourceDirectory D:\Java_Project\Online_Expanse_Tracker\src\test\resources
2026-05-27 00:29:27,999 [Worker-19: Building] INFO  o.a.m.s.f.DefaultMavenResourcesFiltering - Copying 0 resource from src\main\resources to target\classes
2026-05-27 00:29:28,002 [Worker-19: Building] INFO  o.a.m.s.f.DefaultMavenResourcesFiltering - skip non existing resourceDirectory D:\Java_Project\Online_Expanse_Tracker\src\test\resources
2026-05-27 00:29:53,878 [Worker-22: Building] INFO  o.a.m.s.f.DefaultMavenResourcesFiltering - Copying 0 resource from src\main\resources to target\classes
2026-05-27 00:29:53,880 [Worker-22: Building] INFO  o.a.m.s.f.DefaultMavenResourcesFiltering - skip non existing resourceDirectory D:\Java_Project\Online_Expanse_Tracker\src\test\resources
2026-05-27 00:30:05,956 [Worker-27: Building] INFO  o.a.m.s.f.DefaultMavenResourcesFiltering - Copying 0 resource from src\main\resources to target\classes
2026-05-27 00:30:05,958 [Worker-27: Building] INFO  o.a.m.s.f.DefaultMavenResourcesFiltering - skip non existing resourceDirectory D:\Java_Project\Online_Expanse_Tracker\src\test\resources
2026-05-27 00:30:08,039 [Worker-1: Building] INFO  o.a.m.s.f.DefaultMavenResourcesFiltering - Copying 0 resource from src\main\resources to target\classes
2026-05-27 00:30:08,041 [Worker-1: Building] INFO  o.a.m.s.f.DefaultMavenResourcesFiltering - skip non existing resourceDirectory D:\Java_Project\Online_Expanse_Tracker\src\test\resources
2026-05-27 00:31:10,810 [Worker-19: Building] INFO  o.a.m.s.f.DefaultMavenResourcesFiltering - Copying 1 resource from src\main\resources to target\classes
2026-05-27 00:31:10,811 [Worker-19: Building] INFO  o.a.m.s.f.DefaultMavenResourcesFiltering - skip non existing resourceDirectory D:\Java_Project\Online_Expanse_Tracker\src\test\resources
2026-05-27 00:31:14,747 [Worker-23: Building] INFO  o.a.m.s.f.DefaultMavenResourcesFiltering - Copying 1 resource from src\main\resources to target\classes
2026-05-27 00:31:14,749 [Worker-23: Building] INFO  o.a.m.s.f.DefaultMavenResourcesFiltering - skip non existing resourceDirectory D:\Java_Project\Online_Expanse_Tracker\src\test\resources
2026-05-27 00:37:04,149 [Worker-27: Building] INFO  o.a.m.s.f.DefaultMavenResourcesFiltering - Copying 0 resource from src\main\resources to target\classes
2026-05-27 00:37:04,152 [Worker-27: Building] INFO  o.a.m.s.f.DefaultMavenResourcesFiltering - skip non existing resourceDirectory D:\Java_Project\Online_Expanse_Tracker\src\test\resources
2026-05-27 00:41:26,909 [Worker-27: Building] INFO  o.a.m.s.f.DefaultMavenResourcesFiltering - Copying 1 resource from src\main\resources to target\classes
2026-05-27 00:41:26,913 [Worker-27: Building] INFO  o.a.m.s.f.DefaultMavenResourcesFiltering - skip non existing resourceDirectory D:\Java_Project\Online_Expanse_Tracker\src\test\resources
2026-05-27 00:42:50,598 [Start Help Server] INFO  org.eclipse.jetty.server.Server - jetty-12.0.21; built: 2025-05-09T00:32:00.688Z; git: 1c4719601e31b05b7d68910d2edd980259f1f53c; jvm 21.0.8+9-LTS
2026-05-27 00:42:50,689 [Start Help Server] INFO  o.e.j.server.handler.ContextHandler - Started oeje8n.ContextHandler$CoreContextHandler@3bdd8d50{/help,/help,b=null,a=AVAILABLE,h=oeje8n.ContextHandler$CoreContextHandler$CoreToNestedHandler@2a061182{STARTED}}
2026-05-27 00:42:50,690 [Start Help Server] INFO  o.e.j.s.DefaultSessionIdManager - Session workerName=node0
2026-05-27 00:42:50,710 [Start Help Server] INFO  o.e.jetty.server.AbstractConnector - Started ServerConnector@25608148{HTTP/1.1, (http/1.1)}{127.0.0.1:52301}
2026-05-27 00:42:50,733 [Start Help Server] INFO  org.eclipse.jetty.server.Server - Started oejs.Server@6e613380{STARTING}[12.0.21,sto=0] @3208241ms
2026-05-27 00:45:03,083 [Worker-27: Building] INFO  o.a.m.s.f.DefaultMavenResourcesFiltering - Copying 1 resource from src\main\resources to target\classes
2026-05-27 00:45:03,086 [Worker-27: Building] INFO  o.a.m.s.f.DefaultMavenResourcesFiltering - skip non existing resourceDirectory D:\Java_Project\Online_Expanse_Tracker\src\test\resources
2026-05-27 00:45:28,389 [Worker-26: Building] INFO  o.a.m.s.f.DefaultMavenResourcesFiltering - Copying 1 resource from src\main\resources to target\classes
2026-05-27 00:45:28,394 [Worker-26: Building] INFO  o.a.m.s.f.DefaultMavenResourcesFiltering - skip non existing resourceDirectory D:\Java_Project\Online_Expanse_Tracker\src\test\resources
2026-05-27 00:51:01,890 [Worker-1: Building] INFO  o.a.m.s.f.DefaultMavenResourcesFiltering - Copying 1 resource from src\main\resources to target\classes
2026-05-27 00:51:01,893 [Worker-1: Building] INFO  o.a.m.s.f.DefaultMavenResourcesFiltering - skip non existing resourceDirectory D:\Java_Project\Online_Expanse_Tracker\src\test\resources
2026-05-27 00:51:18,916 [Worker-23: Building] INFO  o.a.m.s.f.DefaultMavenResourcesFiltering - Copying 1 resource from src\main\resources to target\classes
2026-05-27 00:51:18,918 [Worker-23: Building] INFO  o.a.m.s.f.DefaultMavenResourcesFiltering - skip non existing resourceDirectory D:\Java_Project\Online_Expanse_Tracker\src\test\resources
2026-05-27 00:51:28,195 [Worker-28: Building] INFO  o.a.m.s.f.DefaultMavenResourcesFiltering - Copying 1 resource from src\main\resources to target\classes
2026-05-27 00:51:28,198 [Worker-28: Building] INFO  o.a.m.s.f.DefaultMavenResourcesFiltering - skip non existing resourceDirectory D:\Java_Project\Online_Expanse_Tracker\src\test\resources
2026-05-27 00:52:36,402 [Worker-27: Building] INFO  o.a.m.s.f.DefaultMavenResourcesFiltering - Copying 1 resource from src\main\resources to target\classes
2026-05-27 00:52:36,404 [Worker-27: Building] INFO  o.a.m.s.f.DefaultMavenResourcesFiltering - skip non existing resourceDirectory D:\Java_Project\Online_Expanse_Tracker\src\test\resources
2026-05-27 00:54:23,564 [Worker-28: Building] INFO  o.a.m.s.f.DefaultMavenResourcesFiltering - Copying 1 resource from src\main\resources to target\classes
2026-05-27 00:54:23,566 [Worker-28: Building] INFO  o.a.m.s.f.DefaultMavenResourcesFiltering - skip non existing resourceDirectory D:\Java_Project\Online_Expanse_Tracker\src\test\resources
2026-05-27 00:55:38,492 [Worker-24: Building] INFO  o.a.m.s.f.DefaultMavenResourcesFiltering - Copying 1 resource from src\main\resources to target\classes
2026-05-27 00:55:38,494 [Worker-24: Building] INFO  o.a.m.s.f.DefaultMavenResourcesFiltering - skip non existing resourceDirectory D:\Java_Project\Online_Expanse_Tracker\src\test\resources
2026-05-27 01:01:46,086 [Worker-27: Building] INFO  o.a.m.s.f.DefaultMavenResourcesFiltering - Copying 1 resource from src\main\resources to target\classes
2026-05-27 01:01:46,088 [Worker-27: Building] INFO  o.a.m.s.f.DefaultMavenResourcesFiltering - skip non existing resourceDirectory D:\Java_Project\Online_Expanse_Tracker\src\test\resources
2026-05-27 01:01:55,715 [Worker-1: Building] INFO  o.a.m.s.f.DefaultMavenResourcesFiltering - Copying 1 resource from src\main\resources to target\classes
2026-05-27 01:01:55,718 [Worker-1: Building] INFO  o.a.m.s.f.DefaultMavenResourcesFiltering - skip non existing resourceDirectory D:\Java_Project\Online_Expanse_Tracker\src\test\resources
2026-05-27 01:02:13,926 [Worker-19: Building] INFO  o.a.m.s.f.DefaultMavenResourcesFiltering - Copying 1 resource from src\main\resources to target\classes
2026-05-27 01:02:13,929 [Worker-19: Building] INFO  o.a.m.s.f.DefaultMavenResourcesFiltering - skip non existing resourceDirectory D:\Java_Project\Online_Expanse_Tracker\src\test\resources
2026-05-27 01:02:21,413 [Worker-19: Building] INFO  o.a.m.s.f.DefaultMavenResourcesFiltering - Copying 1 resource from src\main\resources to target\classes
2026-05-27 01:02:21,415 [Worker-19: Building] INFO  o.a.m.s.f.DefaultMavenResourcesFiltering - skip non existing resourceDirectory D:\Java_Project\Online_Expanse_Tracker\src\test\resources
2026-05-27 01:05:51,657 [Worker-19: Building] INFO  o.a.m.s.f.DefaultMavenResourcesFiltering - Copying 1 resource from src\main\resources to target\classes
2026-05-27 01:05:51,660 [Worker-19: Building] INFO  o.a.m.s.f.DefaultMavenResourcesFiltering - skip non existing resourceDirectory D:\Java_Project\Online_Expanse_Tracker\src\test\resources
2026-05-27 01:06:34,249 [Worker-23: Building] INFO  o.a.m.s.f.DefaultMavenResourcesFiltering - Copying 1 resource from src\main\resources to target\classes
2026-05-27 01:06:34,252 [Worker-23: Building] INFO  o.a.m.s.f.DefaultMavenResourcesFiltering - skip non existing resourceDirectory D:\Java_Project\Online_Expanse_Tracker\src\test\resources
2026-05-27 01:06:41,900 [Worker-24: Building] INFO  o.a.m.s.f.DefaultMavenResourcesFiltering - Copying 1 resource from src\main\resources to target\classes
2026-05-27 01:06:41,902 [Worker-24: Building] INFO  o.a.m.s.f.DefaultMavenResourcesFiltering - skip non existing resourceDirectory D:\Java_Project\Online_Expanse_Tracker\src\test\resources
2026-05-27 01:07:59,745 [Worker-27: Building] INFO  o.a.m.s.f.DefaultMavenResourcesFiltering - Copying 1 resource from src\main\resources to target\classes
2026-05-27 01:07:59,747 [Worker-27: Building] INFO  o.a.m.s.f.DefaultMavenResourcesFiltering - skip non existing resourceDirectory D:\Java_Project\Online_Expanse_Tracker\src\test\resources
2026-05-27 01:08:45,728 [Worker-27: Building] INFO  o.a.m.s.f.DefaultMavenResourcesFiltering - Copying 1 resource from src\main\resources to target\classes
2026-05-27 01:08:45,730 [Worker-27: Building] INFO  o.a.m.s.f.DefaultMavenResourcesFiltering - skip non existing resourceDirectory D:\Java_Project\Online_Expanse_Tracker\src\test\resources
2026-05-27 01:08:55,170 [Worker-1: Building] INFO  o.a.m.s.f.DefaultMavenResourcesFiltering - Copying 1 resource from src\main\resources to target\classes
2026-05-27 01:08:55,173 [Worker-1: Building] INFO  o.a.m.s.f.DefaultMavenResourcesFiltering - skip non existing resourceDirectory D:\Java_Project\Online_Expanse_Tracker\src\test\resources
2026-05-27 01:09:11,145 [Worker-19: Building] INFO  o.a.m.s.f.DefaultMavenResourcesFiltering - Copying 1 resource from src\main\resources to target\classes
2026-05-27 01:09:11,147 [Worker-19: Building] INFO  o.a.m.s.f.DefaultMavenResourcesFiltering - skip non existing resourceDirectory D:\Java_Project\Online_Expanse_Tracker\src\test\resources
2026-05-27 01:17:28,149 [Worker-19: Building] INFO  o.a.m.s.f.DefaultMavenResourcesFiltering - Copying 0 resource from src\main\resources to target\classes
2026-05-27 01:17:28,154 [Worker-19: Building] INFO  o.a.m.s.f.DefaultMavenResourcesFiltering - skip non existing resourceDirectory D:\Java_Project\Online_Expanse_Tracker\src\test\resources
2026-05-27 01:19:25,370 [Worker-26: Building] INFO  o.a.m.s.f.DefaultMavenResourcesFiltering - Copying 0 resource from src\main\resources to target\classes
2026-05-27 01:19:25,376 [Worker-26: Building] INFO  o.a.m.s.f.DefaultMavenResourcesFiltering - skip non existing resourceDirectory D:\Java_Project\Online_Expanse_Tracker\src\test\resources
2026-05-27 01:22:14,250 [Worker-23: Building] INFO  o.a.m.s.f.DefaultMavenResourcesFiltering - Copying 0 resource from src\main\resources to target\classes
2026-05-27 01:22:14,256 [Worker-23: Building] INFO  o.a.m.s.f.DefaultMavenResourcesFiltering - skip non existing resourceDirectory D:\Java_Project\Online_Expanse_Tracker\src\test\resources
2026-05-27 01:22:44,647 [Worker-28: Building] INFO  o.a.m.s.f.DefaultMavenResourcesFiltering - Copying 0 resource from src\main\resources to target\classes
2026-05-27 01:22:44,653 [Worker-28: Building] INFO  o.a.m.s.f.DefaultMavenResourcesFiltering - skip non existing resourceDirectory D:\Java_Project\Online_Expanse_Tracker\src\test\resources
2026-05-27 01:22:51,721 [Worker-24: Building] INFO  o.a.m.s.f.DefaultMavenResourcesFiltering - Copying 0 resource from src\main\resources to target\classes
2026-05-27 01:22:51,727 [Worker-24: Building] INFO  o.a.m.s.f.DefaultMavenResourcesFiltering - skip non existing resourceDirectory D:\Java_Project\Online_Expanse_Tracker\src\test\resources
2026-05-27 01:22:57,781 [Worker-23: Building] INFO  o.a.m.s.f.DefaultMavenResourcesFiltering - Copying 0 resource from src\main\resources to target\classes
2026-05-27 01:22:57,785 [Worker-23: Building] INFO  o.a.m.s.f.DefaultMavenResourcesFiltering - skip non existing resourceDirectory D:\Java_Project\Online_Expanse_Tracker\src\test\resources
2026-05-27 01:23:03,258 [Worker-28: Building] INFO  o.a.m.s.f.DefaultMavenResourcesFiltering - Copying 0 resource from src\main\resources to target\classes
2026-05-27 01:23:03,263 [Worker-28: Building] INFO  o.a.m.s.f.DefaultMavenResourcesFiltering - skip non existing resourceDirectory D:\Java_Project\Online_Expanse_Tracker\src\test\resources
2026-05-27 01:23:51,958 [Worker-24: Building] INFO  o.a.m.s.f.DefaultMavenResourcesFiltering - Copying 0 resource from src\main\resources to target\classes
2026-05-27 01:23:51,963 [Worker-24: Building] INFO  o.a.m.s.f.DefaultMavenResourcesFiltering - skip non existing resourceDirectory D:\Java_Project\Online_Expanse_Tracker\src\test\resources
2026-05-27 01:24:06,991 [Worker-19: Building] INFO  o.a.m.s.f.DefaultMavenResourcesFiltering - Copying 0 resource from src\main\resources to target\classes
2026-05-27 01:24:06,997 [Worker-19: Building] INFO  o.a.m.s.f.DefaultMavenResourcesFiltering - skip non existing resourceDirectory D:\Java_Project\Online_Expanse_Tracker\src\test\resources
2026-05-27 01:24:11,387 [Worker-23: Building] INFO  o.a.m.s.f.DefaultMavenResourcesFiltering - Copying 0 resource from src\main\resources to target\classes
2026-05-27 01:24:11,393 [Worker-23: Building] INFO  o.a.m.s.f.DefaultMavenResourcesFiltering - skip non existing resourceDirectory D:\Java_Project\Online_Expanse_Tracker\src\test\resources
2026-05-27 01:25:19,762 [Worker-28: Building] INFO  o.a.m.s.f.DefaultMavenResourcesFiltering - Copying 0 resource from src\main\resources to target\classes
2026-05-27 01:25:19,766 [Worker-28: Building] INFO  o.a.m.s.f.DefaultMavenResourcesFiltering - skip non existing resourceDirectory D:\Java_Project\Online_Expanse_Tracker\src\test\resources
2026-05-27 01:26:50,712 [Worker-28: Building] INFO  o.a.m.s.f.DefaultMavenResourcesFiltering - Copying 0 resource from src\main\resources to target\classes
2026-05-27 01:26:50,718 [Worker-28: Building] INFO  o.a.m.s.f.DefaultMavenResourcesFiltering - skip non existing resourceDirectory D:\Java_Project\Online_Expanse_Tracker\src\test\resources
2026-05-27 01:27:01,648 [Worker-26: Building] INFO  o.a.m.s.f.DefaultMavenResourcesFiltering - Copying 0 resource from src\main\resources to target\classes
2026-05-27 01:27:01,653 [Worker-26: Building] INFO  o.a.m.s.f.DefaultMavenResourcesFiltering - skip non existing resourceDirectory D:\Java_Project\Online_Expanse_Tracker\src\test\resources
2026-05-27 01:27:32,537 [Worker-22: Building] INFO  o.a.m.s.f.DefaultMavenResourcesFiltering - Copying 0 resource from src\main\resources to target\classes
2026-05-27 01:27:32,542 [Worker-22: Building] INFO  o.a.m.s.f.DefaultMavenResourcesFiltering - skip non existing resourceDirectory D:\Java_Project\Online_Expanse_Tracker\src\test\resources
2026-05-27 01:27:52,087 [Worker-24: Building] INFO  o.a.m.s.f.DefaultMavenResourcesFiltering - Copying 0 resource from src\main\resources to target\classes
2026-05-27 01:27:52,092 [Worker-24: Building] INFO  o.a.m.s.f.DefaultMavenResourcesFiltering - skip non existing resourceDirectory D:\Java_Project\Online_Expanse_Tracker\src\test\resources
2026-05-27 01:28:59,988 [Worker-1: Building] INFO  o.a.m.s.f.DefaultMavenResourcesFiltering - Copying 0 resource from src\main\resources to target\classes
2026-05-27 01:28:59,993 [Worker-1: Building] INFO  o.a.m.s.f.DefaultMavenResourcesFiltering - skip non existing resourceDirectory D:\Java_Project\Online_Expanse_Tracker\src\test\resources
2026-05-27 01:29:16,728 [Worker-28: Building] INFO  o.a.m.s.f.DefaultMavenResourcesFiltering - Copying 0 resource from src\main\resources to target\classes
2026-05-27 01:29:16,733 [Worker-28: Building] INFO  o.a.m.s.f.DefaultMavenResourcesFiltering - skip non existing resourceDirectory D:\Java_Project\Online_Expanse_Tracker\src\test\resources
2026-05-27 01:29:39,949 [Worker-1: Building] INFO  o.a.m.s.f.DefaultMavenResourcesFiltering - Copying 0 resource from src\main\resources to target\classes
2026-05-27 01:29:39,954 [Worker-1: Building] INFO  o.a.m.s.f.DefaultMavenResourcesFiltering - skip non existing resourceDirectory D:\Java_Project\Online_Expanse_Tracker\src\test\resources
2026-05-27 01:29:56,743 [Worker-23: Building] INFO  o.a.m.s.f.DefaultMavenResourcesFiltering - Copying 0 resource from src\main\resources to target\classes
2026-05-27 01:29:56,749 [Worker-23: Building] INFO  o.a.m.s.f.DefaultMavenResourcesFiltering - skip non existing resourceDirectory D:\Java_Project\Online_Expanse_Tracker\src\test\resources
2026-05-27 01:34:12,448 [Worker-28: Building] INFO  o.a.m.s.f.DefaultMavenResourcesFiltering - Copying 0 resource from src\main\resources to target\classes
2026-05-27 01:34:12,454 [Worker-28: Building] INFO  o.a.m.s.f.DefaultMavenResourcesFiltering - skip non existing resourceDirectory D:\Java_Project\Online_Expanse_Tracker\src\test\resources
2026-05-27 01:36:06,604 [Worker-23: Building] INFO  o.a.m.s.f.DefaultMavenResourcesFiltering - Copying 0 resource from src\main\resources to target\classes
2026-05-27 01:36:06,610 [Worker-23: Building] INFO  o.a.m.s.f.DefaultMavenResourcesFiltering - skip non existing resourceDirectory D:\Java_Project\Online_Expanse_Tracker\src\test\resources
2026-05-27 01:39:17,851 [Worker-1: Building] INFO  o.a.m.s.f.DefaultMavenResourcesFiltering - Copying 0 resource from src\main\resources to target\classes
2026-05-27 01:39:17,857 [Worker-1: Building] INFO  o.a.m.s.f.DefaultMavenResourcesFiltering - skip non existing resourceDirectory D:\Java_Project\Online_Expanse_Tracker\src\test\resources
2026-05-27 01:41:25,191 [Worker-28: Building] INFO  o.a.m.s.f.DefaultMavenResourcesFiltering - Copying 1 resource from src\main\resources to target\classes
2026-05-27 01:41:25,197 [Worker-28: Building] INFO  o.a.m.s.f.DefaultMavenResourcesFiltering - skip non existing resourceDirectory D:\Java_Project\Online_Expanse_Tracker\src\test\resources
2026-05-27 02:02:57,674 [Worker-22: Cleaning all projects] INFO  o.e.m.w.i.f.ResourceFilteringBuildParticipant - Cleaning filtered folder for Note_Taker
2026-05-27 02:02:57,751 [Worker-22: Cleaning all projects] INFO  o.e.m.w.i.f.ResourceFilteringBuildParticipant - Cleaning filtered folder for Online_Expanse_Tracker
2026-05-27 02:02:57,833 [Worker-22: Cleaning all projects] INFO  o.e.m.w.i.f.ResourceFilteringBuildParticipant - Cleaning filtered folder for Registraion_Form
2026-05-27 02:02:57,902 [Worker-22: Cleaning all projects] INFO  o.e.m.w.i.f.ResourceFilteringBuildParticipant - Cleaning filtered folder for Search_App
2026-05-27 02:02:58,361 [Worker-30: Building Workspace] WARN  o.a.m.s.f.DefaultMavenResourcesFiltering - Using platform encoding (UTF-8 actually) to copy filtered resources, i.e. build is platform dependent!
2026-05-27 02:02:58,364 [Worker-30: Building Workspace] INFO  o.a.m.s.f.DefaultMavenResourcesFiltering - Copying 2 resources from src\main\resources to target\classes
2026-05-27 02:02:58,383 [Worker-30: Building Workspace] WARN  o.a.m.s.f.DefaultMavenResourcesFiltering - Using platform encoding (UTF-8 actually) to copy filtered resources, i.e. build is platform dependent!
2026-05-27 02:02:58,387 [Worker-30: Building Workspace] INFO  o.a.m.s.f.DefaultMavenResourcesFiltering - Copying 0 resource from src\test\resources to target\test-classes
2026-05-27 02:02:58,388 [Worker-30: Building Workspace] INFO  o.e.m.w.i.f.ResourceFilteringBuildParticipant - Changed resources require a complete clean of filtered resources of Note_Taker
2026-05-27 02:02:58,392 [Worker-30: Building Workspace] INFO  o.e.m.w.i.f.ResourceFilteringBuildParticipant - Executing resource filtering for Note_Taker
2026-05-27 02:02:58,784 [Worker-30: Building Workspace] INFO  o.a.m.s.f.DefaultMavenResourcesFiltering - Copying 1 resource from src\main\resources to target\classes
2026-05-27 02:02:58,809 [Worker-30: Building Workspace] INFO  o.a.m.s.f.DefaultMavenResourcesFiltering - skip non existing resourceDirectory D:\Java_Project\Online_Expanse_Tracker\src\test\resources
2026-05-27 02:02:58,810 [Worker-30: Building Workspace] INFO  o.e.m.w.i.f.ResourceFilteringBuildParticipant - Changed resources require a complete clean of filtered resources of Online_Expanse_Tracker
2026-05-27 02:02:58,810 [Worker-30: Building Workspace] INFO  o.e.m.w.i.f.ResourceFilteringBuildParticipant - Executing resource filtering for Online_Expanse_Tracker
2026-05-27 02:02:59,388 [Worker-30: Building Workspace] INFO  o.a.m.s.f.DefaultMavenResourcesFiltering - Copying 1 resource from src\main\resources to target\classes
2026-05-27 02:02:59,398 [Worker-30: Building Workspace] INFO  o.a.m.s.f.DefaultMavenResourcesFiltering - Copying 0 resource from src\test\resources to target\test-classes
2026-05-27 02:02:59,399 [Worker-30: Building Workspace] INFO  o.e.m.w.i.f.ResourceFilteringBuildParticipant - Changed resources require a complete clean of filtered resources of Registraion_Form
2026-05-27 02:02:59,399 [Worker-30: Building Workspace] INFO  o.e.m.w.i.f.ResourceFilteringBuildParticipant - Executing resource filtering for Registraion_Form
2026-05-27 02:02:59,701 [Worker-30: Building Workspace] WARN  o.a.m.s.f.DefaultMavenResourcesFiltering - Using platform encoding (UTF-8 actually) to copy filtered resources, i.e. build is platform dependent!
2026-05-27 02:02:59,703 [Worker-30: Building Workspace] INFO  o.a.m.s.f.DefaultMavenResourcesFiltering - Copying 0 resource from src\main\resources to target\classes
2026-05-27 02:02:59,707 [Worker-30: Building Workspace] WARN  o.a.m.s.f.DefaultMavenResourcesFiltering - Using platform encoding (UTF-8 actually) to copy filtered resources, i.e. build is platform dependent!
2026-05-27 02:02:59,710 [Worker-30: Building Workspace] INFO  o.a.m.s.f.DefaultMavenResourcesFiltering - Copying 0 resource from src\test\resources to target\test-classes
2026-05-27 02:02:59,710 [Worker-30: Building Workspace] INFO  o.e.m.w.i.f.ResourceFilteringBuildParticipant - Changed resources require a complete clean of filtered resources of Search_App
2026-05-27 02:02:59,710 [Worker-30: Building Workspace] INFO  o.e.m.w.i.f.ResourceFilteringBuildParticipant - Executing resource filtering for Search_App
2026-05-27 02:23:51,684 [Worker-1: Building] INFO  o.a.m.s.f.DefaultMavenResourcesFiltering - Copying 1 resource from src\main\resources to target\classes
2026-05-27 02:23:51,695 [Worker-1: Building] INFO  o.a.m.s.f.DefaultMavenResourcesFiltering - skip non existing resourceDirectory D:\Java_Project\Online_Expanse_Tracker\src\test\resources
2026-05-27 02:24:00,091 [Worker-19: Cleaning all projects] INFO  o.e.m.w.i.f.ResourceFilteringBuildParticipant - Cleaning filtered folder for Note_Taker
2026-05-27 02:24:00,165 [Worker-19: Cleaning all projects] INFO  o.e.m.w.i.f.ResourceFilteringBuildParticipant - Cleaning filtered folder for Online_Expanse_Tracker
2026-05-27 02:24:00,244 [Worker-19: Cleaning all projects] INFO  o.e.m.w.i.f.ResourceFilteringBuildParticipant - Cleaning filtered folder for Registraion_Form
2026-05-27 02:24:00,320 [Worker-19: Cleaning all projects] INFO  o.e.m.w.i.f.ResourceFilteringBuildParticipant - Cleaning filtered folder for Search_App
2026-05-27 02:24:00,641 [Worker-30: Building] WARN  o.a.m.s.f.DefaultMavenResourcesFiltering - Using platform encoding (UTF-8 actually) to copy filtered resources, i.e. build is platform dependent!
2026-05-27 02:24:00,644 [Worker-30: Building] INFO  o.a.m.s.f.DefaultMavenResourcesFiltering - Copying 2 resources from src\main\resources to target\classes
2026-05-27 02:24:00,662 [Worker-30: Building] WARN  o.a.m.s.f.DefaultMavenResourcesFiltering - Using platform encoding (UTF-8 actually) to copy filtered resources, i.e. build is platform dependent!
2026-05-27 02:24:00,664 [Worker-30: Building] INFO  o.a.m.s.f.DefaultMavenResourcesFiltering - Copying 0 resource from src\test\resources to target\test-classes
2026-05-27 02:24:00,665 [Worker-30: Building] INFO  o.e.m.w.i.f.ResourceFilteringBuildParticipant - Changed resources require a complete clean of filtered resources of Note_Taker
2026-05-27 02:24:00,665 [Worker-30: Building] INFO  o.e.m.w.i.f.ResourceFilteringBuildParticipant - Executing resource filtering for Note_Taker
2026-05-27 02:24:01,183 [Worker-23: Building] INFO  o.a.m.s.f.DefaultMavenResourcesFiltering - Copying 1 resource from src\main\resources to target\classes
2026-05-27 02:24:01,191 [Worker-23: Building] INFO  o.a.m.s.f.DefaultMavenResourcesFiltering - skip non existing resourceDirectory D:\Java_Project\Online_Expanse_Tracker\src\test\resources
2026-05-27 02:24:01,191 [Worker-23: Building] INFO  o.e.m.w.i.f.ResourceFilteringBuildParticipant - Changed resources require a complete clean of filtered resources of Online_Expanse_Tracker
2026-05-27 02:24:01,191 [Worker-23: Building] INFO  o.e.m.w.i.f.ResourceFilteringBuildParticipant - Executing resource filtering for Online_Expanse_Tracker
2026-05-27 02:24:01,402 [Worker-23: Building] INFO  o.a.m.s.f.DefaultMavenResourcesFiltering - Copying 1 resource from src\main\resources to target\classes
2026-05-27 02:24:01,411 [Worker-23: Building] INFO  o.a.m.s.f.DefaultMavenResourcesFiltering - Copying 0 resource from src\test\resources to target\test-classes
2026-05-27 02:24:01,411 [Worker-23: Building] INFO  o.e.m.w.i.f.ResourceFilteringBuildParticipant - Changed resources require a complete clean of filtered resources of Registraion_Form
2026-05-27 02:24:01,411 [Worker-23: Building] INFO  o.e.m.w.i.f.ResourceFilteringBuildParticipant - Executing resource filtering for Registraion_Form
2026-05-27 02:24:01,587 [Worker-23: Building] WARN  o.a.m.s.f.DefaultMavenResourcesFiltering - Using platform encoding (UTF-8 actually) to copy filtered resources, i.e. build is platform dependent!
2026-05-27 02:24:01,590 [Worker-23: Building] INFO  o.a.m.s.f.DefaultMavenResourcesFiltering - Copying 0 resource from src\main\resources to target\classes
2026-05-27 02:24:01,594 [Worker-23: Building] WARN  o.a.m.s.f.DefaultMavenResourcesFiltering - Using platform encoding (UTF-8 actually) to copy filtered resources, i.e. build is platform dependent!
2026-05-27 02:24:01,595 [Worker-23: Building] INFO  o.a.m.s.f.DefaultMavenResourcesFiltering - Copying 0 resource from src\test\resources to target\test-classes
2026-05-27 02:24:01,596 [Worker-23: Building] INFO  o.e.m.w.i.f.ResourceFilteringBuildParticipant - Changed resources require a complete clean of filtered resources of Search_App
2026-05-27 02:24:01,596 [Worker-23: Building] INFO  o.e.m.w.i.f.ResourceFilteringBuildParticipant - Executing resource filtering for Search_App
2026-05-27 02:29:10,835 [Worker-26: Building] INFO  o.a.m.s.f.DefaultMavenResourcesFiltering - Copying 1 resource from src\main\resources to target\classes
2026-05-27 02:29:10,843 [Worker-26: Building] INFO  o.a.m.s.f.DefaultMavenResourcesFiltering - skip non existing resourceDirectory D:\Java_Project\Online_Expanse_Tracker\src\test\resources
2026-05-27 02:30:37,492 [Worker-1: Building] INFO  o.a.m.s.f.DefaultMavenResourcesFiltering - Copying 1 resource from src\main\resources to target\classes
2026-05-27 02:30:37,499 [Worker-1: Building] INFO  o.a.m.s.f.DefaultMavenResourcesFiltering - skip non existing resourceDirectory D:\Java_Project\Online_Expanse_Tracker\src\test\resources
2026-05-27 02:31:06,811 [Worker-28: Cleaning all projects] INFO  o.e.m.w.i.f.ResourceFilteringBuildParticipant - Cleaning filtered folder for Note_Taker
2026-05-27 02:31:06,874 [Worker-28: Cleaning all projects] INFO  o.e.m.w.i.f.ResourceFilteringBuildParticipant - Cleaning filtered folder for Online_Expanse_Tracker
2026-05-27 02:31:06,941 [Worker-28: Cleaning all projects] INFO  o.e.m.w.i.f.ResourceFilteringBuildParticipant - Cleaning filtered folder for Registraion_Form
2026-05-27 02:31:07,001 [Worker-28: Cleaning all projects] INFO  o.e.m.w.i.f.ResourceFilteringBuildParticipant - Cleaning filtered folder for Search_App
2026-05-27 02:31:07,287 [Worker-1: Building] WARN  o.a.m.s.f.DefaultMavenResourcesFiltering - Using platform encoding (UTF-8 actually) to copy filtered resources, i.e. build is platform dependent!
2026-05-27 02:31:07,289 [Worker-1: Building] INFO  o.a.m.s.f.DefaultMavenResourcesFiltering - Copying 2 resources from src\main\resources to target\classes
2026-05-27 02:31:07,301 [Worker-1: Building] WARN  o.a.m.s.f.DefaultMavenResourcesFiltering - Using platform encoding (UTF-8 actually) to copy filtered resources, i.e. build is platform dependent!
2026-05-27 02:31:07,303 [Worker-1: Building] INFO  o.a.m.s.f.DefaultMavenResourcesFiltering - Copying 0 resource from src\test\resources to target\test-classes
2026-05-27 02:31:07,304 [Worker-1: Building] INFO  o.e.m.w.i.f.ResourceFilteringBuildParticipant - Changed resources require a complete clean of filtered resources of Note_Taker
2026-05-27 02:31:07,304 [Worker-1: Building] INFO  o.e.m.w.i.f.ResourceFilteringBuildParticipant - Executing resource filtering for Note_Taker
2026-05-27 02:31:07,550 [Worker-1: Building] INFO  o.a.m.s.f.DefaultMavenResourcesFiltering - Copying 1 resource from src\main\resources to target\classes
2026-05-27 02:31:07,558 [Worker-1: Building] INFO  o.a.m.s.f.DefaultMavenResourcesFiltering - skip non existing resourceDirectory D:\Java_Project\Online_Expanse_Tracker\src\test\resources
2026-05-27 02:31:07,559 [Worker-1: Building] INFO  o.e.m.w.i.f.ResourceFilteringBuildParticipant - Changed resources require a complete clean of filtered resources of Online_Expanse_Tracker
2026-05-27 02:31:07,559 [Worker-1: Building] INFO  o.e.m.w.i.f.ResourceFilteringBuildParticipant - Executing resource filtering for Online_Expanse_Tracker
2026-05-27 02:31:07,995 [Worker-32: Building] INFO  o.a.m.s.f.DefaultMavenResourcesFiltering - Copying 1 resource from src\main\resources to target\classes
2026-05-27 02:31:08,002 [Worker-32: Building] INFO  o.a.m.s.f.DefaultMavenResourcesFiltering - Copying 0 resource from src\test\resources to target\test-classes
2026-05-27 02:31:08,002 [Worker-32: Building] INFO  o.e.m.w.i.f.ResourceFilteringBuildParticipant - Changed resources require a complete clean of filtered resources of Registraion_Form
2026-05-27 02:31:08,003 [Worker-32: Building] INFO  o.e.m.w.i.f.ResourceFilteringBuildParticipant - Executing resource filtering for Registraion_Form
2026-05-27 02:31:08,156 [Worker-32: Building] WARN  o.a.m.s.f.DefaultMavenResourcesFiltering - Using platform encoding (UTF-8 actually) to copy filtered resources, i.e. build is platform dependent!
2026-05-27 02:31:08,159 [Worker-32: Building] INFO  o.a.m.s.f.DefaultMavenResourcesFiltering - Copying 0 resource from src\main\resources to target\classes
2026-05-27 02:31:08,162 [Worker-32: Building] WARN  o.a.m.s.f.DefaultMavenResourcesFiltering - Using platform encoding (UTF-8 actually) to copy filtered resources, i.e. build is platform dependent!
2026-05-27 02:31:08,164 [Worker-32: Building] INFO  o.a.m.s.f.DefaultMavenResourcesFiltering - Copying 0 resource from src\test\resources to target\test-classes
2026-05-27 02:31:08,165 [Worker-32: Building] INFO  o.e.m.w.i.f.ResourceFilteringBuildParticipant - Changed resources require a complete clean of filtered resources of Search_App
2026-05-27 02:31:08,165 [Worker-32: Building] INFO  o.e.m.w.i.f.ResourceFilteringBuildParticipant - Executing resource filtering for Search_App
2026-05-27 02:37:44,758 [Worker-29: Building] INFO  o.a.m.s.f.DefaultMavenResourcesFiltering - Copying 1 resource from src\main\resources to target\classes
2026-05-27 02:37:44,764 [Worker-29: Building] INFO  o.a.m.s.f.DefaultMavenResourcesFiltering - skip non existing resourceDirectory D:\Java_Project\Online_Expanse_Tracker\src\test\resources
2026-05-27 02:40:48,854 [Stop Help Server] INFO  org.eclipse.jetty.server.Server - Stopped oejs.Server@6e613380{STOPPING}[12.0.21,sto=0]
2026-05-27 02:40:48,861 [Stop Help Server] INFO  o.e.jetty.server.AbstractConnector - Stopped ServerConnector@25608148{HTTP/1.1, (http/1.1)}{127.0.0.1:0}
2026-05-27 21:29:10,952 [Worker-10: Loading available Gradle versions] INFO  o.e.b.c.i.u.g.PublishedGradleVersions - Gradle version information cache is out-of-date. Trying to update.
2026-05-27 23:17:09,665 [Worker-8: Loading available Gradle versions] INFO  o.e.b.c.i.u.g.PublishedGradleVersions - Gradle version information cache is up-to-date. Trying to read.
2026-05-28 04:57:11,707 [Worker-5: Loading available Gradle versions] INFO  o.e.b.c.i.u.g.PublishedGradleVersions - Gradle version information cache is up-to-date. Trying to read.
2026-05-28 05:14:02,015 [Worker-30: Building] WARN  o.a.m.s.f.DefaultMavenResourcesFiltering - Using platform encoding (UTF-8 actually) to copy filtered resources, i.e. build is platform dependent!
2026-05-28 05:14:02,049 [Worker-30: Building] INFO  o.a.m.s.f.DefaultMavenResourcesFiltering - Copying 2 resources from src\main\resources to target\classes
2026-05-28 05:14:02,099 [Worker-30: Building] WARN  o.a.m.s.f.DefaultMavenResourcesFiltering - Using platform encoding (UTF-8 actually) to copy filtered resources, i.e. build is platform dependent!
2026-05-28 05:14:02,104 [Worker-30: Building] INFO  o.a.m.s.f.DefaultMavenResourcesFiltering - Copying 0 resource from src\test\resources to target\test-classes
2026-05-28 05:14:07,758 [Worker-33: Building] INFO  o.a.m.s.f.DefaultMavenResourcesFiltering - Copying 1 resource from src\main\resources to target\classes
2026-05-28 05:14:07,795 [Worker-33: Building] INFO  o.a.m.s.f.DefaultMavenResourcesFiltering - skip non existing resourceDirectory D:\Java_Project\Online_Expanse_Tracker\src\test\resources
2026-05-28 05:14:10,604 [Worker-34: Building] INFO  o.a.m.s.f.DefaultMavenResourcesFiltering - Copying 1 resource from src\main\resources to target\classes
2026-05-28 05:14:10,619 [Worker-34: Building] INFO  o.a.m.s.f.DefaultMavenResourcesFiltering - Copying 0 resource from src\test\resources to target\test-classes
2026-05-28 05:14:10,843 [Worker-30: Cleaning all projects] INFO  o.e.m.w.i.f.ResourceFilteringBuildParticipant - Cleaning filtered folder for Note_Taker
2026-05-28 05:14:10,968 [Worker-30: Cleaning all projects] INFO  o.e.m.w.i.f.ResourceFilteringBuildParticipant - Cleaning filtered folder for Online_Expanse_Tracker
2026-05-28 05:14:11,118 [Worker-30: Cleaning all projects] INFO  o.e.m.w.i.f.ResourceFilteringBuildParticipant - Cleaning filtered folder for Registraion_Form
2026-05-28 05:14:11,674 [Worker-30: Cleaning all projects] INFO  o.e.m.w.i.f.ResourceFilteringBuildParticipant - Cleaning filtered folder for Search_App
2026-05-28 05:14:16,498 [Worker-32: Building] WARN  o.a.m.s.f.DefaultMavenResourcesFiltering - Using platform encoding (UTF-8 actually) to copy filtered resources, i.e. build is platform dependent!
2026-05-28 05:14:16,514 [Worker-32: Building] INFO  o.a.m.s.f.DefaultMavenResourcesFiltering - Copying 2 resources from src\main\resources to target\classes
2026-05-28 05:14:16,553 [Worker-32: Building] WARN  o.a.m.s.f.DefaultMavenResourcesFiltering - Using platform encoding (UTF-8 actually) to copy filtered resources, i.e. build is platform dependent!
2026-05-28 05:14:16,558 [Worker-32: Building] INFO  o.a.m.s.f.DefaultMavenResourcesFiltering - Copying 0 resource from src\test\resources to target\test-classes
2026-05-28 05:14:16,560 [Worker-32: Building] INFO  o.e.m.w.i.f.ResourceFilteringBuildParticipant - Changed resources require a complete clean of filtered resources of Note_Taker
2026-05-28 05:14:16,562 [Worker-32: Building] INFO  o.e.m.w.i.f.ResourceFilteringBuildParticipant - Executing resource filtering for Note_Taker
2026-05-28 05:14:17,210 [Worker-32: Building] INFO  o.a.m.s.f.DefaultMavenResourcesFiltering - Copying 1 resource from src\main\resources to target\classes
2026-05-28 05:14:17,224 [Worker-32: Building] INFO  o.a.m.s.f.DefaultMavenResourcesFiltering - skip non existing resourceDirectory D:\Java_Project\Online_Expanse_Tracker\src\test\resources
2026-05-28 05:14:17,225 [Worker-32: Building] INFO  o.e.m.w.i.f.ResourceFilteringBuildParticipant - Changed resources require a complete clean of filtered resources of Online_Expanse_Tracker
2026-05-28 05:14:17,225 [Worker-32: Building] INFO  o.e.m.w.i.f.ResourceFilteringBuildParticipant - Executing resource filtering for Online_Expanse_Tracker
2026-05-28 05:14:18,159 [Worker-32: Building] INFO  o.a.m.s.f.DefaultMavenResourcesFiltering - Copying 1 resource from src\main\resources to target\classes
2026-05-28 05:14:18,174 [Worker-32: Building] INFO  o.a.m.s.f.DefaultMavenResourcesFiltering - Copying 0 resource from src\test\resources to target\test-classes
2026-05-28 05:14:18,176 [Worker-32: Building] INFO  o.e.m.w.i.f.ResourceFilteringBuildParticipant - Changed resources require a complete clean of filtered resources of Registraion_Form
2026-05-28 05:14:18,176 [Worker-32: Building] INFO  o.e.m.w.i.f.ResourceFilteringBuildParticipant - Executing resource filtering for Registraion_Form
2026-05-28 05:14:18,710 [Worker-32: Building] WARN  o.a.m.s.f.DefaultMavenResourcesFiltering - Using platform encoding (UTF-8 actually) to copy filtered resources, i.e. build is platform dependent!
2026-05-28 05:14:18,720 [Worker-32: Building] INFO  o.a.m.s.f.DefaultMavenResourcesFiltering - Copying 0 resource from src\main\resources to target\classes
2026-05-28 05:14:18,731 [Worker-32: Building] WARN  o.a.m.s.f.DefaultMavenResourcesFiltering - Using platform encoding (UTF-8 actually) to copy filtered resources, i.e. build is platform dependent!
2026-05-28 05:14:18,747 [Worker-32: Building] INFO  o.a.m.s.f.DefaultMavenResourcesFiltering - Copying 0 resource from src\test\resources to target\test-classes
2026-05-28 05:14:18,759 [Worker-32: Building] INFO  o.e.m.w.i.f.ResourceFilteringBuildParticipant - Changed resources require a complete clean of filtered resources of Search_App
2026-05-28 05:14:18,759 [Worker-32: Building] INFO  o.e.m.w.i.f.ResourceFilteringBuildParticipant - Executing resource filtering for Search_App
2026-05-31 00:53:55,285 [Worker-0: Loading available Gradle versions] INFO  o.e.b.c.i.u.g.PublishedGradleVersions - Gradle version information cache is out-of-date. Trying to update.
2026-05-31 01:04:29,583 [Worker-9: Building] INFO  o.a.m.s.f.DefaultMavenResourcesFiltering - Copying 1 resource from src\main\resources to target\classes
2026-05-31 01:04:29,628 [Worker-9: Building] INFO  o.a.m.s.f.DefaultMavenResourcesFiltering - skip non existing resourceDirectory D:\Java_Project\Online_Expanse_Tracker\src\test\resources
2026-05-31 01:06:41,646 [Worker-21: Building] INFO  o.a.m.s.f.DefaultMavenResourcesFiltering - Copying 0 resource from src\main\resources to target\classes
2026-05-31 01:06:41,655 [Worker-21: Building] INFO  o.a.m.s.f.DefaultMavenResourcesFiltering - skip non existing resourceDirectory D:\Java_Project\Online_Expanse_Tracker\src\test\resources
2026-05-31 01:06:46,513 [Worker-9: Building] INFO  o.a.m.s.f.DefaultMavenResourcesFiltering - Copying 0 resource from src\main\resources to target\classes
2026-05-31 01:06:46,521 [Worker-9: Building] INFO  o.a.m.s.f.DefaultMavenResourcesFiltering - skip non existing resourceDirectory D:\Java_Project\Online_Expanse_Tracker\src\test\resources
2026-05-31 01:08:01,394 [Worker-11: Building] INFO  o.a.m.s.f.DefaultMavenResourcesFiltering - Copying 0 resource from src\main\resources to target\classes
2026-05-31 01:08:01,403 [Worker-11: Building] INFO  o.a.m.s.f.DefaultMavenResourcesFiltering - skip non existing resourceDirectory D:\Java_Project\Online_Expanse_Tracker\src\test\resources
2026-05-31 01:10:11,561 [Worker-13: Building] INFO  o.a.m.s.f.DefaultMavenResourcesFiltering - Copying 0 resource from src\main\resources to target\classes
2026-05-31 01:10:11,567 [Worker-13: Building] INFO  o.a.m.s.f.DefaultMavenResourcesFiltering - skip non existing resourceDirectory D:\Java_Project\Online_Expanse_Tracker\src\test\resources
2026-05-31 01:10:45,279 [Worker-9: Building] INFO  o.a.m.s.f.DefaultMavenResourcesFiltering - Copying 0 resource from src\main\resources to target\classes
2026-05-31 01:10:45,287 [Worker-9: Building] INFO  o.a.m.s.f.DefaultMavenResourcesFiltering - skip non existing resourceDirectory D:\Java_Project\Online_Expanse_Tracker\src\test\resources
2026-05-31 01:10:53,918 [Worker-19: Building] INFO  o.a.m.s.f.DefaultMavenResourcesFiltering - Copying 0 resource from src\main\resources to target\classes
2026-05-31 01:10:53,926 [Worker-19: Building] INFO  o.a.m.s.f.DefaultMavenResourcesFiltering - skip non existing resourceDirectory D:\Java_Project\Online_Expanse_Tracker\src\test\resources
2026-05-31 01:12:32,410 [Worker-0: Building] INFO  o.a.m.s.f.DefaultMavenResourcesFiltering - Copying 0 resource from src\main\resources to target\classes
2026-05-31 01:12:32,417 [Worker-0: Building] INFO  o.a.m.s.f.DefaultMavenResourcesFiltering - skip non existing resourceDirectory D:\Java_Project\Online_Expanse_Tracker\src\test\resources
2026-05-31 01:18:42,940 [Worker-17: Building] INFO  o.a.m.s.f.DefaultMavenResourcesFiltering - Copying 1 resource from src\main\resources to target\classes
2026-05-31 01:18:42,948 [Worker-17: Building] INFO  o.a.m.s.f.DefaultMavenResourcesFiltering - skip non existing resourceDirectory D:\Java_Project\Online_Expanse_Tracker\src\test\resources
2026-05-31 01:22:02,928 [Worker-11: Building] INFO  o.a.m.s.f.DefaultMavenResourcesFiltering - Copying 1 resource from src\main\resources to target\classes
2026-05-31 01:22:02,939 [Worker-11: Building] INFO  o.a.m.s.f.DefaultMavenResourcesFiltering - skip non existing resourceDirectory D:\Java_Project\Online_Expanse_Tracker\src\test\resources
2026-05-31 01:23:10,777 [Worker-27: Building] INFO  o.a.m.s.f.DefaultMavenResourcesFiltering - Copying 1 resource from src\main\resources to target\classes
2026-05-31 01:23:10,784 [Worker-27: Building] INFO  o.a.m.s.f.DefaultMavenResourcesFiltering - skip non existing resourceDirectory D:\Java_Project\Online_Expanse_Tracker\src\test\resources
2026-05-31 01:23:46,692 [Start Help Server] INFO  org.eclipse.jetty.server.Server - jetty-12.0.21; built: 2025-05-09T00:32:00.688Z; git: 1c4719601e31b05b7d68910d2edd980259f1f53c; jvm 21.0.8+9-LTS
2026-05-31 01:23:46,932 [Start Help Server] INFO  o.e.j.server.handler.ContextHandler - Started oeje8n.ContextHandler$CoreContextHandler@28138e44{/help,/help,b=null,a=AVAILABLE,h=oeje8n.ContextHandler$CoreContextHandler$CoreToNestedHandler@39016b4{STARTED}}
2026-05-31 01:23:46,934 [Start Help Server] INFO  o.e.j.s.DefaultSessionIdManager - Session workerName=node0
2026-05-31 01:23:46,981 [Start Help Server] INFO  o.e.jetty.server.AbstractConnector - Started ServerConnector@4a992b2a{HTTP/1.1, (http/1.1)}{127.0.0.1:54080}
2026-05-31 01:23:47,049 [Start Help Server] INFO  org.eclipse.jetty.server.Server - Started oejs.Server@22e40135{STARTING}[12.0.21,sto=0] @1852498ms
2026-05-31 01:26:00,224 [Worker-9: Building] INFO  o.a.m.s.f.DefaultMavenResourcesFiltering - Copying 1 resource from src\main\resources to target\classes
2026-05-31 01:26:00,231 [Worker-9: Building] INFO  o.a.m.s.f.DefaultMavenResourcesFiltering - skip non existing resourceDirectory D:\Java_Project\Online_Expanse_Tracker\src\test\resources
2026-05-31 01:26:11,101 [Worker-26: Building] INFO  o.a.m.s.f.DefaultMavenResourcesFiltering - Copying 1 resource from src\main\resources to target\classes
2026-05-31 01:26:11,110 [Worker-26: Building] INFO  o.a.m.s.f.DefaultMavenResourcesFiltering - skip non existing resourceDirectory D:\Java_Project\Online_Expanse_Tracker\src\test\resources
2026-05-31 01:26:23,483 [Worker-11: Building] INFO  o.a.m.s.f.DefaultMavenResourcesFiltering - Copying 1 resource from src\main\resources to target\classes
2026-05-31 01:26:23,489 [Worker-11: Building] INFO  o.a.m.s.f.DefaultMavenResourcesFiltering - skip non existing resourceDirectory D:\Java_Project\Online_Expanse_Tracker\src\test\resources
2026-05-31 01:28:57,708 [Worker-19: Building] INFO  o.a.m.s.f.DefaultMavenResourcesFiltering - Copying 0 resource from src\main\resources to target\classes
2026-05-31 01:28:57,714 [Worker-19: Building] INFO  o.a.m.s.f.DefaultMavenResourcesFiltering - skip non existing resourceDirectory D:\Java_Project\Online_Expanse_Tracker\src\test\resources
2026-05-31 01:31:30,747 [Worker-3: Cleaning all projects] INFO  o.e.m.w.i.f.ResourceFilteringBuildParticipant - Cleaning filtered folder for Note_Taker
2026-05-31 01:31:30,821 [Worker-3: Cleaning all projects] INFO  o.e.m.w.i.f.ResourceFilteringBuildParticipant - Cleaning filtered folder for Online_Expanse_Tracker
2026-05-31 01:31:30,910 [Worker-3: Cleaning all projects] INFO  o.e.m.w.i.f.ResourceFilteringBuildParticipant - Cleaning filtered folder for Registraion_Form
2026-05-31 01:31:30,982 [Worker-3: Cleaning all projects] INFO  o.e.m.w.i.f.ResourceFilteringBuildParticipant - Cleaning filtered folder for Search_App
2026-05-31 01:31:31,658 [Worker-12: Building] WARN  o.a.m.s.f.DefaultMavenResourcesFiltering - Using platform encoding (UTF-8 actually) to copy filtered resources, i.e. build is platform dependent!
2026-05-31 01:31:31,663 [Worker-12: Building] INFO  o.a.m.s.f.DefaultMavenResourcesFiltering - Copying 2 resources from src\main\resources to target\classes
2026-05-31 01:31:31,691 [Worker-12: Building] WARN  o.a.m.s.f.DefaultMavenResourcesFiltering - Using platform encoding (UTF-8 actually) to copy filtered resources, i.e. build is platform dependent!
2026-05-31 01:31:31,695 [Worker-12: Building] INFO  o.a.m.s.f.DefaultMavenResourcesFiltering - Copying 0 resource from src\test\resources to target\test-classes
2026-05-31 01:31:31,696 [Worker-12: Building] INFO  o.e.m.w.i.f.ResourceFilteringBuildParticipant - Changed resources require a complete clean of filtered resources of Note_Taker
2026-05-31 01:31:31,701 [Worker-12: Building] INFO  o.e.m.w.i.f.ResourceFilteringBuildParticipant - Executing resource filtering for Note_Taker
2026-05-31 01:31:32,364 [Worker-12: Building] INFO  o.a.m.s.f.DefaultMavenResourcesFiltering - Copying 1 resource from src\main\resources to target\classes
2026-05-31 01:31:32,376 [Worker-12: Building] INFO  o.a.m.s.f.DefaultMavenResourcesFiltering - skip non existing resourceDirectory D:\Java_Project\Online_Expanse_Tracker\src\test\resources
2026-05-31 01:31:32,377 [Worker-12: Building] INFO  o.e.m.w.i.f.ResourceFilteringBuildParticipant - Changed resources require a complete clean of filtered resources of Online_Expanse_Tracker
2026-05-31 01:31:32,378 [Worker-12: Building] INFO  o.e.m.w.i.f.ResourceFilteringBuildParticipant - Executing resource filtering for Online_Expanse_Tracker
2026-05-31 01:31:33,772 [Worker-21: Building] INFO  o.a.m.s.f.DefaultMavenResourcesFiltering - Copying 1 resource from src\main\resources to target\classes
2026-05-31 01:31:33,782 [Worker-21: Building] INFO  o.a.m.s.f.DefaultMavenResourcesFiltering - Copying 0 resource from src\test\resources to target\test-classes
2026-05-31 01:31:33,783 [Worker-21: Building] INFO  o.e.m.w.i.f.ResourceFilteringBuildParticipant - Changed resources require a complete clean of filtered resources of Registraion_Form
2026-05-31 01:31:33,783 [Worker-21: Building] INFO  o.e.m.w.i.f.ResourceFilteringBuildParticipant - Executing resource filtering for Registraion_Form
2026-05-31 01:31:34,718 [Worker-21: Building] WARN  o.a.m.s.f.DefaultMavenResourcesFiltering - Using platform encoding (UTF-8 actually) to copy filtered resources, i.e. build is platform dependent!
2026-05-31 01:31:34,721 [Worker-21: Building] INFO  o.a.m.s.f.DefaultMavenResourcesFiltering - Copying 0 resource from src\main\resources to target\classes
2026-05-31 01:31:34,731 [Worker-21: Building] WARN  o.a.m.s.f.DefaultMavenResourcesFiltering - Using platform encoding (UTF-8 actually) to copy filtered resources, i.e. build is platform dependent!
2026-05-31 01:31:34,733 [Worker-21: Building] INFO  o.a.m.s.f.DefaultMavenResourcesFiltering - Copying 0 resource from src\test\resources to target\test-classes
2026-05-31 01:31:34,734 [Worker-21: Building] INFO  o.e.m.w.i.f.ResourceFilteringBuildParticipant - Changed resources require a complete clean of filtered resources of Search_App
2026-05-31 01:31:34,734 [Worker-21: Building] INFO  o.e.m.w.i.f.ResourceFilteringBuildParticipant - Executing resource filtering for Search_App
2026-05-31 01:31:40,057 [Worker-23: Updating Maven Project] INFO  o.e.m.c.i.p.ProjectConfigurationManager - Update started
2026-05-31 01:31:41,822 [Worker-23: Updating Maven Project] INFO  o.e.m.c.i.l.LifecycleMappingFactory - Using org.maven.ide.eclipse.wtp.WarLifecycleMapping lifecycle mapping for MavenProject: com.tracker:Online_Expanse_Tracker:0.0.1-SNAPSHOT @ D:\Java_Project\Online_Expanse_Tracker\pom.xml.
2026-05-31 01:31:42,554 [Worker-23: Updating Maven Project] INFO  o.e.m.c.i.l.LifecycleMappingFactory - Using org.maven.ide.eclipse.wtp.WarLifecycleMapping lifecycle mapping for MavenProject: com.form:Registration_Form:0.0.1-SNAPSHOT @ D:\Java_Project\Registraion_Form\pom.xml.
2026-05-31 01:31:43,056 [Worker-23: Updating Maven Project] INFO  o.e.m.c.i.l.LifecycleMappingFactory - Using org.maven.ide.eclipse.wtp.WarLifecycleMapping lifecycle mapping for MavenProject: com.todo:NoteTaker:0.0.1-SNAPSHOT @ D:\Java_Project\Note_Taker\pom.xml.
2026-05-31 01:31:43,305 [Worker-23: Updating Maven Project] INFO  o.e.m.c.i.l.LifecycleMappingFactory - Using org.maven.ide.eclipse.wtp.WarLifecycleMapping lifecycle mapping for MavenProject: com.searchapp:SearchApp:0.0.1-SNAPSHOT @ D:\Java_Project\Search_App\pom.xml.
2026-05-31 01:31:48,264 [Worker-23: Updating Maven Project] INFO  o.e.m.j.i.AbstractJavaProjectConfigurator - Adding source folder /Online_Expanse_Tracker/src/main/java
2026-05-31 01:31:48,275 [Worker-23: Updating Maven Project] INFO  o.e.m.j.i.AbstractJavaProjectConfigurator - Adding resource folder /Online_Expanse_Tracker/src/main/resources
2026-05-31 01:31:48,279 [Worker-23: Updating Maven Project] INFO  o.e.m.j.i.AbstractJavaProjectConfigurator - Adding source folder /Online_Expanse_Tracker/src/test/java
2026-05-31 01:31:48,282 [Worker-23: Updating Maven Project] INFO  o.e.m.j.i.AbstractJavaProjectConfigurator - Adding resource folder /Online_Expanse_Tracker/src/test/resources
2026-05-31 01:31:51,397 [Worker-23: Updating Maven Project] INFO  o.e.m.w.i.f.ResourceFilteringBuildParticipant - Cleaning filtered folder for Online_Expanse_Tracker
2026-05-31 01:31:51,482 [Worker-23: Updating Maven Project] INFO  o.e.m.c.i.p.ProjectConfigurationManager - Update completed for 1 poms: local refresh takes 0.00 sec, refresh facades takes 7.00 sec, update config takes 3.00 sec 
2026-05-31 01:32:10,592 [Worker-22: Building] INFO  o.a.m.s.f.DefaultMavenResourcesFiltering - Copying 1 resource from src\main\resources to target\classes
2026-05-31 01:32:10,630 [Worker-22: Building] INFO  o.a.m.s.f.DefaultMavenResourcesFiltering - skip non existing resourceDirectory D:\Java_Project\Online_Expanse_Tracker\src\test\resources
2026-05-31 01:32:10,631 [Worker-22: Building] INFO  o.e.m.w.i.f.ResourceFilteringBuildParticipant - Changed resources require a complete clean of filtered resources of Online_Expanse_Tracker
2026-05-31 01:32:10,631 [Worker-22: Building] INFO  o.e.m.w.i.f.ResourceFilteringBuildParticipant - Executing resource filtering for Online_Expanse_Tracker
2026-05-31 01:40:35,006 [Worker-17: Building] INFO  o.a.m.s.f.DefaultMavenResourcesFiltering - Copying 1 resource from src\main\resources to target\classes
2026-05-31 01:40:35,008 [Worker-17: Building] INFO  o.a.m.s.f.DefaultMavenResourcesFiltering - skip non existing resourceDirectory D:\Java_Project\Online_Expanse_Tracker\src\test\resources
2026-05-31 01:42:12,887 [Worker-1: Building] INFO  o.a.m.s.f.DefaultMavenResourcesFiltering - Copying 0 resource from src\main\resources to target\classes
2026-05-31 01:42:12,888 [Worker-1: Building] INFO  o.a.m.s.f.DefaultMavenResourcesFiltering - skip non existing resourceDirectory D:\Java_Project\Online_Expanse_Tracker\src\test\resources
2026-05-31 01:43:29,420 [Worker-6: Building] INFO  o.a.m.s.f.DefaultMavenResourcesFiltering - Copying 0 resource from src\main\resources to target\classes
2026-05-31 01:43:29,422 [Worker-6: Building] INFO  o.a.m.s.f.DefaultMavenResourcesFiltering - skip non existing resourceDirectory D:\Java_Project\Online_Expanse_Tracker\src\test\resources
2026-05-31 01:43:51,415 [Worker-23: Building] INFO  o.a.m.s.f.DefaultMavenResourcesFiltering - Copying 0 resource from src\main\resources to target\classes
2026-05-31 01:43:51,417 [Worker-23: Building] INFO  o.a.m.s.f.DefaultMavenResourcesFiltering - skip non existing resourceDirectory D:\Java_Project\Online_Expanse_Tracker\src\test\resources
2026-05-31 01:44:17,324 [Worker-23: Building] INFO  o.a.m.s.f.DefaultMavenResourcesFiltering - Copying 0 resource from src\main\resources to target\classes
2026-05-31 01:44:17,326 [Worker-23: Building] INFO  o.a.m.s.f.DefaultMavenResourcesFiltering - skip non existing resourceDirectory D:\Java_Project\Online_Expanse_Tracker\src\test\resources
2026-05-31 01:44:49,765 [Worker-16: Building] INFO  o.a.m.s.f.DefaultMavenResourcesFiltering - Copying 0 resource from src\main\resources to target\classes
2026-05-31 01:44:49,767 [Worker-16: Building] INFO  o.a.m.s.f.DefaultMavenResourcesFiltering - skip non existing resourceDirectory D:\Java_Project\Online_Expanse_Tracker\src\test\resources
2026-05-31 01:47:23,425 [Worker-9: Building] INFO  o.a.m.s.f.DefaultMavenResourcesFiltering - Copying 1 resource from src\main\resources to target\classes
2026-05-31 01:47:23,428 [Worker-9: Building] INFO  o.a.m.s.f.DefaultMavenResourcesFiltering - skip non existing resourceDirectory D:\Java_Project\Online_Expanse_Tracker\src\test\resources
2026-05-31 01:51:09,009 [Worker-16: Building] INFO  o.a.m.s.f.DefaultMavenResourcesFiltering - Copying 0 resource from src\main\resources to target\classes
2026-05-31 01:51:09,010 [Worker-16: Building] INFO  o.a.m.s.f.DefaultMavenResourcesFiltering - skip non existing resourceDirectory D:\Java_Project\Online_Expanse_Tracker\src\test\resources
2026-05-31 01:59:55,333 [Worker-9: Building] INFO  o.a.m.s.f.DefaultMavenResourcesFiltering - Copying 0 resource from src\main\resources to target\classes
2026-05-31 01:59:55,335 [Worker-9: Building] INFO  o.a.m.s.f.DefaultMavenResourcesFiltering - skip non existing resourceDirectory D:\Java_Project\Online_Expanse_Tracker\src\test\resources
2026-05-31 02:01:44,715 [Worker-26: Building] INFO  o.a.m.s.f.DefaultMavenResourcesFiltering - Copying 0 resource from src\main\resources to target\classes
2026-05-31 02:01:44,717 [Worker-26: Building] INFO  o.a.m.s.f.DefaultMavenResourcesFiltering - skip non existing resourceDirectory D:\Java_Project\Online_Expanse_Tracker\src\test\resources
2026-05-31 02:44:02,050 [Stop Help Server] INFO  org.eclipse.jetty.server.Server - Stopped oejs.Server@22e40135{STOPPING}[12.0.21,sto=0]
2026-05-31 02:44:02,060 [Stop Help Server] INFO  o.e.jetty.server.AbstractConnector - Stopped ServerConnector@4a992b2a{HTTP/1.1, (http/1.1)}{127.0.0.1:0}
2026-05-31 16:22:44,660 [Worker-7: Loading available Gradle versions] INFO  o.e.b.c.i.u.g.PublishedGradleVersions - Gradle version information cache is up-to-date. Trying to read.
2026-05-31 16:29:40,548 [Worker-25: Building] INFO  o.a.m.s.f.DefaultMavenResourcesFiltering - Copying 1 resource from src\main\resources to target\classes
2026-05-31 16:29:40,578 [Worker-25: Building] INFO  o.a.m.s.f.DefaultMavenResourcesFiltering - skip non existing resourceDirectory D:\Java_Project\Online_Expanse_Tracker\src\test\resources
2026-05-31 16:33:07,426 [Worker-24: Building] INFO  o.a.m.s.f.DefaultMavenResourcesFiltering - Copying 0 resource from src\main\resources to target\classes
2026-05-31 16:33:07,437 [Worker-24: Building] INFO  o.a.m.s.f.DefaultMavenResourcesFiltering - skip non existing resourceDirectory D:\Java_Project\Online_Expanse_Tracker\src\test\resources
2026-05-31 16:35:11,592 [Worker-27: Cleaning all projects] INFO  o.e.m.w.i.f.ResourceFilteringBuildParticipant - Cleaning filtered folder for Note_Taker
2026-05-31 16:35:11,681 [Worker-27: Cleaning all projects] INFO  o.e.m.w.i.f.ResourceFilteringBuildParticipant - Cleaning filtered folder for Online_Expanse_Tracker
2026-05-31 16:35:11,786 [Worker-27: Cleaning all projects] INFO  o.e.m.w.i.f.ResourceFilteringBuildParticipant - Cleaning filtered folder for Registraion_Form
2026-05-31 16:35:11,887 [Worker-27: Cleaning all projects] INFO  o.e.m.w.i.f.ResourceFilteringBuildParticipant - Cleaning filtered folder for Search_App
2026-05-31 16:35:12,752 [Worker-25: Building] WARN  o.a.m.s.f.DefaultMavenResourcesFiltering - Using platform encoding (UTF-8 actually) to copy filtered resources, i.e. build is platform dependent!
2026-05-31 16:35:12,755 [Worker-25: Building] INFO  o.a.m.s.f.DefaultMavenResourcesFiltering - Copying 2 resources from src\main\resources to target\classes
2026-05-31 16:35:12,772 [Worker-25: Building] WARN  o.a.m.s.f.DefaultMavenResourcesFiltering - Using platform encoding (UTF-8 actually) to copy filtered resources, i.e. build is platform dependent!
2026-05-31 16:35:12,775 [Worker-25: Building] INFO  o.a.m.s.f.DefaultMavenResourcesFiltering - Copying 0 resource from src\test\resources to target\test-classes
2026-05-31 16:35:12,776 [Worker-25: Building] INFO  o.e.m.w.i.f.ResourceFilteringBuildParticipant - Changed resources require a complete clean of filtered resources of Note_Taker
2026-05-31 16:35:12,781 [Worker-25: Building] INFO  o.e.m.w.i.f.ResourceFilteringBuildParticipant - Executing resource filtering for Note_Taker
2026-05-31 16:35:13,399 [Worker-25: Building] INFO  o.a.m.s.f.DefaultMavenResourcesFiltering - Copying 1 resource from src\main\resources to target\classes
2026-05-31 16:35:13,412 [Worker-25: Building] INFO  o.a.m.s.f.DefaultMavenResourcesFiltering - skip non existing resourceDirectory D:\Java_Project\Online_Expanse_Tracker\src\test\resources
2026-05-31 16:35:13,413 [Worker-25: Building] INFO  o.e.m.w.i.f.ResourceFilteringBuildParticipant - Changed resources require a complete clean of filtered resources of Online_Expanse_Tracker
2026-05-31 16:35:13,414 [Worker-25: Building] INFO  o.e.m.w.i.f.ResourceFilteringBuildParticipant - Executing resource filtering for Online_Expanse_Tracker
2026-05-31 16:35:14,234 [Worker-25: Building] INFO  o.a.m.s.f.DefaultMavenResourcesFiltering - Copying 1 resource from src\main\resources to target\classes
2026-05-31 16:35:14,247 [Worker-25: Building] INFO  o.a.m.s.f.DefaultMavenResourcesFiltering - Copying 0 resource from src\test\resources to target\test-classes
2026-05-31 16:35:14,247 [Worker-25: Building] INFO  o.e.m.w.i.f.ResourceFilteringBuildParticipant - Changed resources require a complete clean of filtered resources of Registraion_Form
2026-05-31 16:35:14,247 [Worker-25: Building] INFO  o.e.m.w.i.f.ResourceFilteringBuildParticipant - Executing resource filtering for Registraion_Form
2026-05-31 16:35:14,651 [Worker-25: Building] WARN  o.a.m.s.f.DefaultMavenResourcesFiltering - Using platform encoding (UTF-8 actually) to copy filtered resources, i.e. build is platform dependent!
2026-05-31 16:35:14,651 [Worker-25: Building] INFO  o.a.m.s.f.DefaultMavenResourcesFiltering - Copying 0 resource from src\main\resources to target\classes
2026-05-31 16:35:14,664 [Worker-25: Building] WARN  o.a.m.s.f.DefaultMavenResourcesFiltering - Using platform encoding (UTF-8 actually) to copy filtered resources, i.e. build is platform dependent!
2026-05-31 16:35:14,664 [Worker-25: Building] INFO  o.a.m.s.f.DefaultMavenResourcesFiltering - Copying 0 resource from src\test\resources to target\test-classes
2026-05-31 16:35:14,669 [Worker-25: Building] INFO  o.e.m.w.i.f.ResourceFilteringBuildParticipant - Changed resources require a complete clean of filtered resources of Search_App
2026-05-31 16:35:14,669 [Worker-25: Building] INFO  o.e.m.w.i.f.ResourceFilteringBuildParticipant - Executing resource filtering for Search_App
2026-05-31 16:35:43,853 [Worker-29: Updating Maven Project] INFO  o.e.m.c.i.p.ProjectConfigurationManager - Update started
2026-05-31 16:35:44,939 [Worker-29: Updating Maven Project] INFO  o.e.m.c.i.l.LifecycleMappingFactory - Using org.maven.ide.eclipse.wtp.WarLifecycleMapping lifecycle mapping for MavenProject: com.tracker:Online_Expanse_Tracker:0.0.1-SNAPSHOT @ D:\Java_Project\Online_Expanse_Tracker\pom.xml.
2026-05-31 16:35:45,481 [Worker-29: Updating Maven Project] INFO  o.e.m.c.i.l.LifecycleMappingFactory - Using org.maven.ide.eclipse.wtp.WarLifecycleMapping lifecycle mapping for MavenProject: com.form:Registration_Form:0.0.1-SNAPSHOT @ D:\Java_Project\Registraion_Form\pom.xml.
2026-05-31 16:35:45,808 [Worker-29: Updating Maven Project] INFO  o.e.m.c.i.l.LifecycleMappingFactory - Using org.maven.ide.eclipse.wtp.WarLifecycleMapping lifecycle mapping for MavenProject: com.todo:NoteTaker:0.0.1-SNAPSHOT @ D:\Java_Project\Note_Taker\pom.xml.
2026-05-31 16:35:45,955 [Worker-29: Updating Maven Project] INFO  o.e.m.c.i.l.LifecycleMappingFactory - Using org.maven.ide.eclipse.wtp.WarLifecycleMapping lifecycle mapping for MavenProject: com.searchapp:SearchApp:0.0.1-SNAPSHOT @ D:\Java_Project\Search_App\pom.xml.
2026-05-31 16:35:49,721 [Worker-29: Updating Maven Project] INFO  o.e.m.j.i.AbstractJavaProjectConfigurator - Adding source folder /Online_Expanse_Tracker/src/main/java
2026-05-31 16:35:49,729 [Worker-29: Updating Maven Project] INFO  o.e.m.j.i.AbstractJavaProjectConfigurator - Adding resource folder /Online_Expanse_Tracker/src/main/resources
2026-05-31 16:35:49,733 [Worker-29: Updating Maven Project] INFO  o.e.m.j.i.AbstractJavaProjectConfigurator - Adding source folder /Online_Expanse_Tracker/src/test/java
2026-05-31 16:35:49,738 [Worker-29: Updating Maven Project] INFO  o.e.m.j.i.AbstractJavaProjectConfigurator - Adding resource folder /Online_Expanse_Tracker/src/test/resources
2026-05-31 16:35:51,000 [Worker-29: Updating Maven Project] INFO  o.e.m.w.i.f.ResourceFilteringBuildParticipant - Cleaning filtered folder for Online_Expanse_Tracker
2026-05-31 16:35:51,051 [Worker-29: Updating Maven Project] INFO  o.e.m.c.i.p.ProjectConfigurationManager - Update completed for 1 poms: local refresh takes 0.00 sec, refresh facades takes 5.00 sec, update config takes 1.00 sec 
2026-05-31 16:35:51,642 [Worker-30: Building] INFO  o.a.m.s.f.DefaultMavenResourcesFiltering - Copying 1 resource from src\main\resources to target\classes
2026-05-31 16:35:51,671 [Worker-30: Building] INFO  o.a.m.s.f.DefaultMavenResourcesFiltering - skip non existing resourceDirectory D:\Java_Project\Online_Expanse_Tracker\src\test\resources
2026-05-31 16:35:51,672 [Worker-30: Building] INFO  o.e.m.w.i.f.ResourceFilteringBuildParticipant - Changed resources require a complete clean of filtered resources of Online_Expanse_Tracker
2026-05-31 16:35:51,672 [Worker-30: Building] INFO  o.e.m.w.i.f.ResourceFilteringBuildParticipant - Executing resource filtering for Online_Expanse_Tracker
2026-05-31 16:44:35,390 [Worker-26: Building] INFO  o.a.m.s.f.DefaultMavenResourcesFiltering - Copying 0 resource from src\main\resources to target\classes
2026-05-31 16:44:35,398 [Worker-26: Building] INFO  o.a.m.s.f.DefaultMavenResourcesFiltering - skip non existing resourceDirectory D:\Java_Project\Online_Expanse_Tracker\src\test\resources
2026-05-31 16:45:48,098 [Worker-29: Building] INFO  o.a.m.s.f.DefaultMavenResourcesFiltering - Copying 0 resource from src\main\resources to target\classes
2026-05-31 16:45:48,107 [Worker-29: Building] INFO  o.a.m.s.f.DefaultMavenResourcesFiltering - skip non existing resourceDirectory D:\Java_Project\Online_Expanse_Tracker\src\test\resources
2026-05-31 16:54:31,935 [Worker-29: Building] INFO  o.a.m.s.f.DefaultMavenResourcesFiltering - Copying 0 resource from src\main\resources to target\classes
2026-05-31 16:54:31,941 [Worker-29: Building] INFO  o.a.m.s.f.DefaultMavenResourcesFiltering - skip non existing resourceDirectory D:\Java_Project\Online_Expanse_Tracker\src\test\resources
2026-05-31 16:54:37,490 [Worker-26: Building] INFO  o.a.m.s.f.DefaultMavenResourcesFiltering - Copying 0 resource from src\main\resources to target\classes
2026-05-31 16:54:37,495 [Worker-26: Building] INFO  o.a.m.s.f.DefaultMavenResourcesFiltering - skip non existing resourceDirectory D:\Java_Project\Online_Expanse_Tracker\src\test\resources
2026-05-31 16:56:29,675 [Worker-24: Building] INFO  o.a.m.s.f.DefaultMavenResourcesFiltering - Copying 0 resource from src\main\resources to target\classes
2026-05-31 16:56:29,682 [Worker-24: Building] INFO  o.a.m.s.f.DefaultMavenResourcesFiltering - skip non existing resourceDirectory D:\Java_Project\Online_Expanse_Tracker\src\test\resources
2026-05-31 16:59:09,336 [Worker-32: Building] INFO  o.a.m.s.f.DefaultMavenResourcesFiltering - Copying 0 resource from src\main\resources to target\classes
2026-05-31 16:59:09,343 [Worker-32: Building] INFO  o.a.m.s.f.DefaultMavenResourcesFiltering - skip non existing resourceDirectory D:\Java_Project\Online_Expanse_Tracker\src\test\resources
2026-05-31 17:04:02,810 [Worker-0: Building] INFO  o.a.m.s.f.DefaultMavenResourcesFiltering - Copying 0 resource from src\main\resources to target\classes
2026-05-31 17:04:02,820 [Worker-0: Building] INFO  o.a.m.s.f.DefaultMavenResourcesFiltering - skip non existing resourceDirectory D:\Java_Project\Online_Expanse_Tracker\src\test\resources
2026-05-31 17:05:14,021 [Worker-26: Building] INFO  o.a.m.s.f.DefaultMavenResourcesFiltering - Copying 0 resource from src\main\resources to target\classes
2026-05-31 17:05:14,026 [Worker-26: Building] INFO  o.a.m.s.f.DefaultMavenResourcesFiltering - skip non existing resourceDirectory D:\Java_Project\Online_Expanse_Tracker\src\test\resources
2026-05-31 17:07:14,800 [Worker-26: Building] INFO  o.a.m.s.f.DefaultMavenResourcesFiltering - Copying 0 resource from src\main\resources to target\classes
2026-05-31 17:07:14,807 [Worker-26: Building] INFO  o.a.m.s.f.DefaultMavenResourcesFiltering - skip non existing resourceDirectory D:\Java_Project\Online_Expanse_Tracker\src\test\resources
2026-05-31 17:10:31,378 [Worker-27: Building] INFO  o.a.m.s.f.DefaultMavenResourcesFiltering - Copying 0 resource from src\main\resources to target\classes
2026-05-31 17:10:31,384 [Worker-27: Building] INFO  o.a.m.s.f.DefaultMavenResourcesFiltering - skip non existing resourceDirectory D:\Java_Project\Online_Expanse_Tracker\src\test\resources
2026-05-31 17:11:05,526 [Worker-0: Building] INFO  o.a.m.s.f.DefaultMavenResourcesFiltering - Copying 0 resource from src\main\resources to target\classes
2026-05-31 17:11:05,532 [Worker-0: Building] INFO  o.a.m.s.f.DefaultMavenResourcesFiltering - skip non existing resourceDirectory D:\Java_Project\Online_Expanse_Tracker\src\test\resources
2026-05-31 17:15:55,598 [Worker-26: Building] INFO  o.a.m.s.f.DefaultMavenResourcesFiltering - Copying 0 resource from src\main\resources to target\classes
2026-05-31 17:15:55,603 [Worker-26: Building] INFO  o.a.m.s.f.DefaultMavenResourcesFiltering - skip non existing resourceDirectory D:\Java_Project\Online_Expanse_Tracker\src\test\resources
2026-05-31 17:17:53,351 [Worker-28: Building] INFO  o.a.m.s.f.DefaultMavenResourcesFiltering - Copying 0 resource from src\main\resources to target\classes
2026-05-31 17:17:53,356 [Worker-28: Building] INFO  o.a.m.s.f.DefaultMavenResourcesFiltering - skip non existing resourceDirectory D:\Java_Project\Online_Expanse_Tracker\src\test\resources
2026-05-31 17:18:13,531 [Worker-30: Building] INFO  o.a.m.s.f.DefaultMavenResourcesFiltering - Copying 0 resource from src\main\resources to target\classes
2026-05-31 17:18:13,535 [Worker-30: Building] INFO  o.a.m.s.f.DefaultMavenResourcesFiltering - skip non existing resourceDirectory D:\Java_Project\Online_Expanse_Tracker\src\test\resources
2026-05-31 17:18:15,925 [Worker-11: Building] INFO  o.a.m.s.f.DefaultMavenResourcesFiltering - Copying 0 resource from src\main\resources to target\classes
2026-05-31 17:18:15,931 [Worker-11: Building] INFO  o.a.m.s.f.DefaultMavenResourcesFiltering - skip non existing resourceDirectory D:\Java_Project\Online_Expanse_Tracker\src\test\resources
2026-05-31 17:18:54,405 [Worker-33: Building] INFO  o.a.m.s.f.DefaultMavenResourcesFiltering - Copying 0 resource from src\main\resources to target\classes
2026-05-31 17:18:54,411 [Worker-33: Building] INFO  o.a.m.s.f.DefaultMavenResourcesFiltering - skip non existing resourceDirectory D:\Java_Project\Online_Expanse_Tracker\src\test\resources
2026-05-31 17:19:25,043 [Worker-11: Building] INFO  o.a.m.s.f.DefaultMavenResourcesFiltering - Copying 0 resource from src\main\resources to target\classes
2026-05-31 17:19:25,047 [Worker-11: Building] INFO  o.a.m.s.f.DefaultMavenResourcesFiltering - skip non existing resourceDirectory D:\Java_Project\Online_Expanse_Tracker\src\test\resources
2026-05-31 17:22:22,789 [Worker-32: Building] INFO  o.a.m.s.f.DefaultMavenResourcesFiltering - Copying 1 resource from src\main\resources to target\classes
2026-05-31 17:22:22,800 [Worker-32: Building] INFO  o.a.m.s.f.DefaultMavenResourcesFiltering - skip non existing resourceDirectory D:\Java_Project\Online_Expanse_Tracker\src\test\resources
2026-05-31 17:24:15,898 [Start Help Server] INFO  org.eclipse.jetty.server.Server - jetty-12.0.21; built: 2025-05-09T00:32:00.688Z; git: 1c4719601e31b05b7d68910d2edd980259f1f53c; jvm 21.0.8+9-LTS
2026-05-31 17:24:16,471 [Start Help Server] INFO  o.e.j.server.handler.ContextHandler - Started oeje8n.ContextHandler$CoreContextHandler@41eaf301{/help,/help,b=null,a=AVAILABLE,h=oeje8n.ContextHandler$CoreContextHandler$CoreToNestedHandler@24edca48{STARTED}}
2026-05-31 17:24:16,475 [Start Help Server] INFO  o.e.j.s.DefaultSessionIdManager - Session workerName=node0
2026-05-31 17:24:16,703 [Start Help Server] INFO  o.e.jetty.server.AbstractConnector - Started ServerConnector@7da0f468{HTTP/1.1, (http/1.1)}{127.0.0.1:58215}
2026-05-31 17:24:16,895 [Start Help Server] INFO  org.eclipse.jetty.server.Server - Started oejs.Server@7a4c09ad{STARTING}[12.0.21,sto=0] @3727998ms
2026-05-31 17:25:29,110 [Worker-28: Building] INFO  o.a.m.s.f.DefaultMavenResourcesFiltering - Copying 1 resource from src\main\resources to target\classes
2026-05-31 17:25:29,118 [Worker-28: Building] INFO  o.a.m.s.f.DefaultMavenResourcesFiltering - skip non existing resourceDirectory D:\Java_Project\Online_Expanse_Tracker\src\test\resources
2026-05-31 17:30:50,633 [Worker-33: Building] INFO  o.a.m.s.f.DefaultMavenResourcesFiltering - Copying 1 resource from src\main\resources to target\classes
2026-05-31 17:30:50,645 [Worker-33: Building] INFO  o.a.m.s.f.DefaultMavenResourcesFiltering - skip non existing resourceDirectory D:\Java_Project\Online_Expanse_Tracker\src\test\resources
2026-05-31 17:33:51,131 [Worker-28: Building] INFO  o.a.m.s.f.DefaultMavenResourcesFiltering - Copying 0 resource from src\main\resources to target\classes
2026-05-31 17:33:51,142 [Worker-28: Building] INFO  o.a.m.s.f.DefaultMavenResourcesFiltering - skip non existing resourceDirectory D:\Java_Project\Online_Expanse_Tracker\src\test\resources
2026-05-31 17:35:32,768 [Worker-29: Building] INFO  o.a.m.s.f.DefaultMavenResourcesFiltering - Copying 1 resource from src\main\resources to target\classes
2026-05-31 17:35:32,776 [Worker-29: Building] INFO  o.a.m.s.f.DefaultMavenResourcesFiltering - skip non existing resourceDirectory D:\Java_Project\Online_Expanse_Tracker\src\test\resources
2026-05-31 17:41:04,377 [Worker-26: Building] INFO  o.a.m.s.f.DefaultMavenResourcesFiltering - Copying 1 resource from src\main\resources to target\classes
2026-05-31 17:41:04,383 [Worker-26: Building] INFO  o.a.m.s.f.DefaultMavenResourcesFiltering - skip non existing resourceDirectory D:\Java_Project\Online_Expanse_Tracker\src\test\resources
2026-05-31 17:44:57,691 [Stop Help Server] INFO  org.eclipse.jetty.server.Server - Stopped oejs.Server@7a4c09ad{STOPPING}[12.0.21,sto=0]
2026-05-31 17:44:57,703 [Stop Help Server] INFO  o.e.jetty.server.AbstractConnector - Stopped ServerConnector@7da0f468{HTTP/1.1, (http/1.1)}{127.0.0.1:0}
2026-05-31 18:38:14,250 [Worker-7: Loading available Gradle versions] INFO  o.e.b.c.i.u.g.PublishedGradleVersions - Gradle version information cache is up-to-date. Trying to read.
2026-05-31 18:40:27,148 [Worker-24: Building] INFO  o.a.m.s.f.DefaultMavenResourcesFiltering - Copying 1 resource from src\main\resources to target\classes
2026-05-31 18:40:27,170 [Worker-24: Building] INFO  o.a.m.s.f.DefaultMavenResourcesFiltering - skip non existing resourceDirectory D:\Java_Project\Online_Expanse_Tracker\src\test\resources
2026-05-31 18:41:28,464 [Worker-18: Building] INFO  o.a.m.s.f.DefaultMavenResourcesFiltering - Copying 1 resource from src\main\resources to target\classes
2026-05-31 18:41:28,468 [Worker-18: Building] INFO  o.a.m.s.f.DefaultMavenResourcesFiltering - skip non existing resourceDirectory D:\Java_Project\Online_Expanse_Tracker\src\test\resources
2026-05-31 18:51:06,613 [Worker-16: Building] INFO  o.a.m.s.f.DefaultMavenResourcesFiltering - Copying 0 resource from src\main\resources to target\classes
2026-05-31 18:51:06,620 [Worker-16: Building] INFO  o.a.m.s.f.DefaultMavenResourcesFiltering - skip non existing resourceDirectory D:\Java_Project\Online_Expanse_Tracker\src\test\resources
2026-05-31 18:52:43,835 [Worker-22: Building] INFO  o.a.m.s.f.DefaultMavenResourcesFiltering - Copying 1 resource from src\main\resources to target\classes
2026-05-31 18:52:43,841 [Worker-22: Building] INFO  o.a.m.s.f.DefaultMavenResourcesFiltering - skip non existing resourceDirectory D:\Java_Project\Online_Expanse_Tracker\src\test\resources
2026-05-31 18:54:00,692 [Worker-21: Building] INFO  o.a.m.s.f.DefaultMavenResourcesFiltering - Copying 0 resource from src\main\resources to target\classes
2026-05-31 18:54:00,698 [Worker-21: Building] INFO  o.a.m.s.f.DefaultMavenResourcesFiltering - skip non existing resourceDirectory D:\Java_Project\Online_Expanse_Tracker\src\test\resources
2026-05-31 18:56:32,578 [Start Help Server] INFO  org.eclipse.jetty.server.Server - jetty-12.0.21; built: 2025-05-09T00:32:00.688Z; git: 1c4719601e31b05b7d68910d2edd980259f1f53c; jvm 21.0.8+9-LTS
2026-05-31 18:56:32,778 [Start Help Server] INFO  o.e.j.server.handler.ContextHandler - Started oeje8n.ContextHandler$CoreContextHandler@65f10007{/help,/help,b=null,a=AVAILABLE,h=oeje8n.ContextHandler$CoreContextHandler$CoreToNestedHandler@6de1d137{STARTED}}
2026-05-31 18:56:32,782 [Start Help Server] INFO  o.e.j.s.DefaultSessionIdManager - Session workerName=node0
2026-05-31 18:56:32,834 [Start Help Server] INFO  o.e.jetty.server.AbstractConnector - Started ServerConnector@4172b70b{HTTP/1.1, (http/1.1)}{127.0.0.1:53150}
2026-05-31 18:56:32,886 [Start Help Server] INFO  org.eclipse.jetty.server.Server - Started oejs.Server@306e5ec7{STARTING}[12.0.21,sto=0] @1138080ms
2026-05-31 18:56:33,947 [Worker-7: Building] INFO  o.a.m.s.f.DefaultMavenResourcesFiltering - Copying 1 resource from src\main\resources to target\classes
2026-05-31 18:56:33,953 [Worker-7: Building] INFO  o.a.m.s.f.DefaultMavenResourcesFiltering - skip non existing resourceDirectory D:\Java_Project\Online_Expanse_Tracker\src\test\resources
2026-05-31 18:56:36,156 [Worker-20: Building] INFO  o.a.m.s.f.DefaultMavenResourcesFiltering - Copying 1 resource from src\main\resources to target\classes
2026-05-31 18:56:36,164 [Worker-20: Building] INFO  o.a.m.s.f.DefaultMavenResourcesFiltering - skip non existing resourceDirectory D:\Java_Project\Online_Expanse_Tracker\src\test\resources
2026-05-31 19:44:06,246 [Worker-21: Building] INFO  o.a.m.s.f.DefaultMavenResourcesFiltering - Copying 0 resource from src\main\resources to target\classes
2026-05-31 19:44:06,250 [Worker-21: Building] INFO  o.a.m.s.f.DefaultMavenResourcesFiltering - skip non existing resourceDirectory D:\Java_Project\Online_Expanse_Tracker\src\test\resources
2026-05-31 19:46:02,934 [Worker-19: Building] INFO  o.a.m.s.f.DefaultMavenResourcesFiltering - Copying 0 resource from src\main\resources to target\classes
2026-05-31 19:46:02,937 [Worker-19: Building] INFO  o.a.m.s.f.DefaultMavenResourcesFiltering - skip non existing resourceDirectory D:\Java_Project\Online_Expanse_Tracker\src\test\resources
2026-05-31 19:47:35,080 [Worker-18: Building] INFO  o.a.m.s.f.DefaultMavenResourcesFiltering - Copying 0 resource from src\main\resources to target\classes
2026-05-31 19:47:35,083 [Worker-18: Building] INFO  o.a.m.s.f.DefaultMavenResourcesFiltering - skip non existing resourceDirectory D:\Java_Project\Online_Expanse_Tracker\src\test\resources
2026-05-31 19:49:44,451 [Worker-22: Building] INFO  o.a.m.s.f.DefaultMavenResourcesFiltering - Copying 0 resource from src\main\resources to target\classes
2026-05-31 19:49:44,453 [Worker-22: Building] INFO  o.a.m.s.f.DefaultMavenResourcesFiltering - skip non existing resourceDirectory D:\Java_Project\Online_Expanse_Tracker\src\test\resources
2026-05-31 19:50:55,771 [Worker-22: Building] INFO  o.a.m.s.f.DefaultMavenResourcesFiltering - Copying 0 resource from src\main\resources to target\classes
2026-05-31 19:50:55,774 [Worker-22: Building] INFO  o.a.m.s.f.DefaultMavenResourcesFiltering - skip non existing resourceDirectory D:\Java_Project\Online_Expanse_Tracker\src\test\resources
2026-05-31 19:51:30,125 [Worker-5: Building] INFO  o.a.m.s.f.DefaultMavenResourcesFiltering - Copying 0 resource from src\main\resources to target\classes
2026-05-31 19:51:30,128 [Worker-5: Building] INFO  o.a.m.s.f.DefaultMavenResourcesFiltering - skip non existing resourceDirectory D:\Java_Project\Online_Expanse_Tracker\src\test\resources
2026-05-31 19:51:43,578 [Worker-22: Building] INFO  o.a.m.s.f.DefaultMavenResourcesFiltering - Copying 0 resource from src\main\resources to target\classes
2026-05-31 19:51:43,581 [Worker-22: Building] INFO  o.a.m.s.f.DefaultMavenResourcesFiltering - skip non existing resourceDirectory D:\Java_Project\Online_Expanse_Tracker\src\test\resources
2026-05-31 19:51:51,557 [Worker-1: Building] INFO  o.a.m.s.f.DefaultMavenResourcesFiltering - Copying 0 resource from src\main\resources to target\classes
2026-05-31 19:51:51,559 [Worker-1: Building] INFO  o.a.m.s.f.DefaultMavenResourcesFiltering - skip non existing resourceDirectory D:\Java_Project\Online_Expanse_Tracker\src\test\resources
2026-05-31 19:52:12,753 [Worker-17: Building] INFO  o.a.m.s.f.DefaultMavenResourcesFiltering - Copying 0 resource from src\main\resources to target\classes
2026-05-31 19:52:12,756 [Worker-17: Building] INFO  o.a.m.s.f.DefaultMavenResourcesFiltering - skip non existing resourceDirectory D:\Java_Project\Online_Expanse_Tracker\src\test\resources
2026-05-31 19:52:30,616 [Worker-5: Building] INFO  o.a.m.s.f.DefaultMavenResourcesFiltering - Copying 0 resource from src\main\resources to target\classes
2026-05-31 19:52:30,619 [Worker-5: Building] INFO  o.a.m.s.f.DefaultMavenResourcesFiltering - skip non existing resourceDirectory D:\Java_Project\Online_Expanse_Tracker\src\test\resources
2026-05-31 19:52:44,698 [Worker-6: Building] INFO  o.a.m.s.f.DefaultMavenResourcesFiltering - Copying 0 resource from src\main\resources to target\classes
2026-05-31 19:52:44,700 [Worker-6: Building] INFO  o.a.m.s.f.DefaultMavenResourcesFiltering - skip non existing resourceDirectory D:\Java_Project\Online_Expanse_Tracker\src\test\resources
2026-05-31 19:53:19,344 [Worker-21: Building] INFO  o.a.m.s.f.DefaultMavenResourcesFiltering - Copying 0 resource from src\main\resources to target\classes
2026-05-31 19:53:19,346 [Worker-21: Building] INFO  o.a.m.s.f.DefaultMavenResourcesFiltering - skip non existing resourceDirectory D:\Java_Project\Online_Expanse_Tracker\src\test\resources
2026-05-31 19:54:38,142 [Worker-15: Building] INFO  o.a.m.s.f.DefaultMavenResourcesFiltering - Copying 0 resource from src\main\resources to target\classes
2026-05-31 19:54:38,144 [Worker-15: Building] INFO  o.a.m.s.f.DefaultMavenResourcesFiltering - skip non existing resourceDirectory D:\Java_Project\Online_Expanse_Tracker\src\test\resources
2026-05-31 19:54:47,406 [Worker-1: Building] INFO  o.a.m.s.f.DefaultMavenResourcesFiltering - Copying 0 resource from src\main\resources to target\classes
2026-05-31 19:54:47,408 [Worker-1: Building] INFO  o.a.m.s.f.DefaultMavenResourcesFiltering - skip non existing resourceDirectory D:\Java_Project\Online_Expanse_Tracker\src\test\resources
2026-05-31 19:55:07,582 [Worker-1: Building] INFO  o.a.m.s.f.DefaultMavenResourcesFiltering - Copying 0 resource from src\main\resources to target\classes
2026-05-31 19:55:07,584 [Worker-1: Building] INFO  o.a.m.s.f.DefaultMavenResourcesFiltering - skip non existing resourceDirectory D:\Java_Project\Online_Expanse_Tracker\src\test\resources
2026-05-31 20:00:01,117 [Worker-17: Cleaning all projects] INFO  o.e.m.w.i.f.ResourceFilteringBuildParticipant - Cleaning filtered folder for Note_Taker
2026-05-31 20:00:01,150 [Worker-17: Cleaning all projects] INFO  o.e.m.w.i.f.ResourceFilteringBuildParticipant - Cleaning filtered folder for Online_Expanse_Tracker
2026-05-31 20:00:01,180 [Worker-17: Cleaning all projects] INFO  o.e.m.w.i.f.ResourceFilteringBuildParticipant - Cleaning filtered folder for Registraion_Form
2026-05-31 20:00:01,212 [Worker-17: Cleaning all projects] INFO  o.e.m.w.i.f.ResourceFilteringBuildParticipant - Cleaning filtered folder for Search_App
2026-05-31 20:00:01,605 [Worker-18: Building] WARN  o.a.m.s.f.DefaultMavenResourcesFiltering - Using platform encoding (UTF-8 actually) to copy filtered resources, i.e. build is platform dependent!
2026-05-31 20:00:01,606 [Worker-18: Building] INFO  o.a.m.s.f.DefaultMavenResourcesFiltering - Copying 2 resources from src\main\resources to target\classes
2026-05-31 20:00:01,619 [Worker-18: Building] WARN  o.a.m.s.f.DefaultMavenResourcesFiltering - Using platform encoding (UTF-8 actually) to copy filtered resources, i.e. build is platform dependent!
2026-05-31 20:00:01,620 [Worker-18: Building] INFO  o.a.m.s.f.DefaultMavenResourcesFiltering - Copying 0 resource from src\test\resources to target\test-classes
2026-05-31 20:00:01,620 [Worker-18: Building] INFO  o.e.m.w.i.f.ResourceFilteringBuildParticipant - Changed resources require a complete clean of filtered resources of Note_Taker
2026-05-31 20:00:01,623 [Worker-18: Building] INFO  o.e.m.w.i.f.ResourceFilteringBuildParticipant - Executing resource filtering for Note_Taker
2026-05-31 20:00:01,948 [Worker-18: Building] INFO  o.a.m.s.f.DefaultMavenResourcesFiltering - Copying 1 resource from src\main\resources to target\classes
2026-05-31 20:00:01,955 [Worker-18: Building] INFO  o.a.m.s.f.DefaultMavenResourcesFiltering - skip non existing resourceDirectory D:\Java_Project\Online_Expanse_Tracker\src\test\resources
2026-05-31 20:00:01,956 [Worker-18: Building] INFO  o.e.m.w.i.f.ResourceFilteringBuildParticipant - Changed resources require a complete clean of filtered resources of Online_Expanse_Tracker
2026-05-31 20:00:01,956 [Worker-18: Building] INFO  o.e.m.w.i.f.ResourceFilteringBuildParticipant - Executing resource filtering for Online_Expanse_Tracker
2026-05-31 20:00:02,260 [Worker-18: Building] INFO  o.a.m.s.f.DefaultMavenResourcesFiltering - Copying 1 resource from src\main\resources to target\classes
2026-05-31 20:00:02,265 [Worker-18: Building] INFO  o.a.m.s.f.DefaultMavenResourcesFiltering - Copying 0 resource from src\test\resources to target\test-classes
2026-05-31 20:00:02,265 [Worker-18: Building] INFO  o.e.m.w.i.f.ResourceFilteringBuildParticipant - Changed resources require a complete clean of filtered resources of Registraion_Form
2026-05-31 20:00:02,265 [Worker-18: Building] INFO  o.e.m.w.i.f.ResourceFilteringBuildParticipant - Executing resource filtering for Registraion_Form
2026-05-31 20:00:02,408 [Worker-18: Building] WARN  o.a.m.s.f.DefaultMavenResourcesFiltering - Using platform encoding (UTF-8 actually) to copy filtered resources, i.e. build is platform dependent!
2026-05-31 20:00:02,409 [Worker-18: Building] INFO  o.a.m.s.f.DefaultMavenResourcesFiltering - Copying 0 resource from src\main\resources to target\classes
2026-05-31 20:00:02,412 [Worker-18: Building] WARN  o.a.m.s.f.DefaultMavenResourcesFiltering - Using platform encoding (UTF-8 actually) to copy filtered resources, i.e. build is platform dependent!
2026-05-31 20:00:02,413 [Worker-18: Building] INFO  o.a.m.s.f.DefaultMavenResourcesFiltering - Copying 0 resource from src\test\resources to target\test-classes
2026-05-31 20:00:02,414 [Worker-18: Building] INFO  o.e.m.w.i.f.ResourceFilteringBuildParticipant - Changed resources require a complete clean of filtered resources of Search_App
2026-05-31 20:00:02,414 [Worker-18: Building] INFO  o.e.m.w.i.f.ResourceFilteringBuildParticipant - Executing resource filtering for Search_App
2026-05-31 20:00:07,791 [Worker-21: Updating Maven Project] INFO  o.e.m.c.i.p.ProjectConfigurationManager - Update started
2026-05-31 20:00:08,622 [Worker-21: Updating Maven Project] INFO  o.e.m.c.i.l.LifecycleMappingFactory - Using org.maven.ide.eclipse.wtp.WarLifecycleMapping lifecycle mapping for MavenProject: com.tracker:Online_Expanse_Tracker:0.0.1-SNAPSHOT @ D:\Java_Project\Online_Expanse_Tracker\pom.xml.
2026-05-31 20:00:08,932 [Worker-21: Updating Maven Project] INFO  o.e.m.c.i.l.LifecycleMappingFactory - Using org.maven.ide.eclipse.wtp.WarLifecycleMapping lifecycle mapping for MavenProject: com.form:Registration_Form:0.0.1-SNAPSHOT @ D:\Java_Project\Registraion_Form\pom.xml.
2026-05-31 20:00:09,139 [Worker-21: Updating Maven Project] INFO  o.e.m.c.i.l.LifecycleMappingFactory - Using org.maven.ide.eclipse.wtp.WarLifecycleMapping lifecycle mapping for MavenProject: com.todo:NoteTaker:0.0.1-SNAPSHOT @ D:\Java_Project\Note_Taker\pom.xml.
2026-05-31 20:00:09,246 [Worker-21: Updating Maven Project] INFO  o.e.m.c.i.l.LifecycleMappingFactory - Using org.maven.ide.eclipse.wtp.WarLifecycleMapping lifecycle mapping for MavenProject: com.searchapp:SearchApp:0.0.1-SNAPSHOT @ D:\Java_Project\Search_App\pom.xml.
2026-05-31 20:00:11,563 [Worker-21: Updating Maven Project] INFO  o.e.m.j.i.AbstractJavaProjectConfigurator - Adding source folder /Online_Expanse_Tracker/src/main/java
2026-05-31 20:00:11,569 [Worker-21: Updating Maven Project] INFO  o.e.m.j.i.AbstractJavaProjectConfigurator - Adding resource folder /Online_Expanse_Tracker/src/main/resources
2026-05-31 20:00:11,570 [Worker-21: Updating Maven Project] INFO  o.e.m.j.i.AbstractJavaProjectConfigurator - Adding source folder /Online_Expanse_Tracker/src/test/java
2026-05-31 20:00:11,572 [Worker-21: Updating Maven Project] INFO  o.e.m.j.i.AbstractJavaProjectConfigurator - Adding resource folder /Online_Expanse_Tracker/src/test/resources
2026-05-31 20:00:12,082 [Worker-21: Updating Maven Project] INFO  o.e.m.w.i.f.ResourceFilteringBuildParticipant - Cleaning filtered folder for Online_Expanse_Tracker
2026-05-31 20:00:12,100 [Worker-21: Updating Maven Project] INFO  o.e.m.c.i.p.ProjectConfigurationManager - Update completed for 1 poms: local refresh takes 0.00 sec, refresh facades takes 3.00 sec, update config takes 0.00 sec 
2026-05-31 20:00:12,459 [Worker-18: Building] INFO  o.a.m.s.f.DefaultMavenResourcesFiltering - Copying 1 resource from src\main\resources to target\classes
2026-05-31 20:00:12,477 [Worker-18: Building] INFO  o.a.m.s.f.DefaultMavenResourcesFiltering - skip non existing resourceDirectory D:\Java_Project\Online_Expanse_Tracker\src\test\resources
2026-05-31 20:00:12,478 [Worker-18: Building] INFO  o.e.m.w.i.f.ResourceFilteringBuildParticipant - Changed resources require a complete clean of filtered resources of Online_Expanse_Tracker
2026-05-31 20:00:12,478 [Worker-18: Building] INFO  o.e.m.w.i.f.ResourceFilteringBuildParticipant - Executing resource filtering for Online_Expanse_Tracker
2026-05-31 20:04:08,819 [Worker-15: Building] INFO  o.a.m.s.f.DefaultMavenResourcesFiltering - Copying 1 resource from src\main\resources to target\classes
2026-05-31 20:04:08,821 [Worker-15: Building] INFO  o.a.m.s.f.DefaultMavenResourcesFiltering - skip non existing resourceDirectory D:\Java_Project\Online_Expanse_Tracker\src\test\resources
2026-05-31 20:05:27,450 [Worker-6: Building] INFO  o.a.m.s.f.DefaultMavenResourcesFiltering - Copying 1 resource from src\main\resources to target\classes
2026-05-31 20:05:27,452 [Worker-6: Building] INFO  o.a.m.s.f.DefaultMavenResourcesFiltering - skip non existing resourceDirectory D:\Java_Project\Online_Expanse_Tracker\src\test\resources
2026-05-31 20:05:48,899 [Worker-13: Building] INFO  o.a.m.s.f.DefaultMavenResourcesFiltering - Copying 0 resource from src\main\resources to target\classes
2026-05-31 20:05:48,901 [Worker-13: Building] INFO  o.a.m.s.f.DefaultMavenResourcesFiltering - skip non existing resourceDirectory D:\Java_Project\Online_Expanse_Tracker\src\test\resources
2026-05-31 20:05:50,967 [Worker-18: Building] INFO  o.a.m.s.f.DefaultMavenResourcesFiltering - Copying 0 resource from src\main\resources to target\classes
2026-05-31 20:05:50,969 [Worker-18: Building] INFO  o.a.m.s.f.DefaultMavenResourcesFiltering - skip non existing resourceDirectory D:\Java_Project\Online_Expanse_Tracker\src\test\resources
2026-05-31 20:06:32,215 [Worker-1: Building] INFO  o.a.m.s.f.DefaultMavenResourcesFiltering - Copying 0 resource from src\main\resources to target\classes
2026-05-31 20:06:32,218 [Worker-1: Building] INFO  o.a.m.s.f.DefaultMavenResourcesFiltering - skip non existing resourceDirectory D:\Java_Project\Online_Expanse_Tracker\src\test\resources
2026-05-31 20:06:59,660 [Worker-5: Building] INFO  o.a.m.s.f.DefaultMavenResourcesFiltering - Copying 0 resource from src\main\resources to target\classes
2026-05-31 20:06:59,663 [Worker-5: Building] INFO  o.a.m.s.f.DefaultMavenResourcesFiltering - skip non existing resourceDirectory D:\Java_Project\Online_Expanse_Tracker\src\test\resources
2026-05-31 20:07:55,633 [Worker-6: Cleaning all projects] INFO  o.e.m.w.i.f.ResourceFilteringBuildParticipant - Cleaning filtered folder for Note_Taker
2026-05-31 20:07:55,661 [Worker-6: Cleaning all projects] INFO  o.e.m.w.i.f.ResourceFilteringBuildParticipant - Cleaning filtered folder for Online_Expanse_Tracker
2026-05-31 20:07:55,705 [Worker-6: Cleaning all projects] INFO  o.e.m.w.i.f.ResourceFilteringBuildParticipant - Cleaning filtered folder for Registraion_Form
2026-05-31 20:07:55,727 [Worker-6: Cleaning all projects] INFO  o.e.m.w.i.f.ResourceFilteringBuildParticipant - Cleaning filtered folder for Search_App
2026-05-31 20:07:55,969 [Worker-15: Building] WARN  o.a.m.s.f.DefaultMavenResourcesFiltering - Using platform encoding (UTF-8 actually) to copy filtered resources, i.e. build is platform dependent!
2026-05-31 20:07:55,970 [Worker-15: Building] INFO  o.a.m.s.f.DefaultMavenResourcesFiltering - Copying 2 resources from src\main\resources to target\classes
2026-05-31 20:07:55,977 [Worker-15: Building] WARN  o.a.m.s.f.DefaultMavenResourcesFiltering - Using platform encoding (UTF-8 actually) to copy filtered resources, i.e. build is platform dependent!
2026-05-31 20:07:55,978 [Worker-15: Building] INFO  o.a.m.s.f.DefaultMavenResourcesFiltering - Copying 0 resource from src\test\resources to target\test-classes
2026-05-31 20:07:55,978 [Worker-15: Building] INFO  o.e.m.w.i.f.ResourceFilteringBuildParticipant - Changed resources require a complete clean of filtered resources of Note_Taker
2026-05-31 20:07:55,979 [Worker-15: Building] INFO  o.e.m.w.i.f.ResourceFilteringBuildParticipant - Executing resource filtering for Note_Taker
2026-05-31 20:07:56,113 [Worker-15: Building] INFO  o.a.m.s.f.DefaultMavenResourcesFiltering - Copying 1 resource from src\main\resources to target\classes
2026-05-31 20:07:56,117 [Worker-15: Building] INFO  o.a.m.s.f.DefaultMavenResourcesFiltering - skip non existing resourceDirectory D:\Java_Project\Online_Expanse_Tracker\src\test\resources
2026-05-31 20:07:56,117 [Worker-15: Building] INFO  o.e.m.w.i.f.ResourceFilteringBuildParticipant - Changed resources require a complete clean of filtered resources of Online_Expanse_Tracker
2026-05-31 20:07:56,117 [Worker-15: Building] INFO  o.e.m.w.i.f.ResourceFilteringBuildParticipant - Executing resource filtering for Online_Expanse_Tracker
2026-05-31 20:07:56,288 [Worker-15: Building] INFO  o.a.m.s.f.DefaultMavenResourcesFiltering - Copying 1 resource from src\main\resources to target\classes
2026-05-31 20:07:56,293 [Worker-15: Building] INFO  o.a.m.s.f.DefaultMavenResourcesFiltering - Copying 0 resource from src\test\resources to target\test-classes
2026-05-31 20:07:56,294 [Worker-15: Building] INFO  o.e.m.w.i.f.ResourceFilteringBuildParticipant - Changed resources require a complete clean of filtered resources of Registraion_Form
2026-05-31 20:07:56,294 [Worker-15: Building] INFO  o.e.m.w.i.f.ResourceFilteringBuildParticipant - Executing resource filtering for Registraion_Form
2026-05-31 20:07:56,382 [Worker-15: Building] WARN  o.a.m.s.f.DefaultMavenResourcesFiltering - Using platform encoding (UTF-8 actually) to copy filtered resources, i.e. build is platform dependent!
2026-05-31 20:07:56,383 [Worker-15: Building] INFO  o.a.m.s.f.DefaultMavenResourcesFiltering - Copying 0 resource from src\main\resources to target\classes
2026-05-31 20:07:56,387 [Worker-15: Building] WARN  o.a.m.s.f.DefaultMavenResourcesFiltering - Using platform encoding (UTF-8 actually) to copy filtered resources, i.e. build is platform dependent!
2026-05-31 20:07:56,388 [Worker-15: Building] INFO  o.a.m.s.f.DefaultMavenResourcesFiltering - Copying 0 resource from src\test\resources to target\test-classes
2026-05-31 20:07:56,389 [Worker-15: Building] INFO  o.e.m.w.i.f.ResourceFilteringBuildParticipant - Changed resources require a complete clean of filtered resources of Search_App
2026-05-31 20:07:56,389 [Worker-15: Building] INFO  o.e.m.w.i.f.ResourceFilteringBuildParticipant - Executing resource filtering for Search_App
2026-05-31 20:12:35,456 [Worker-19: Building] INFO  o.a.m.s.f.DefaultMavenResourcesFiltering - Copying 0 resource from src\main\resources to target\classes
2026-05-31 20:12:35,459 [Worker-19: Building] INFO  o.a.m.s.f.DefaultMavenResourcesFiltering - skip non existing resourceDirectory D:\Java_Project\Online_Expanse_Tracker\src\test\resources
2026-05-31 20:12:45,084 [Worker-19: Building] INFO  o.a.m.s.f.DefaultMavenResourcesFiltering - Copying 0 resource from src\main\resources to target\classes
2026-05-31 20:12:45,085 [Worker-19: Building] INFO  o.a.m.s.f.DefaultMavenResourcesFiltering - skip non existing resourceDirectory D:\Java_Project\Online_Expanse_Tracker\src\test\resources
2026-05-31 20:12:59,121 [Worker-16: Building] INFO  o.a.m.s.f.DefaultMavenResourcesFiltering - Copying 0 resource from src\main\resources to target\classes
2026-05-31 20:12:59,123 [Worker-16: Building] INFO  o.a.m.s.f.DefaultMavenResourcesFiltering - skip non existing resourceDirectory D:\Java_Project\Online_Expanse_Tracker\src\test\resources
2026-05-31 20:13:18,244 [Worker-22: Building] INFO  o.a.m.s.f.DefaultMavenResourcesFiltering - Copying 0 resource from src\main\resources to target\classes
2026-05-31 20:13:18,247 [Worker-22: Building] INFO  o.a.m.s.f.DefaultMavenResourcesFiltering - skip non existing resourceDirectory D:\Java_Project\Online_Expanse_Tracker\src\test\resources
2026-05-31 20:13:28,195 [Worker-18: Building] INFO  o.a.m.s.f.DefaultMavenResourcesFiltering - Copying 0 resource from src\main\resources to target\classes
2026-05-31 20:13:28,197 [Worker-18: Building] INFO  o.a.m.s.f.DefaultMavenResourcesFiltering - skip non existing resourceDirectory D:\Java_Project\Online_Expanse_Tracker\src\test\resources
2026-05-31 20:13:37,234 [Worker-18: Building] INFO  o.a.m.s.f.DefaultMavenResourcesFiltering - Copying 0 resource from src\main\resources to target\classes
2026-05-31 20:13:37,237 [Worker-18: Building] INFO  o.a.m.s.f.DefaultMavenResourcesFiltering - skip non existing resourceDirectory D:\Java_Project\Online_Expanse_Tracker\src\test\resources
2026-05-31 20:17:02,244 [Worker-21: Building] INFO  o.a.m.s.f.DefaultMavenResourcesFiltering - Copying 0 resource from src\main\resources to target\classes
2026-05-31 20:17:02,246 [Worker-21: Building] INFO  o.a.m.s.f.DefaultMavenResourcesFiltering - skip non existing resourceDirectory D:\Java_Project\Online_Expanse_Tracker\src\test\resources
2026-05-31 20:17:17,999 [Worker-22: Building] INFO  o.a.m.s.f.DefaultMavenResourcesFiltering - Copying 0 resource from src\main\resources to target\classes
2026-05-31 20:17:18,001 [Worker-22: Building] INFO  o.a.m.s.f.DefaultMavenResourcesFiltering - skip non existing resourceDirectory D:\Java_Project\Online_Expanse_Tracker\src\test\resources
2026-05-31 20:18:07,948 [Worker-0: Building] INFO  o.a.m.s.f.DefaultMavenResourcesFiltering - Copying 0 resource from src\main\resources to target\classes
2026-05-31 20:18:07,950 [Worker-0: Building] INFO  o.a.m.s.f.DefaultMavenResourcesFiltering - skip non existing resourceDirectory D:\Java_Project\Online_Expanse_Tracker\src\test\resources
2026-05-31 20:21:13,769 [Stop Help Server] INFO  org.eclipse.jetty.server.Server - Stopped oejs.Server@306e5ec7{STOPPING}[12.0.21,sto=0]
2026-05-31 20:21:13,776 [Stop Help Server] INFO  o.e.jetty.server.AbstractConnector - Stopped ServerConnector@4172b70b{HTTP/1.1, (http/1.1)}{127.0.0.1:0}
2026-05-31 20:29:53,329 [Worker-1: Loading available Gradle versions] INFO  o.e.b.c.i.u.g.PublishedGradleVersions - Gradle version information cache is up-to-date. Trying to read.
2026-05-31 20:34:13,631 [Worker-27: Building] INFO  o.a.m.s.f.DefaultMavenResourcesFiltering - Copying 1 resource from src\main\resources to target\classes
2026-05-31 20:34:13,669 [Worker-27: Building] INFO  o.a.m.s.f.DefaultMavenResourcesFiltering - skip non existing resourceDirectory D:\Java_Project\Online_Expanse_Tracker\src\test\resources
2026-05-31 20:34:45,372 [Worker-25: Building] INFO  o.a.m.s.f.DefaultMavenResourcesFiltering - Copying 1 resource from src\main\resources to target\classes
2026-05-31 20:34:45,386 [Worker-25: Building] INFO  o.a.m.s.f.DefaultMavenResourcesFiltering - skip non existing resourceDirectory D:\Java_Project\Online_Expanse_Tracker\src\test\resources
2026-05-31 20:34:49,119 [Worker-25: Building] INFO  o.a.m.s.f.DefaultMavenResourcesFiltering - Copying 1 resource from src\main\resources to target\classes
2026-05-31 20:34:49,129 [Worker-25: Building] INFO  o.a.m.s.f.DefaultMavenResourcesFiltering - skip non existing resourceDirectory D:\Java_Project\Online_Expanse_Tracker\src\test\resources
2026-05-31 20:35:00,083 [Worker-28: Building] INFO  o.a.m.s.f.DefaultMavenResourcesFiltering - Copying 1 resource from src\main\resources to target\classes
2026-05-31 20:35:00,092 [Worker-28: Building] INFO  o.a.m.s.f.DefaultMavenResourcesFiltering - skip non existing resourceDirectory D:\Java_Project\Online_Expanse_Tracker\src\test\resources
2026-05-31 20:36:41,951 [Worker-27: Building] INFO  o.a.m.s.f.DefaultMavenResourcesFiltering - Copying 0 resource from src\main\resources to target\classes
2026-05-31 20:36:41,959 [Worker-27: Building] INFO  o.a.m.s.f.DefaultMavenResourcesFiltering - skip non existing resourceDirectory D:\Java_Project\Online_Expanse_Tracker\src\test\resources
2026-05-31 23:29:58,020 [Worker-7: Loading available Gradle versions] INFO  o.e.b.c.i.u.g.PublishedGradleVersions - Gradle version information cache is up-to-date. Trying to read.
2026-05-31 23:31:25,411 [Worker-7: Building] INFO  o.a.m.s.f.DefaultMavenResourcesFiltering - Copying 1 resource from src\main\resources to target\classes
2026-05-31 23:31:25,473 [Worker-7: Building] INFO  o.a.m.s.f.DefaultMavenResourcesFiltering - skip non existing resourceDirectory D:\Java_Project\Online_Expanse_Tracker\src\test\resources
2026-05-31 23:32:56,439 [Worker-8: Building] INFO  o.a.m.s.f.DefaultMavenResourcesFiltering - Copying 0 resource from src\main\resources to target\classes
2026-05-31 23:32:56,471 [Worker-8: Building] INFO  o.a.m.s.f.DefaultMavenResourcesFiltering - skip non existing resourceDirectory D:\Java_Project\Online_Expanse_Tracker\src\test\resources
2026-05-31 23:40:02,317 [Worker-24: Building] INFO  o.a.m.s.f.DefaultMavenResourcesFiltering - Copying 1 resource from src\main\resources to target\classes
2026-05-31 23:40:02,326 [Worker-24: Building] INFO  o.a.m.s.f.DefaultMavenResourcesFiltering - Copying 0 resource from src\test\resources to target\test-classes
2026-05-31 23:45:10,046 [Worker-27: Building] INFO  o.a.m.s.f.DefaultMavenResourcesFiltering - Copying 1 resource from src\main\resources to target\classes
2026-05-31 23:45:10,059 [Worker-27: Building] INFO  o.a.m.s.f.DefaultMavenResourcesFiltering - Copying 0 resource from src\test\resources to target\test-classes
2026-05-31 23:45:29,856 [Worker-26: Building] INFO  o.a.m.s.f.DefaultMavenResourcesFiltering - Copying 1 resource from src\main\resources to target\classes
2026-05-31 23:45:29,870 [Worker-26: Building] INFO  o.a.m.s.f.DefaultMavenResourcesFiltering - Copying 0 resource from src\test\resources to target\test-classes
